PRODUCT_CODE,ITEM,LENGTH,COLOR,TYPE,PRICE,STOCK,MPRICE,WPRICE,RPRICE
AARU,AARU,10,20,30,40,50,60,70,80
BARU,BARU,10,20,30,40,50,60,70,80
HARU,HARU,,1,,20,20,22,,
HELEN,,10,,2.08E+13,21,9,,,
HELEN,,F4-30,,2.08E+13,21,85,,,
HELEN,,P1B-BG,,2.08E+13,21,12,,,
HELEN,,P1B-BG,,2.08E+13,,,,,
HELEN,,T1B-30,,2.08E+13,,,,,
HELEN,,T1B-30,,2.08E+13,,,,,
HELEN,,T1B-30,,2.08E+13,,,,,
HELEN,,T1B-30,,2.08E+13,,,,,
HELEN,,T1B-30,,2.08E+13,,,,,
HELEN,,T1B-30,,2.08E+13,,,,,
HELEN,,T1B-30,,2.08E+13,,,,,
HELEN,,T1B-30,,2.08E+13,,,,,
HELEN,,T1B-30,,2.08E+13,,,,,
HELEN,1,T1B-30,21,2.08E+13,12,,,,
HELEN,001B,T1B-30,21,2.08E+13,9,1,,,
HELEN,2,T1B-30,21,2.08E+13,0,1,,,
HELEN,4,T1B-30,21,2.08E+13,0,1,,,
HELEN,34,T1B-30,21,2.08E+13,6,1,,,
HELEN,44,T1B-30,21,2.08E+13,8,1,,,
HELEN,51,T1B-30,21,2.08E+13,6,1,,,
HELEN,280,T1B-30,21,2.08E+13,5,1,,,
HELEN,F1B-27S,T1B-30,21,2.08E+13,14,1,,,
HELEN,F1B-30,T1B-30,21,2.08E+13,13,1,,,
HELEN,F1B-33,T1B-30,21,2.08E+13,13,1,,,
HELEN,F237,T1B-30,21,2.08E+13,8,1,,,
JANE H,JANE H,,1,Inch,34,34,0,,
JENIF H,,,,,,,,,
JULIE H,,,,,,,,,
JULIE H II,JULIE H II,10,1,Inch,51,51,8,,
KASSIA,KASSIA,,1,Inch,66,66,18,,
LACE-001,LACE-001,,1,Inch,350,350,6,,
LACE-002,LACE-002,,1,Inch,350,350,17,,
LACE-004,LACE-004,,1,Inch,150,150,2,,
LACE-006,LACE-006,,1,Inch,150,150,0,,
test111,test,,2,,100,100,,,
LACE-007,LACE-007,,1,Inch,190,190,9,,
LACE-008,LACE-008,,1,Inch,150,150,4,,
LACE-009,LACE-009,,1,Inch,150,150,4,,
LACE-010,LACE-010,,1,Inch,70,70,55,,
LACE-011,LACE-011,,1,Inch,80,80,1,,
LINSEY,LINSEY,,1,Inch,21,21,10,,
LISA,LISA,,1,Inch,35,35,1,,
MARU,MARU,,1,Inch,20,20,-1,,
shop_1,shop_ab,,4,Inch,100,80,,,
ESTHER11,ESTHER,,TT1B-BG,,100,54,,,
ESTHER1,ESTHER1,,TT1B-BG,,100,100,54,,
ESTHER120,ESTHER120,,F4-30,,100,100,80,,
ESTHER123,ESTHER123,,F4-30,,100,100,80,,
ESTHER115,ESTHER115,,TT1B-BG,,0,0,25,,
ESTHER118,ESTHER118,,F4-30,,0,0,80,,
STB18,,,,,,,,,
STW18 ,,,,Inch,,,,,
hh,,,,Inch,,,,,
STW16 ,,,,Inch,,,,,
STW14 ,,,,Inch,,,,,
STW12 ,,,,Inch,,,,,
STW10 ,STW,10,4,,35,23,17.5,17.5,52.5
STW10 ,STW,10,27,,49,28,24.5,24.5,73.5
STW10 ,STW,10,30,,35,6,17.5,17.5,52.5
STW10 ,STW,10,33,,35,20,17.5,17.5,52.5
STW10 ,STW,10,44,,39,6,19.5,19.5,58.5
STW10 ,STW,10,350,,49,20,24.5,24.5,73.5
STW10 ,STW,10,613,,75,8,37.5,37.5,112.5
STW10 ,STW,10,99J,,49,3,24.5,24.5,73.5
STW10 ,STW,10,BLUE,,75,60,37.5,37.5,112.5
STW10 ,STW,10,BURG,,49,2,24.5,24.5,73.5
STW10 ,STW,10,GREEN,,75,53,37.5,37.5,112.5
STW10 ,STW,10,ORANGE,,75,50,37.5,37.5,112.5
STW10 ,STW,10,P1B_30,,39,19,19.5,19.5,58.5
STW10 ,STW,10,P1B_350,,49,8,24.5,24.5,73.5
STW10 ,STW,10,P1B_99J,,49,11,24.5,24.5,73.5
STW10 ,STW,10,P1B_BG,,49,12,24.5,24.5,73.5
STW10 ,STW,10,P27_30,,49,12,24.5,24.5,73.5
STW10 ,STW,10,P27_33,,49,15,24.5,24.5,73.5
STW10 ,STW,10,P27_613,,105,16,52.5,52.5,157.5
STW10 ,STW,10,P4_27,,49,12,24.5,24.5,73.5
STW10 ,STW,10,P4_30,,39,35,19.5,19.5,58.5
STW10 ,STW,10,PINK,,75,48,37.5,37.5,112.5
STW10 ,STW,10,PURPLE,,75,48,37.5,37.5,112.5
STW10 ,STW,10,RED,,75,67,37.5,37.5,112.5
STW10 ,STW,12,1,,50,61,25,25,75
STW10 ,STW,12,27,,64,15,32,32,96
STW10 ,STW,12,30,,50,12,25,25,75
STW10 ,STW,12,33,,50,17,25,25,75
STW10 ,STW,12,350,,64,16,32,32,96
STW10 ,STW,12,613,,90,9,45,45,135
STW10 ,STW,12,001B,,50,26,25,25,75
STW10 ,STW,12,99J,,64,18,32,32,96
STW10 ,STW,12,BURG,,64,24,32,32,96
STW10 ,STW,12,P1B_30,,54,10,27,27,81
STW10 ,STW,12,P1B_33,,54,14,27,27,81
STW10 ,STW,12,P1B_350,,64,11,32,32,96
STW10 ,STW,12,P1B_99J,,64,17,32,32,96
STW10 ,STW,12,P1B_BG,,64,12,32,32,96
STW10 ,STW,12,P27_30,,64,14,32,32,96
STW10 ,STW,12,P27_33,,64,10,32,32,96
STW10 ,STW,12,P27_613,,120,33,60,60,180
STW10 ,STW,12,P4_27,,64,24,32,32,96
STW10 ,STW,12,P4_30,,54,12,27,27,81
STW10 ,STW,14,1,,64,121,32,32,96
STW10 ,STW,14,2,,64,5,32,32,96
STW10 ,STW,14,4,,64,5,32,32,96
STW10 ,STW,14,22,,104,143,52,52,156
STW10 ,STW,14,27,,78,12,39,39,117
STW10 ,STW,14,30,,64,13,32,32,96
STW10 ,STW,14,33,,64,2,32,32,96
STW10 ,STW,14,350,,78,18,39,39,117
STW10 ,STW,14,613,,104,20,52,52,156
STW10 ,STW,14,001B,,64,92,32,32,96
STW10 ,STW,14,99J,,78,4,39,39,117
STW10 ,STW,14,P18_22,,104,72,52,52,156
STW10 ,STW,14,P18_613,,104,17,52,52,156
STW10 ,STW,14,P1B_30,,68,7,34,34,102
STW10 ,STW,14,P1B_33,,68,2,34,34,102
STW10 ,STW,14,P1B_BG,,78,2,39,39,117
STW10 ,STW,14,P24_613,,104,80,52,52,156
STW10 ,STW,14,P27_24,,104,135,52,52,156
STW10 ,STW,14,P27_33,,78,2,39,39,117
STW10 ,STW,14,P27_613,,134,107,67,67,201
STW10 ,STW,14,P4_613,,104,153,52,52,156
STW10 ,STW,14,P6_24,,104,30,52,52,156
STW10 ,STW,14,P6_27,,78,96,39,39,117
STW10 ,STW,14,P6_613,,104,57,52,52,156
STW10 ,STW,16,1,,74,26,37,37,111
STW10 ,STW,16,2,,74,77,37,37,111
STW10 ,STW,16,4,,74,8,37,37,111
STW10 ,STW,16,22,,124,20,62,62,186
STW10 ,STW,16,350,,98,30,49,49,147
STW10 ,STW,16,001B,,74,20,37,37,111
STW10 ,STW,16,P1B_30,,78,16,39,39,117
STW10 ,STW,16,P1B_33,,78,17,39,39,117
STW10 ,STW,16,P1B_BG,,98,16,49,49,147
STW10 ,STW,16,P27_24,,124,6,62,62,186
STW10 ,STW,16,P27_30,,98,2,49,49,147
STW10 ,STW,16,P27_33,,98,4,49,49,147
STW10 ,STW,16,P4_30,,78,3,39,39,117
STW10 ,STW,16,P4_613,,124,68,62,62,186
STW10 ,STW,18,4,,88,2,44,44,132
STW10 ,STW,18,30,,88,10,44,44,132
STW10 ,STW,18,350,,112,15,56,56,168
STW10 ,STW,18,P18_22,,138,5,69,69,207
STW10 ,STW,18,P1B_30,,92,18,46,46,138
STW10 ,STW,18,P1B_33,,92,12,46,46,138
STW10 ,STW,18,P1B_BG,,112,4,56,56,168
STW10 ,STW,18,P27_24,,138,7,69,69,207
STW10 ,STW,18,P27_33,,112,6,56,56,168
STW10 ,STW,18,P6_27,,112,4,56,56,168
STW10 ,STW,28A,1,,200,36,100,100,300
NSW18 ,,,,Inch,,,,,
STUNNING LADY ,,,,Inch,,,,,
GRACEFUL LADY ,,,,Inch,,,,,
INTELLI LADY ,,,,Inch,,,,,
ELEGANT LADY ,,,,Inch,,,,,
S YK18 ,,,,Inch,,,,,
S YK12 ,,,,Inch,,,,,
NEW D WAVE,,,,Inch,,,,,
DISCO L,,,,Inch,,,,,
CRIMP ,,,,Inch,,,,,
BODY WAV ,,,,Inch,,,,,
WB18 ,WB18,,P4_30,Inch,113.7,113.7,10,,
WB18 , WB18,,1,Inch,107.7,107.7,26,,
WB18 , WB18,,001B,Inch,107.7,107.7,37,,
WB18 , WB18,,2,Inch,107.7,107.7,25,,
WB18 , WB18,,4,Inch,107.7,107.7,7,,
WB18 , WB18,,27,Inch,107.7,107.7,0,,
WB18 , WB18,,30,Inch,107.7,107.7,23,,
WB18 , WB18,,33,Inch,107.7,107.7,9,,
WB18 , WB18,,P1B_27,Inch,113.7,113.7,27,,
WB18 , WB18,,P1B_30,Inch,113.7,113.7,36,,
WB18 , WB18,,P1B_33,Inch,113.7,113.7,4,,
WB18 , WB18,,P1B_350,Inch,113.7,113.7,22,,
WB18 , WB18,,P1B_99J,Inch,113.7,113.7,10,,
WB18 , WB18,,P1B_BG,Inch,113.7,113.7,9,,
WB18 , WB18,,P27_613,Inch,119.7,119.7,12,,
WB18 , WB18,,P30_144,Inch,119.7,119.7,18,,
WB18 , WB18,,P4_27,Inch,113.7,113.7,23,,
WB18 , WB18,,P4_30,Inch,113.7,113.7,10,,
BNH BW26,,,,Inch,,,,,
BNH BW24 ,,,,Inch,,,,,
BNH BW20 ,,,,Inch,,,,,
BNH BW18,,,,Inch,,,,,
BNH BW16,,,,Inch,,,,,
BNH BW14 ,,,,Inch,,,,,
BNH BW12,,,,Inch,,,,,
BNHH26,,,,Inch,,,,,
BNHH24,,,,Inch,,,,,
BNHH20 ,,,,Inch,,,,,
BNHH18 ,,,,Inch,,,,,
TAYLOR,TAYLOR,,F1B_30,Inch,,,,,
VANESSA,VANESSA,,2,Inch,,,,,
SYDNEY,1,,,Inch,,,,,
SYDNEY,F4_30,,,Inch,,,,,
SYDNEY,F1B_30,,,Inch,,,,,
SYDNEY,DYF99J_530A,,,Inch,,,,,
SYDNEY,DYF5_33_130,,,Inch,,,,,
SYDNEY,DYF2315,,,Inch,,,,,
SYDNEY,001B,,,Inch,,,,,
SYDNEY,2,,,Inch,,,,,
LACE-003,SOFIA,,1,Inch,,,,,
LACE-003,SOFIA,,F4_30,Inch,,,,,
LACE-003,SOFIA,,F1B_30,Inch,,,,,
LACE-003,SOFIA,,DYA99C_35B,Inch,,,,,
LACE-003,SOFIA,,DYA99C_27E,Inch,,,,,
LACE-003,SOFIA,,DYA530A_350E,Inch,,,,,
LACE-003,SOFIA,,001B,Inch,,,,,
LACE-003,SOFIA,,2,Inch,,,,,
SARAH,SARAH,,2,Inch,,,,,
OLIVIA,OLIVIA,,2,Inch,,,,,
SK BRD ,WB18,,1,Inch,107.7,26,,,
SK BRD ,WB18,,001B,Inch,107.7,37,,,
SK BRD ,WB18,,2,Inch,107.7,25,,,
SK BRD ,WB18,,4,Inch,107.7,7,,,
SK BRD ,WB18,,27,Inch,107.7,0,,,
SK BRD ,WB18,,30,Inch,107.7,23,,,
SK BRD ,WB18,,33,Inch,107.7,9,,,
SK BRD ,WB18,,P1B_27,Inch,113.7,27,,,
SK BRD ,WB18,,P1B_30,Inch,113.7,36,,,
SK BRD ,WB18,,P1B_33,Inch,113.7,4,,,
SK BRD ,WB18,,P1B_350,Inch,113.7,22,,,
SK BRD ,WB18,,P1B_99J,Inch,113.7,10,,,
SK BRD ,WB18,,P1B_BG,Inch,113.7,9,,,
SK BRD ,WB18,,P27_613,Inch,119.7,12,,,
SK BRD ,WB18,,P30_144,Inch,119.7,18,,,
SK BRD ,WB18,,P4_27,Inch,113.7,23,,,
SK BRD ,WB18,,P4_30,Inch,113.7,10,,,
REMYBW16 ,BW16 ,,1,Inch,,,,,
REMYBW16 ,BW16 ,,P6_613 ,Inch,,,,,
REMYBW16 ,BW16 ,,1P4_30 ,Inch,,,,,
REMYBW16 ,BW16 ,,P27_613 ,Inch,,,,,
REMYBW16 ,BW16 ,,P1B_30 ,Inch,,,,,
REMYBW16 ,BW16 ,,33,Inch,,,,,
REMYBW16 ,BW16 ,,27,Inch,,,,,
REMYBW16 ,BW16 ,,4,Inch,,,,,
REMYBW16 ,BW16 ,,001B ,Inch,,,,,
MIA,MIA,,2,Inch,,,,,
Y BRD,,,,Inch,,,,,
remybw12 ,REMY BW12 ,,001B,Inch,,,,,
remybw12 ,REMY BW12 ,,P1B_30 ,Inch,,,,,
remybw12 ,REMY BW12 ,,27,Inch,,,,,
remybw12 ,REMY BW12 ,,30,Inch,,,,,
remybw12 ,REMY BW12 ,,4,Inch,,,,,
remybw12 ,REMY BW12 ,,2,Inch,,,,,
remybw12 ,REMY BW12 ,,33,Inch,,,,,
remybw12 ,REMY BW12 ,,1P4_30,Inch,,,,,
NY BRD,,,,Inch,,,,,
WW BRD ,,,,Inch,,,,,
YK PONY ,,,,Inch,,,,,
LACE-012,,,,Inch,,,,,
KY BRD ,,,,Inch,,,,,
MARY,MARY,,2,Inch,,,,,
LESLIE, LESLIE,,1,Inch,,,,,
LESLIE, LESLIE,,LXMD8A_340A_26A,Inch,,,,,
LESLIE, LESLIE,,LXMD33_30_27,Inch,,,,,
LESLIE, LESLIE,,F4_30,Inch,,,,,
LESLIE, LESLIE,,F1B_30,Inch,,,,,
LESLIE, LESLIE,,DML4_33_130B,Inch,,,,,
LESLIE, LESLIE,,001B,Inch,,,,,
LESLIE, LESLIE,,2,Inch,,,,,
REMY BW12 ,REMY BW12 ,,001B,Inch,,,,,
REMY BW12 , REMY BW12 ,,P1B_30 ,Inch,,,,,
REMY BW12 , REMY BW12 ,,27,Inch,,,,,
REMY BW12 , REMY BW12 ,,30,Inch,,,,,
REMY BW12 , REMY BW12 ,,4,Inch,,,,,
REMY BW12 , REMY BW12 ,,2,Inch,,,,,
REMY BW12 , REMY BW12 ,,33,Inch,,,,,
REMY BW12 , REMY BW12 ,,1P4_30,Inch,,,,,
REMY BW12 , REMY BW12,,30,Inch,,,,,
NSB24, NSB24,,1,Inch,158.1,86,,,
NSB24, NSB24,,001B,Inch,158.1,62,,,
NSB24, NSB24,,2,Inch,158.1,54,,,
NSB24, NSB24,,4,Inch,158.1,82,,,
NSB24, NSB24,,27,Inch,158.1,12,,,
NSB24, NSB24,,30,Inch,158.1,44,,,
NSB24, NSB24,,33,Inch,158.1,31,,,
ISABELLA,ISABELLA,,2,Inch,,,,,
REMY LW16 ,,,,Inch,,,,,
NSB22,NSB22,,TT1B_350,Inch,140.7,140.7,0,,
REMY LW12 , LW12 ,,1,Inch,,,,,
REMY LW12 , LW12 ,,P4_30,Inch,,,,,
REMY LW12 , LW12 ,,P4_27,Inch,,,,,
REMY LW12 , LW12 ,,P6_613,Inch,,,,,
REMY LW12 , LW12 ,,P27_613,Inch,,,,,
REMY LW12 , LW12 ,,P1B_30,Inch,,,,,
REMY LW12 , LW12 ,,4,Inch,,,,,
REMY LW12 , LW12 ,,30,Inch,,,,,
REMY LW12 , LW12 ,,33,Inch,,,,,
REMY LW12 , LW12 ,,27,Inch,,,,,
REMY LW12 , LW12 ,,2,Inch,,,,,
EMILY,EMILY,,,Inch,,,,,
REMY YK16 ,,,,Inch,,,,,
REMY LW18 ,,,001B,Inch,,,,,
REMY LW18 ,,,P4_30 ,Inch,,,,,
REMY LW18 ,,,P1B_33 ,Inch,,,,,
REMY LW18 ,,,P1B_30,Inch,,,,,
ELLEN, ELLEN,,1,Inch,,,,,
ELLEN, ELLEN,,LYTT6_27E,Inch,,,,,
ELLEN, ELLEN,,LYTT2_340A,Inch,,,,,
ELLEN, ELLEN,,LYTT1B_RWINE,Inch,,,,,
ELLEN, ELLEN,,F4_30,Inch,,,,,
ELLEN, ELLEN,,F1B_30,Inch,,,,,
ELLEN, ELLEN,,001B,Inch,,,,,
ELLEN, ELLEN,,2,Inch,,,,,
REMY LW14 ,,,1,Inch,,,,,
REMY LW14 ,,,P1B_33,Inch,,,,,
REMY LW14 ,,,P4_27,Inch,,,,,
REMY LW14 ,,,P27_613,Inch,,,,,
REMY LW14 ,,,P4_30,Inch,,,,,
REMY LW14 ,,,P27_613,Inch,,,,,
REMY LW14 ,,,P6_613,Inch,,,,,
REMY LW14 ,,,P1B_30,Inch,,,,,
REMY LW14 ,,,4,Inch,,,,,
REMY LW14 ,,,30,Inch,,,,,
REMY LW14 ,,,33,Inch,,,,,
REMY LW14 ,,,27,Inch,,,,,
REMY LW14 ,,,2,Inch,,,,,
CHLOE, CHLOE,,1,Inch,,,,,
CHLOE, CHLOE,,LYTT6_27E,Inch,,,,,
CHLOE, CHLOE,,LYTT2_340A,Inch,,,,,
CHLOE, CHLOE,,LYTT1B_RWINE,Inch,,,,,
CHLOE, CHLOE,,F4_30,Inch,,,,,
CHLOE, CHLOE,,F1B_30,Inch,,,,,
CHLOE, CHLOE,,001B,Inch,,,,,
CHLOE, CHLOE,,2,Inch,,,,,
REMY YK18 ,YK18 ,,1,Inch,,,,,
REMY YK18 ,YK18 ,,P1B_30,Inch,,,,,
REMY YK18 ,YK18 ,,P4_30,Inch,,,,,
REMY YK18 ,YK18 ,,P1B_33,Inch,,,,,
CHERI,CHERI,,001B,Inch,,,,,
NSB20,NSB20,,TT1B_BG,Inch,112.8,112.8,60,,
REMY YK14 ,,,,Inch,,,,,
REMY YK12 ,YK12,,1,Inch,,,,,
REMY YK12 ,YK12,,P6_613,Inch,,,,,
REMY YK12 ,YK12,,P27_613,Inch,,,,,
REMY YK12 ,YK12,,1P4_30,Inch,,,,,
REMY YK12 ,YK12,,P1B_30,Inch,,,,,
REMY YK12 ,YK12,,2,Inch,,,,,
REMY YK12 ,YK12,,27,Inch,,,,,
REMY YK12 ,YK12,,33,Inch,,,,,
REMY YK12 ,YK12,,30,Inch,,,,,
REMY YK12 ,YK12,,2,Inch,,,,,
CAROL,CAROL,,2,Inch,,,,,
ANNA,ANNA,,2,Inch,,,,,
NSB18,NSB18,,TT1B_BG ,Inch,88.8,88.8,31,,
REMY FORTE SW16,,,1,Inch,0,,,,
REMY FORTE SW16,,,001B,Inch,0,,,,
REMY FORTE SW16,,,2,Inch,0,,,,
REMY FORTE SW16,,,4,Inch,0,,,,
REMY FORTE SW16,,,P1B_30,Inch,0,,,,
REMY FORTE SW16,,,P1B_33,Inch,0,,,,
REMY FORTE SW16,,,P27_30,Inch,0,,,,
REMY FORTE SW14,,,1,Inch,0,,,,
REMY FORTE SW14,,,001B,Inch,0,,,,
REMY FORTE SW14,,,2,Inch,0,,,,
REMY FORTE SW14,,,4,Inch,0,,,,
REMY FORTE SW14,,,P1B_30,Inch,0,,,,
REMY FORTE SW14,,,P1B_33,Inch,0,,,,
REMY FORTE SW14,,,P27_30,Inch,0,,,,
REMY FORTE SW14,,,P4_27 ,Inch,0,,,,
REMY ,,,1,Inch,,,,,
REMY ,,,P27_613,Inch,,,,,
REMY ,,,P4_30,Inch,,,,,
REMY ,,,P6_613,Inch,,,,,
REMY ,,,P4_27,Inch,,,,,
REMY ,,,P1B_33,Inch,,,,,
REMY ,,,2,Inch,,,,,
REMY ,,,27,Inch,,,,,
REMY ,,,33,Inch,,,,,
REMY ,,,P1B_30,Inch,,,,,
KATE, KATE,,4,Inch,,,,,
KATE, KATE,,DFHT33_26B,Inch,,,,,
KATE, KATE,,613,Inch,,,,,
KATE, KATE,,99C,Inch,,,,,
KATE, KATE,,DFHT26C_86A,Inch,,,,,
REMY FORTE SW12 ,SW12,,1,Inch,0,,,,
REMY FORTE SW12 ,SW12,,2,Inch,0,,,,
REMY FORTE SW12 ,SW12,,4,Inch,0,,,,
REMY FORTE SW12 ,SW12,,P1B_33,Inch,0,,,,
REMY FORTE SW12 ,SW12,,P27_30,Inch,0,,,,
REMY FORTE SW12 ,SW12,,P4_27 ,Inch,0,,,,
REMY FORTE SW12 ,SW12,,P4_30 ,Inch,0,,,,
REMY STW22 ,STW22,,2,Inch,,,,,
REMY STW22 ,STW22,,33,Inch,,,,,
REMY STW22 ,STW22,,4,Inch,,,,,
"	NSB16 ",NSB16,,1,Inch,74.25,18,,,
"	NSB16 ",NSB16,,001B,Inch,74.25,77,,,
"	NSB16 ",NSB16,,2,Inch,74.25,44,,,
"	NSB16 ",NSB16,,4,Inch,74.25,5,,,
"	NSB16 ",NSB16,,27,Inch,74.25,25,,,
"	NSB16 ",NSB16,,30,Inch,74.25,25,,,
"	NSB16 ",NSB16,,33,Inch,74.25,32,,,
"	NSB16 ",NSB16,,280,Inch,80.25,55,,,
"	NSB16 ",NSB16,,350,Inch,80.25,1,,,
"	NSB16 ",NSB16,,613,Inch,86.25,56,,,
"	NSB16 ",NSB16,,99J,Inch,80.25,23,,,
"	NSB16 ",NSB16,,BURG,Inch,80.25,15,,,
"	NSB16 ",NSB16,,P1B_130,Inch,80.25,8,,,
"	NSB16 ",NSB16,,P1B_27,Inch,80.25,123,,,
"	NSB16 ",NSB16,,P1B_30,Inch,80.25,90,,,
"	NSB16 ",NSB16,,P1B_33,Inch,80.25,62,,,
"	NSB16 ",NSB16,,P1B_350,Inch,80.25,32,,,
"	NSB16 ",NSB16,,P1B_99J,Inch,80.25,30,,,
"	NSB16 ",NSB16,,P1B_BG,Inch,80.25,15,,,
"	NSB16 ",NSB16,,P27_613,Inch,86.25,101,,,
"	NSB16 ",NSB16,,P4_27,Inch,80.25,21,,,
"	NSB16 ",NSB16,,P4_30,Inch,80.25,29,,,
"	NSB16 ",NSB16,,RED,Inch,80.25,29,,,
"	NSB16 ",NSB16,,TT1B_27,Inch,80.25,45,,,
"	NSB16 ",NSB16,,TT1B_30,Inch,80.25,24,,,
"	NSB16 ",NSB16,,TT1B_33,Inch,80.25,39,,,
"	NSB16 ",NSB16,,TT1B_350,Inch,80.25,68,,,
"	NSB16 ",NSB16,,TT1B_BG,Inch,80.25,95,,,
NSB14,NSB14,,P1B_30,Inch,71.7,71.7,67,,
NYMPH,NYMPH,,PI30D_26B,Inch,,,,,
NDB18 ,NDB18,,TT1B_613,Inch,119.7,119.7,0,,
REMY FORTE SC16 , SC16,,1,Inch,0,,,,
REMY FORTE SC16 , SC16,,001B,Inch,0,,,,
REMY FORTE SC16 , SC16,,2,Inch,0,,,,
REMY FORTE SC16 , SC16,,4,Inch,0,,,,
REMY FORTE SC16 , SC16,,P1B_30,Inch,0,,,,
REMY FORTE SC16 , SC16,,P1B_33,Inch,0,,,,
REMY FORTE SC16 , SC16,,P27_30,Inch,0,,,,
REMY FORTE SC16 , SC16,,P4_27 ,Inch,0,,,,
REMY FORTE SC16 , SC16,,P4_30 ,Inch,0,,,,
PREMA YK18 ,,,1,Inch,0,,,,
PREMA YK18 ,,,001B,Inch,0,,,,
PREMA YK18 ,,,2,Inch,0,,,,
PREMA YK18 ,,,4,Inch,0,,,,
JOLLY,JOLLY,,4,Inch,,,,,
PREMA YK14 ,,,1,Inch,,,,,
PREMA YK14 ,,,P4_27,Inch,,,,,
PREMA YK14 ,,,P1B_33,Inch,,,,,
PREMA YK14 ,,,1,Inch,,,,,
PREMA YK14 ,,,001B,Inch,,,,,
PREMA YK14 ,,,2,Inch,,,,,
PREMA YK14 ,,,27,Inch,,,,,
PREMA YK14 ,,,33,Inch,,,,,
PREMA YK14 ,,,30,Inch,,,,,
PREMA YK14 ,,,P1B_30,Inch,,,,,
PREMA YK14 ,,,P27_613,Inch,,,,,
REMY FORTE SC14 ,SC14,,1,Inch,0,,,,
REMY FORTE SC14 ,SC14,,4,Inch,0,,,,
REMY FORTE SC14 ,SC14,,P1B_30,Inch,0,,,,
REMY FORTE SC14 ,SC14,,P1B_33,Inch,0,,,,
REMY FORTE SC14 ,SC14,,P27_30,Inch,0,,,,
REMY FORTE SC14 ,SC14,,P4_27 ,Inch,0,,,,
REMY FORTE SC14 ,SC14,,P4_30,Inch,0,,,,
FOX, FOX,,1,Inch,,,,,
FOX, FOX,,DYL8A_27E,Inch,,,,,
FOX, FOX,,DYL530A_1120,Inch,,,,,
FOX, FOX,,2,Inch,,,,,
FOX, FOX,,4,Inch,,,,,
FOX, FOX,,001B,Inch,,,,,
FOX, FOX,,DYL118A_JACINTH,Inch,,,,,
REMY FORTE SC12 ,SC12,,1,Inch,0,,,,
REMY FORTE SC12 ,SC12,,4,Inch,0,,,,
REMY FORTE SC12 ,SC12,,P1B_30,Inch,0,,,,
REMY FORTE SC12 ,SC12,,P1B_33,Inch,0,,,,
REMY FORTE SC12 ,SC12,,P27_30,Inch,0,,,,
PREMA YK12 ,YK10 ,,1,Inch,,,,,
PREMA YK12 ,YK10 ,,P1B_33,Inch,,,,,
PREMA YK12 ,YK10 ,,001B,Inch,,,,,
PREMA YK12 ,YK10 ,,2,Inch,,,,,
PREMA YK12 ,YK10 ,,27,Inch,,,,,
PREMA YK12 ,YK10 ,,4,Inch,,,,,
PREMA YK12 ,YK10 ,,33,Inch,,,,,
PREMA YK12 ,YK10 ,,30,Inch,,,,,
PREMA YK12 ,YK10 ,,P1B_30,Inch,,,,,
PREMA YK12 ,YK10 ,,P27_613,Inch,,,,,
PREMA YK12 ,YK10 ,,P4_30,Inch,,,,,
PREMA YK12 ,YK10 ,,P4_27,Inch,,,,,
PREMA YK12 ,YK10 ,,P6_613,Inch,,,,,
REMY FORTE LW16, LW16,,1,Inch,0,,,,
REMY FORTE LW16, LW16,,4,Inch,0,,,,
REMY FORTE LW16, LW16,,P1B_30,Inch,0,,,,
REMY FORTE LW16, LW16,,P1B_33,Inch,0,,,,
REMY FORTE LW16, LW16,,P27_30,Inch,0,,,,
REMY FORTE LW16, LW16,,P4_30 ,Inch,0,,,,
REMY FORTE LW14,LW14,,1,Inch,0,,,,
REMY FORTE LW14,LW14,,001B,Inch,0,,,,
REMY FORTE LW14,LW14,,2,Inch,0,,,,
REMY FORTE LW14,LW14,,4,Inch,0,,,,
REMY FORTE LW14,LW14,,P1B_30,Inch,0,,,,
REMY FORTE LW14,LW14,,P1B_33,Inch,0,,,,
REMY FORTE LW14,LW14,,P4_27 ,Inch,0,,,,
REMY FORTE LW14,LW14,,P4_30,Inch,0,,,,
REMY FORTE LW12 ,,,1,Inch,,,,,
REMY FORTE LW12 ,,,2,Inch,,,,,
REMY FORTE LW12 ,,,4,Inch,,,,,
REMY FORTE LW12 ,,,P1B_30,Inch,,,,,
REMY FORTE LW12 ,,,P1B_33,Inch,,,,,
REMY FORTE LW12 ,,,P4_30,Inch,,,,,
REMY FORTE LW12 ,,,P4_30 ,Inch,,,,,
REMY FORTE24,FORTE24,,1,Inch,0,,,,
REMY FORTE24,FORTE24,,001B ,Inch,0,,,,
REMY FORTE24,FORTE24,,2,Inch,0,,,,
REMY FORTE24,FORTE24,,4,Inch,0,,,,
REMY FORTE24,FORTE24,,27,Inch,0,,,,
REMY FORTE24,FORTE24,,33,Inch,0,,,,
REMY FORTE22 ,FORTE22 ,,1,Inch,,,,,
REMY FORTE22 ,FORTE22 ,,001B ,Inch,,,,,
REMY FORTE22 ,FORTE22 ,,2,Inch,,,,,
REMY FORTE22 ,FORTE22 ,,4,Inch,,,,,
REMY FORTE22 ,FORTE22 ,,27,Inch,,,,,
REMY FORTE22 ,FORTE22 ,,30,Inch,,,,,
REMY FORTE22 ,FORTE22 ,,33,Inch,,,,,
REMY FORTE20,FORTE20,,1,Inch,0,,,,
REMY FORTE20,FORTE20,,001B,Inch,0,,,,
REMY FORTE20,FORTE20,,2,Inch,0,,,,
REMY FORTE20,FORTE20,,4,Inch,0,,,,
REMY FORTE20,FORTE20,,27,Inch,0,,,,
REMY FORTE20,FORTE20,,30,Inch,0,,,,
REMY FORTE20,FORTE20,,33,Inch,0,,,,
EMMA, EMMA,,1,Inch,,,,,
EMMA, EMMA,,ZYF8A_35B_130E,Inch,,,,,
EMMA, EMMA,,ZYF8A_30_27,Inch,,,,,
EMMA, EMMA,,ZYF8_27_24D,Inch,,,,,
EMMA, EMMA,,F4_30,Inch,,,,,
EMMA, EMMA,,2,Inch,,,,,
EMMA, EMMA,,001B,Inch,,,,,
EMMA, EMMA,,F1B_30,Inch,,,,,
REMY FORTE18, FORTE18,,1,Inch,0,,,,
REMY FORTE18, FORTE18,,001B,Inch,0,,,,
REMY FORTE18, FORTE18,,2,Inch,0,,,,
REMY FORTE18, FORTE18,,4,Inch,0,,,,
REMY FORTE18, FORTE18,,33,Inch,0,,,,
REMY FORTE18, FORTE18,,P1B_30,Inch,0,,,,
REMY FORTE18, FORTE18,,P1B_33,Inch,0,,,,
TRACY,TRACY,,001B,Inch,,,,,
REMY FORTE16, FORTE16,,1,Inch,0,,,,
REMY FORTE16, FORTE16,,2,Inch,0,,,,
REMY FORTE16, FORTE16,,4,Inch,0,,,,
REMY FORTE16, FORTE16,,27,Inch,0,,,,
REMY FORTE16, FORTE16,,30,Inch,0,,,,
REMY FORTE16, FORTE16,,33,Inch,0,,,,
REMY FORTE16, FORTE16,,99J ,Inch,0,,,,
REMY FORTE16, FORTE16,,P1B_30,Inch,0,,,,
REMY FORTE16, FORTE16,,P1B_33,Inch,0,,,,
REMY FORTE16, FORTE16,,P27_30,Inch,0,,,,
REMY FORTE16, FORTE16,,P4_30,Inch,0,,,,
DARCI, DARCI,,4,Inch,,,,,
DARCI, DARCI,,2,Inch,,,,,
DARCI, DARCI,,F1B_33,Inch,,,,,
DARCI, DARCI,,F237,Inch,,,,,
DARCI, DARCI,,F4_27,Inch,,,,,
DARCI, DARCI,,F4_30,Inch,,,,,
ABBY,ABBY,,4,Inch,,,,,
REMY FORTE14 ,FORTE14,,1,Inch,0,,,,
REMY FORTE14 ,FORTE14,,001B,Inch,0,,,,
REMY FORTE14 ,FORTE14,,2,Inch,0,,,,
REMY FORTE14 ,FORTE14,,4,Inch,0,,,,
REMY FORTE14 ,FORTE14,,27,Inch,0,,,,
REMY FORTE14 ,FORTE14,,30,Inch,0,,,,
REMY FORTE14 ,FORTE14,,33,Inch,0,,,,
REMY FORTE14 ,FORTE14,,"99J 	",Inch,0,,,,
REMY FORTE14 ,FORTE14,,P1B_33 ,Inch,0,,,,
REMY FORTE14 ,FORTE14,,P27_30,Inch,0,,,,
REMY FORTE14 ,FORTE14,,P4_27 ,Inch,0,,,,
REMY FORTE14 ,FORTE14,,P4_30,Inch,0,,,,
MOLLY,MOLLY,,,Inch,1,1,,,
"HEAD (L) 18""-2 ",,,,Inch,,,,,
Remy Forte REMY FORTE12,FORTE12,,1,Inch,0,,,,
Remy Forte REMY FORTE12,FORTE12,,2,Inch,0,,,,
Remy Forte REMY FORTE12,FORTE12,,4,Inch,0,,,,
Remy Forte REMY FORTE12,FORTE12,,27,Inch,0,,,,
Remy Forte REMY FORTE12,FORTE12,,30,Inch,0,,,,
Remy Forte REMY FORTE12,FORTE12,,33,Inch,0,,,,
Remy Forte REMY FORTE12,FORTE12,,99J ,Inch,0,,,,
Remy Forte REMY FORTE12,FORTE12,,P1B_33 ,Inch,0,,,,
Remy Forte REMY FORTE12,FORTE12,,P4_27,Inch,0,,,,
SIENNA,SIENNA,,F2_27,Inch,,,,,
LACE GLUE,,,,Inch,,,,,
MIMI,,,,,,,,,
"HEAD (L) 18""-1",,,,Inch,,,,,
BOA,BOA,,F237,Inch,,,,,
LACE REMOVER ,,,,Inch,,,,,
LACE GLUE 1OZ,,,,Inch,,,,,
BROOKE,BROOKE,,,Inch,,,DYS27_30_33,,
REMY FORTE10 ,,,2,Inch,,,,,
REMY FORTE10 ,,,4,Inch,,,,,
REMY FORTE10 ,,,27,Inch,,,,,
REMY FORTE10 ,,,30,Inch,,,,,
REMY FORTE10 ,,,99J,Inch,,,,,
REMY FORTE10 ,,,P1B_30,Inch,,,,,
REMY FORTE10 ,,,P1B_33,Inch,,,,,
REMY FORTE10 ,,,P4_27,Inch,,,,,
EVE,EVE,,F1B_30,Inch,,,,,
VIVIAN,VIVIAN,,,Inch,,,L209H_216H,,
BOBBY, BOBBY,,F1B_33,Inch,,,,,
PEGGY,PEGGY,,,Inch,,,1,,
YN AFRO,AFRO,0.3,1,Inch,30,0,,,
YN AFRO,AFRO,0.3, 001B ,Inch,30,20,,,
YN AFRO,AFRO,0.3,2,Inch,30,32,,,
YN AFRO,AFRO,0.3,4,Inch,30,29,,,
YN AFRO,AFRO,0.3,RED ,Inch,30,0,,,
MEGAN,,,,Inch,,,,,
TERESA,,,,Inch,,,,,
NATALI,NATALI,,001B,Inch,30,30,0,,
ROSA ,,,,Inch,,,,,
HANNAH,HANNAH,,,Inch,,,1,,
GINA,,,,Inch,,,,,
ANDREA,ANDREA,,,Inch,,,DYS27_30_33,,
COURTNEY ,,,,Inch,,,,,
SAPHIRE,,,,Inch,,,,,
JUNE,JUNE,,001B,Inch,30,30,0,,
NINA,NINA,,,Inch,,,F1B_30,,
SCARLET,,,,Inch,,,,,
REBECCA,,,,Inch,,,,,
RUBY,,,,Inch,,,,,
KAYLA,,,,Inch,,,,,
PAYTON,PAYTON,,DLH1B_2763,Inch,,,,,
WG-006,WG-006,,P4_30,Inch,0,0,,,
WG-005,WG-005,,PH4_30_27,Inch,,,,,
2N1 S (H),Draw String 2N1 S (H),,P1B_BG  ,Inch,33,69,,,
2N1 S (H),Draw String 2N1 S (H),,P1B_99J  ,Inch,33,62,,,
2N1 S (H),Draw String 2N1 S (H),,P1B_350  ,Inch,33,138,,,
2N1 S (H),Draw String 2N1 S (H),,P1B_33  ,Inch,33,136,,,
2N1 S (H),Draw String 2N1 S (H),,P1B_30  ,Inch,33,148,,,
2N1 S (H),Draw String 2N1 S (H),,P1B_27  ,Inch,33,140,,,
2N1 S (H),Draw String 2N1 S (H),,4,Inch,33,48,,,
2N1 S (H),Draw String 2N1 S (H),,2,Inch,33,36,,,
2N1 S (H),Draw String 2N1 S (H),,1,Inch,33,253,,,
2N1 S (H),Draw String 2N1 S (H),,001B  ,Inch,33,253,,,
JADA,JADA,,TT1B_350,Inch,,,,,
YUNA,YUNA,,P1B_33,Inch,111,111,,,
BNH BW22 ,,,,Inch,,,,,
WG-004,WG-004,,PH4_30_27,Inch,60,60,1,,
TARA T,TARA ,,4,Inch,,,,,
TARA T,TARA ,,1,Inch,,,,,
TARA T,TARA ,,001B,Inch,,,,,
TARA T,TARA ,,2,Inch,,,,,
SORA T,SORA -t,,P27_613,Inch,,,,,
SORA T,SORA -t,,P30_144,Inch,,,,,
SORA T,SORA -t,,TT1B_BG,Inch,,,,,
SORA T,SORA -t,,TT1B_BG,Inch,,,,,
WG-003,WG-003,,P4_30,Inch,60,60,0,,
MINK T,MINK ,,F1B_99J,Inch,,,,,
MINK T,MINK ,,F1B_350,Inch,,,,,
MINK T,MINK ,,F1B_33,Inch,,,,,
MINK T,MINK ,,F1B_27,Inch,,,,,
MINK T,MINK ,,1,Inch,,,,,
MINK T,MINK ,,PINK,Inch,,,,,
BNHH22,,,,Inch,,,,,
JOHNSON,JOHNSON,,F1B_350,Inch,,,,,
BNHH16,,,,Inch,,,,,
BNHH14,,,,Inch,,,,,
BNHH12 ,,,,Inch,,,,,
2N1 S,2N1 ,,51,Inch,,,,,
2N1 S,2N1 ,,280,Inch,,,,,
2N1 S,2N1 ,,56,Inch,,,,,
2N1 S,2N1 ,,50,Inch,,,,,
2N1 S,2N1 ,,34,Inch,,,,,
2N1 S,2N1 ,,2F350,Inch,,,,,
2N1 L, 2N1 L,,F4_30,Inch,,,,,
2N1 L, 2N1 L,,P27_613,Inch,,,,,
2N1 L, 2N1 L,,34,Inch,,,,,
2N1 L, 2N1 L,,4,Inch,,,,,
2N1 L, 2N1 L,,1,Inch,,,,,
2N1 L, 2N1 L,,TT1B_BG,Inch,,,,,
WG-001,WG-001,,PH4_30_27,Inch,60,60,25,,
2N1,2N1 ,,51,Inch,,,,,
2N1, 2N1 ,,280,Inch,,,,,
2N1, 2N1 ,,56,Inch,,,,,
2N1, 2N1 ,,50,Inch,,,,,
2N1, 2N1 ,,34,Inch,,,,,
2N1, 2N1 ,,2F350,Inch,,,,,
2N1, 2N1 ,,2F350,Inch,,,,,
WW14 ,WW14,,P4_30,Inch,81,81,,,
MIX WET&WAVE ,MIX WET&WAVE ,,2,Inch,,,,,
WW12,WW12,,2,Inch,66.6,66.6,,,
 WW10,WW10,,P1B_33,Inch,57,,,,
 WW10,WW10,,P4_27,Inch,57,,,,
 WW10,WW10,,P4_30,Inch,57,,,,
SUN,SUN,,4,Inch,105,105,,,
WW08 ,WW08,,1,Inch,21.75,21.75,,,
NDW08 ,NDW08,,1,Inch,21.75,21.75,53,,
MATCH S.BOB ,MATCH S.BOB ,,1,Inch,,,,,
DANDY,,,,Inch,,,,,
SUE,SUE,,1,Inch,48,48,13,,
NSW14 , NSW14,,1,Inch,74.25,,,,
NSW14 , NSW14,,001B,Inch,74.25,,,,
NSW14 , NSW14,,2,Inch,74.25,,,,
NSW14 , NSW14,,4,Inch,74.25,,,,
NSW14 , NSW14,,30,Inch,74.25,,,,
NSW14 , NSW14,,33,Inch,74.25,,,,
NSW14 , NSW14,,P1B_30,Inch,80.25,,,,
NSW14 , NSW14,,P1B_33,Inch,80.25,,,,
NSW14 , NSW14,,P1B_350,Inch,80.25,,,,
NSW14 , NSW14,,P1B_BG ,Inch,80.25,,,,
NSW14 , NSW14,,P27_613 ,Inch,80.25,,,,
NSW14 ,,,P4_27,Inch,,,,,
BONITA,BONITA,,F1B_27S,Inch,,,,,
VIOLET,VIOLET,,1,Inch,22.5,22.5,121,,
MIX ROMANCE,,,,Inch,,,,,
BECKY,BECKY,,HL2_350  ,Inch,66,66,.,,
BARBARA,BARBARA,,HL2_350  ,Inch,54,54,1,,
MATCH M.BOB,MATCH M.BOB,,1,Inch,,,,,
NSW12,NSW12,,001B,Inch,65.7,65.7,,,
REBA,REBA,,1,Inch,51,51,17,,
MIX M.BOB,MIX M.BOB ,,1,Inch,,,,,
NSW10 ,NSW10 ,,1,Inch,50.25,50.25,,,
ROSEMARY,ROSEMARY,,1,Inch,22.5,22.5,35,,
NICOLE,NICOLE,,1,Inch,105,105,36,,
JASMENIA,,,,Inch,,,,,
IRIS ,,,,Inch,,,,,
HOLLY,,,,Inch,,,,,
MATCH L.LAYER,,,1,Inch,,,,,
MATCH L.LAYER,,,4,Inch,,,,,
MATCH L.LAYER,,,2,Inch,,,,,
MATCH L.LAYER,,,27,Inch,,,,,
MATCH L.LAYER,,,33,Inch,,,,,
MATCH L.LAYER,,,30,Inch,,,,,
MATCH L.LAYER,,,P1B_30,Inch,,,,,
MATCH L.LAYER,,,P4_30,Inch,,,,,
MATCH L.LAYER,,,P27_613,Inch,,,,,
MATCH L.LAYER,,,P4_27,Inch,,,,,
MATCH L.LAYER,,,P6_613,Inch,,,,,
MATCH L.LAYER,,,P6_613,Inch,,,,,
NSW08,NSW08,,4,Inch,21,21,,,
MATCH FINGER,MATCH FINGER,,14,Inch,,,,,
MIX FINGER,,,,Inch,,,,,
MIX L.LAYER,MIX L.LAYER,,1,Inch,,,,,
MATCH BODY W,MIX BODY W,,2,,9.98,198,4.99,4.99,19.96
MATCH BODY W,MIX BODY W,,4,,9.98,211,4.99,4.99,19.96
MATCH BODY W,MIX BODY W,,350,,9.98,185,4.99,4.99,19.96
MATCH BODY W,MIX BODY W,,613,,9.98,100,4.99,4.99,19.96
MATCH BODY W,MIX BODY W,,001B,,9.98,93,4.99,4.99,19.96
MATCH BODY W,MIX BODY W,,P1B_30,,9.98,72,4.99,4.99,19.96
MATCH BODY W,MIX BODY W,,P27_30,,9.98,133,4.99,4.99,19.96
MATCH BODY W,MIX BODY W,,P27_33,,9.98,197,4.99,4.99,19.96
MATCH BODY W,MIX BODY W,,P30_33,,9.98,200,4.99,4.99,19.96
MATCH BODY W,MIX BODY W,,P4_27,,9.98,162,4.99,4.99,19.96
MATCH BODY W,MIX BODY W,,P4_30,,9.98,122,4.99,4.99,19.96
MIX BODY W,MIX BODY W,,2,Inch,9.98,9.98,198,4.99,4.99
MIX BODY W, MIX BODY W,,4,Inch,9.98,9.98,211,4.99,4.99
MIX BODY W, MIX BODY W,,350,Inch,9.98,9.98,185,4.99,4.99
MIX BODY W, MIX BODY W,,613,Inch,9.98,9.98,100,4.99,4.99
MIX BODY W, MIX BODY W,,001B,Inch,9.98,9.98,93,4.99,4.99
MIX BODY W, MIX BODY W,,P1B_30,Inch,9.98,9.98,72,4.99,4.99
MIX BODY W, MIX BODY W,,P27_30,Inch,9.98,9.98,133,4.99,4.99
MIX BODY W, MIX BODY W,,P27_33,Inch,9.98,9.98,197,4.99,4.99
MIX BODY W, MIX BODY W,,P30_33,Inch,9.98,9.98,200,4.99,4.99
MIX BODY W, MIX BODY W,,P4_27,Inch,9.98,9.98,162,4.99,4.99
MIX BODY W, MIX BODY W,,P4_30,Inch,9.98,9.98,122,4.99,4.99
MIX BODY W, MIX BODY W,,2,Inch,9.98,9.98,198,4.99,4.99
STW,STW,10,4,Inch,35,23,17.5,17.5,52.5
STW,STW,10,27,Inch,49,28,24.5,24.5,73.5
STW,STW,10,30,Inch,35,6,17.5,17.5,52.5
STW,STW,10,33,Inch,35,20,17.5,17.5,52.5
STW,STW,10,44,Inch,39,6,19.5,19.5,58.5
STW,STW,10,350,Inch,49,20,24.5,24.5,73.5
STW,STW,10,613,Inch,75,8,37.5,37.5,112.5
STW,STW,10,99J,Inch,49,3,24.5,24.5,73.5
STW,STW,10,BLUE,Inch,75,60,37.5,37.5,112.5
STW,STW,10,BURG,Inch,49,2,24.5,24.5,73.5
STW,STW,10,GREEN,Inch,75,53,37.5,37.5,112.5
STW,STW,10,ORANGE,Inch,75,50,37.5,37.5,112.5
STW,STW,10,P1B_30,Inch,39,19,19.5,19.5,58.5
STW,STW,10,P1B_350,Inch,49,8,24.5,24.5,73.5
STW,STW,10,P1B_99J,Inch,49,11,24.5,24.5,73.5
STW,STW,10,P1B_BG,Inch,49,12,24.5,24.5,73.5
STW,STW,10,P27_30,Inch,49,12,24.5,24.5,73.5
STW,STW,10,P27_33,Inch,49,15,24.5,24.5,73.5
STW,STW,10,P27_613,Inch,105,16,52.5,52.5,157.5
STW,STW,10,P4_27,Inch,49,12,24.5,24.5,73.5
STW,STW,10,P4_30,Inch,39,35,19.5,19.5,58.5
STW,STW,10,PINK,Inch,75,48,37.5,37.5,112.5
STW,STW,10,PURPLE,Inch,75,48,37.5,37.5,112.5
STW,STW,10,RED,Inch,75,67,37.5,37.5,112.5
STW,STW,12,1,Inch,50,61,25,25,75
STW,STW,12,27,Inch,64,15,32,32,96
STW,STW,12,30,Inch,50,12,25,25,75
STW,STW,12,33,Inch,50,17,25,25,75
STW,STW,12,350,Inch,64,16,32,32,96
STW,STW,12,613,Inch,90,9,45,45,135
STW,STW,12,001B,Inch,50,26,25,25,75
STW,STW,12,99J,Inch,64,18,32,32,96
STW,STW,12,BURG,Inch,64,24,32,32,96
STW,STW,12,P1B_30,Inch,54,10,27,27,81
STW,STW,12,P1B_33,Inch,54,14,27,27,81
STW,STW,12,P1B_350,Inch,64,11,32,32,96
STW,STW,12,P1B_99J,Inch,64,17,32,32,96
STW,STW,12,P1B_BG,Inch,64,12,32,32,96
STW,STW,12,P27_30,Inch,64,14,32,32,96
STW,STW,12,P27_33,Inch,64,10,32,32,96
STW,STW,12,P27_613,Inch,120,33,60,60,180
STW,STW,12,P4_27,Inch,64,24,32,32,96
STW,STW,12,P4_30,Inch,54,12,27,27,81
STW,STW,14,1,Inch,64,121,32,32,96
STW,STW,14,2,Inch,64,5,32,32,96
STW,STW,14,4,Inch,64,5,32,32,96
STW,STW,14,22,Inch,104,143,52,52,156
STW,STW,14,27,Inch,78,12,39,39,117
STW,STW,14,30,Inch,64,13,32,32,96
STW,STW,14,33,Inch,64,2,32,32,96
STW,STW,14,350,,78,18,39,39,117
STW,STW,14,613,,104,20,52,52,156
STW,STW,14,001B,,64,92,32,32,96
STW,STW,14,99J,,78,4,39,39,117
STW,STW,14,P18_22,,104,72,52,52,156
STW,STW,14,P18_613,,104,17,52,52,156
STW,STW,14,P1B_30,,68,7,34,34,102
STW,STW,14,P1B_33,,68,2,34,34,102
STW,STW,14,P1B_BG,,78,2,39,39,117
STW,STW,14,P24_613,,104,80,52,52,156
STW,STW,14,P27_24,,104,135,52,52,156
STW,STW,14,P27_33,,78,2,39,39,117
STW,STW,14,P27_613,,134,107,67,67,201
STW,STW,14,P4_613,,104,153,52,52,156
STW,STW,14,P6_24,,104,30,52,52,156
STW,STW,14,P6_27,,78,96,39,39,117
STW,STW,14,P6_613,,104,57,52,52,156
STW,STW,16,1,,74,26,37,37,111
STW,STW,16,2,,74,77,37,37,111
STW,STW,16,4,,74,8,37,37,111
STW,STW,16,22,,124,20,62,62,186
STW,STW,16,350,,98,30,49,49,147
STW,STW,16,001B,,74,20,37,37,111
STW,STW,16,P1B_30,,78,16,39,39,117
STW,STW,16,P1B_33,,78,17,39,39,117
STW,STW,16,P1B_BG,,98,16,49,49,147
STW,STW,16,P27_24,,124,6,62,62,186
STW,STW,16,P27_30,,98,2,49,49,147
STW,STW,16,P27_33,,98,4,49,49,147
STW,STW,16,P4_30,,78,3,39,39,117
STW,STW,16,P4_613,,124,68,62,62,186
STW,STW,18,4,,88,2,44,44,132
STW,STW,18,30,,88,10,44,44,132
STW,STW,18,350,,112,15,56,56,168
STW,STW,18,P18_22,,138,5,69,69,207
STW,STW,18,P1B_30,,92,18,46,46,138
STW,STW,18,P1B_33,,92,12,46,46,138
STW,STW,18,P1B_BG,,112,4,56,56,168
STW,STW,18,P27_24,,138,7,69,69,207
STW,STW,18,P27_33,,112,6,56,56,168
STW,STW,18,P6_27,,112,4,56,56,168
STW,STW,28A,1,,200,36,100,100,300
test001,FLW-B-DB2,5,1,Inch,199.2,10,159.36,179.28,350
test001,FLW-B-DB3,5,1B,Inch,199.2,10,159.36,179.28,298.8
test001,FLW-B-DB4,5,2,Inch,199.2,10,159.36,179.28,298.8
test001,FLW-B-DB5,5,3,Inch,199.2,10,159.36,179.28,298.8
test001,FLW-B-DB6,5,4,Inch,199.2,10,159.36,179.28,298.8
test001,FLW-B-DB7,5,6,Inch,199.2,10,159.36,179.28,298.8
test001,FLW-B-DB8,5,8,Inch,199.2,10,159.36,179.28,298.8
test001,FLW-B-DB9,5,9,Inch,199.2,10,159.36,179.28,298.8
test001,FLW-B-DB10,5,10,Inch,199.2,10,159.36,179.28,298.8
test001,FLW-B-DB11,5,12,Inch,199.2,10,159.36,179.28,298.8
test001,FLW-B-DB12,5,14,Inch,199.2,10,159.36,179.28,298.8
test001,FLW-B-DB13,5,16,Inch,199.2,10,159.36,179.28,298.8
test001,FLW-B-DB14,5,18,Inch,199.2,10,159.36,179.28,298.8
test001,FLW-B-DB15,5,22,Inch,199.2,10,159.36,179.28,298.8
test001,FLW-B-DB16,5,24,Inch,199.2,10,159.36,179.28,298.8
test001,FLW-B-DB17,5,25,Inch,199.2,10,159.36,179.28,298.8
test001,FLW-B-DB18,5,27A,Inch,199.2,10,159.36,179.28,298.8
test001,FLW-B-DB19,5,1,Inch,209.2,10,167.36,188.28,313.8
test001,FLW-B-DB20,5,1B,Inch,209.2,10,167.36,188.28,313.8
test001,FLW-B-DB21,5,2,Inch,209.2,10,167.36,188.28,313.8
test001,FLW-B-DB22,5,3,Inch,209.2,10,167.36,188.28,313.8
test001,FLW-B-DB23,5,4,Inch,209.2,10,167.36,188.28,313.8
test001,FLW-B-DB24,5,6,Inch,209.2,10,167.36,188.28,313.8
test001,FLW-B-DB25,5,8,Inch,209.2,10,167.36,188.28,313.8
test001,FLW-B-DB26,5,9,Inch,209.2,10,167.36,188.28,313.8
test001,FLW-B-DB27,5,10,Inch,209.2,10,167.36,188.28,313.8
test001,FLW-B-DB28,5,12,Inch,219.2,10,175.36,197.28,328.8
test001,FLW-B-DB29,5,14,Inch,219.2,10,175.36,197.28,328.8
test001,FLW-B-DB30,5,16,Inch,219.2,10,175.36,197.28,328.8
test001,FLW-B-DB31,5,18,Inch,219.2,10,175.36,197.28,328.8
test001,FLW-B-DB32,5,22,Inch,219.2,10,175.36,197.28,328.8
test001,FLW-B-DB33,5,24,Inch,219.2,10,175.36,197.28,328.8
test001,FLW-B-DB34,5,25,Inch,219.2,10,175.36,197.28,328.8
test001,FLW-B-DB35,5,27A,Inch,219.2,10,175.36,197.28,328.8
test001,FLW-B-DB36,5,1,Inch,214.2,10,171.36,192.78,321.3
test001,FLW-B-DB37,5,1B,Inch,214.2,10,171.36,192.78,321.3
test001,FLW-B-DB38,5,2,Inch,214.2,10,171.36,192.78,321.3
test001,FLW-B-DB39,5,3,Inch,214.2,10,171.36,192.78,321.3
test001,FLW-B-DB40,5,4,Inch,214.2,10,171.36,192.78,321.3
test001,FLW-B-DB41,5,6,Inch,214.2,10,171.36,192.78,321.3
test001,FLW-B-DB42,5,8,Inch,214.2,10,171.36,192.78,321.3
test001,FLW-B-DB43,5,9,Inch,214.2,10,171.36,192.78,321.3
test001,FLW-B-DB44,5,10,Inch,214.2,10,171.36,192.78,321.3
test001,FLW-B-DB45,5,12,Inch,224.2,10,179.36,201.78,336.3
test001,FLW-B-DB46,5,14,Inch,224.2,10,179.36,201.78,336.3
test001,FLW-B-DB47,5,16,Inch,224.2,10,179.36,201.78,336.3
test001,FLW-B-DB48,5,18,Inch,224.2,10,179.36,201.78,336.3
test001,FLW-B-DB49,5,22,Inch,224.2,10,179.36,201.78,336.3
test001,FLW-B-DB50,5,24,Inch,224.2,10,179.36,201.78,336.3
test001,FLW-B-DB51,5,25,Inch,224.2,10,179.36,201.78,336.3
test001,FLW-B-DB52,5,27A,,224.2,10,179.36,201.78,336.3
test001,FLW-B-DB53,5,1,,229.2,10,183.36,206.28,343.8
test001,FLW-B-DB54,5,1B,,229.2,10,183.36,206.28,343.8
test001,FLW-B-DB55,5,2,,229.2,10,183.36,206.28,343.8
test001,FLW-B-DB56,5,3,,229.2,10,183.36,206.28,343.8
test001,FLW-B-DB57,5,4,,229.2,10,183.36,206.28,343.8
test001,FLW-B-DB58,5,6,,229.2,10,183.36,206.28,343.8
test001,FLW-B-DB59,5,8,,229.2,10,183.36,206.28,343.8
test001,FLW-B-DB60,5,9,,229.2,10,183.36,206.28,343.8
test001,FLW-B-DB61,5,10,,229.2,10,183.36,206.28,343.8
test001,FLW-B-DB62,5,12,,239.2,10,191.36,215.28,358.8
test001,FLW-B-DB63,5,14,,239.2,10,191.36,215.28,358.8
test001,FLW-B-DB64,5,16,,239.2,10,191.36,215.28,358.8
test001,FLW-B-DB65,5,18,,239.2,10,191.36,215.28,358.8
test001,FLW-B-DB66,5,22,,239.2,10,191.36,215.28,358.8
test001,FLW-B-DB67,5,24,,239.2,10,191.36,215.28,358.8
test001,FLW-B-DB68,5,25,,239.2,10,191.36,215.28,358.8
test001,FLW-B-DB69,5,27A,,239.2,10,191.36,215.28,358.8
test001,FLW-B-DB70,5,1,,254.2,10,203.36,228.78,381.3
test001,FLW-B-DB71,5,1B,,254.2,10,203.36,228.78,381.3
test001,FLW-B-DB72,5,2,,254.2,10,203.36,228.78,381.3
test001,FLW-B-DB73,5,3,,254.2,10,203.36,228.78,381.3
test001,FLW-B-DB74,5,4,,254.2,10,203.36,228.78,381.3
test001,FLW-B-DB75,5,6,,254.2,10,203.36,228.78,381.3
test001,FLW-B-DB76,5,8,,254.2,10,203.36,228.78,381.3
test001,FLW-B-DB77,5,9,,254.2,10,203.36,228.78,381.3
test001,FLW-B-DB78,5,10,,254.2,10,203.36,228.78,381.3
test001,FLW-B-DB79,5,12,,264.2,10,211.36,237.78,396.3
test001,FLW-B-DB80,5,14,,264.2,10,211.36,237.78,396.3
test001,FLW-B-DB81,5,16,,264.2,10,211.36,237.78,396.3
test001,FLW-B-DB82,5,18,,264.2,10,211.36,237.78,396.3
test001,FLW-B-DB83,5,22,,264.2,10,211.36,237.78,396.3
test001,FLW-B-DB84,5,24,,264.2,10,211.36,237.78,396.3
test001,FLW-B-DB85,5,25,,264.2,10,211.36,237.78,396.3
test001,FLW-B-DB86,5,27A,,264.2,10,211.36,237.78,396.3
test001,FLW-B-DB87,5,1,,279.2,10,223.36,251.28,418.8
test001,FLW-B-DB88,5,1B,,279.2,10,223.36,251.28,418.8
test001,FLW-B-DB89,5,2,,279.2,10,223.36,251.28,418.8
test001,FLW-B-DB90,5,3,,279.2,10,223.36,251.28,418.8
test001,FLW-B-DB91,5,4,,279.2,10,223.36,251.28,418.8
test001,FLW-B-DB92,5,6,,279.2,10,223.36,251.28,418.8
test001,FLW-B-DB93,5,8,,279.2,10,223.36,251.28,418.8
test001,FLW-B-DB94,5,9,,279.2,10,223.36,251.28,418.8
test001,FLW-B-DB95,5,10,,279.2,10,223.36,251.28,418.8
test001,FLW-B-DB96,5,12,,289.2,10,231.36,260.28,433.8
test001,FLW-B-DB97,5,14,,289.2,10,231.36,260.28,433.8
test001,FLW-B-DB98,5,16,,289.2,10,231.36,260.28,433.8
test001,FLW-B-DB99,5,18,,289.2,10,231.36,260.28,433.8
test001,FLW-B-DB100,5,22,,289.2,10,231.36,260.28,433.8
test001,FLW-B-DB101,5,24,,289.2,10,231.36,260.28,433.8
test001,FLW-B-DB102,5,25,,289.2,10,231.36,260.28,433.8
test001,FLW-B-DB103,5,27A,,289.2,20,231.36,260.28,433.8
test001,FLW-B-DB104,5,1,,304.2,5,243.36,273.78,456.3
test001,FLW-B-DB105,5,1B,,304.2,5,243.36,273.78,456.3
test001,FLW-B-DB106,5,2,,304.2,5,243.36,273.78,456.3
test1,,,,,,,,,
