ID,PRODUCT_CODE,ITEM,LENGTH,COLOR,TYPE,PRICE,STOCK,MPRICE,WPRICE,RPRICE
231,AARU,AARU,10,20,,40,50,60,70,80
233,BARU,BARU,10,20,,40,50,60,70,80
242,HARU,HARU,,1,,20,20,22,,
243,HELEN,,F4-30,,2.07627E+13,21,9,,,
243,HELEN,,F4-30,,2.07627E+13,21,85,,,
243,HELEN,,P1B-BG,,2.07627E+13,21,12,,,
243,HELEN,,P1B-BG,,2.07627E+13,,,,,
243,HELEN,,T1B-30,,2.07627E+13,,,,,
243,HELEN,,T1B-30,,2.07627E+13,,,,,
243,HELEN,,T1B-30,,2.07627E+13,,,,,
243,HELEN,,T1B-30,,2.07627E+13,,,,,
243,HELEN,,T1B-30,,2.07627E+13,,,,,
243,HELEN,,T1B-30,,2.07627E+13,,,,,
243,HELEN,,T1B-30,,2.07627E+13,,,,,
243,HELEN,,T1B-30,,2.07627E+13,,,,,
243,HELEN,,T1B-30,,2.07627E+13,,,,,
243,HELEN,1,T1B-30,21,2.07627E+13,12,,,,
243,HELEN,001B,T1B-30,21,2.07627E+13,9,1,,,
243,HELEN,2,T1B-30,21,2.07627E+13,0,1,,,
243,HELEN,4,T1B-30,21,2.07627E+13,0,1,,,
243,HELEN,34,T1B-30,21,2.07627E+13,6,1,,,
243,HELEN,44,T1B-30,21,2.07627E+13,8,1,,,
243,HELEN,51,T1B-30,21,2.07627E+13,6,1,,,
243,HELEN,280,T1B-30,21,2.07627E+13,5,1,,,
243,HELEN,F1B-27S,T1B-30,21,2.07627E+13,14,1,,,
243,HELEN,F1B-30,T1B-30,21,2.07627E+13,13,1,,,
243,HELEN,F1B-33,T1B-30,21,2.07627E+13,13,1,,,
243,HELEN,F237,T1B-30,21,2.07627E+13,8,1,,,
245,"JANE H","JANE H",,1,Inch,34,34,0,,
246,"JENIF H",,,,,,,,,
248,"JULIE H",,,,,,,,,
249,"JULIE H II","JULIE H II",10,1,Inch,51,51,8,,
251,KASSIA,KASSIA,,1,Inch,66,66,18,,
252,LACE-001,LACE-001,,1,Inch,350,350,6,,
253,LACE-002,LACE-002,,1,Inch,350,350,17,,
255,LACE-004,LACE-004,,1,Inch,150,150,2,,
257,LACE-006,LACE-006,,1,Inch,150,150,0,,
262,test111,test,,2,,100,100,,,
265,LACE-007,LACE-007,,1,Inch,190,190,9,,
266,LACE-008,LACE-008,,1,Inch,150,150,4,,
267,LACE-009,LACE-009,,1,Inch,150,150,4,,
268,LACE-010,LACE-010,,1,Inch,70,70,55,,
269,LACE-011,LACE-011,,1,Inch,80,80,1,,
271,LINSEY,LINSEY,,1,Inch,21,21,10,,
272,LISA,LISA,,1,Inch,35,35,1,,
273,MARU,MARU,,1,Inch,20,20,-1,,
551,shop_1,shop_ab,,4,Inch,100,80,,,
570,ESTHER11,ESTHER,,TT1B-BG,,100,54,,,
571,ESTHER1,ESTHER1,,TT1B-BG,,100,100,54,,
580,ESTHER120,ESTHER120,,F4-30,,100,100,80,,
581,ESTHER123,ESTHER123,,F4-30,,100,100,80,,
582,ESTHER115,ESTHER115,,TT1B-BG,,0,0,25,,
583,ESTHER118,ESTHER118,,F4-30,,0,0,80,,
591,STB18,,,,,,,,,
592,"STW18 ",,,,Inch,,,,,
593,hh,,,,Inch,,,,,
594,"STW16 ",,,,Inch,,,,,
595,"STW14 ",,,,Inch,,,,,
596,"STW12 ",,,,Inch,,,,,
597,"STW10 ",STW,10,4,,35,23,17.50,17.50,52.50
597,"STW10 ",STW,10,27,,49,28,24.50,24.50,73.50
597,"STW10 ",STW,10,30,,35,6,17.50,17.50,52.50
597,"STW10 ",STW,10,33,,35,20,17.50,17.50,52.50
597,"STW10 ",STW,10,44,,39,6,19.50,19.50,58.50
597,"STW10 ",STW,10,350,,49,20,24.50,24.50,73.50
597,"STW10 ",STW,10,613,,75,8,37.50,37.50,112.50
597,"STW10 ",STW,10,99J,,49,3,24.50,24.50,73.50
597,"STW10 ",STW,10,BLUE,,75,60,37.50,37.50,112.50
597,"STW10 ",STW,10,BURG,,49,2,24.50,24.50,73.50
597,"STW10 ",STW,10,GREEN,,75,53,37.50,37.50,112.50
597,"STW10 ",STW,10,ORANGE,,75,50,37.50,37.50,112.50
597,"STW10 ",STW,10,P1B_30,,39,19,19.50,19.50,58.50
597,"STW10 ",STW,10,P1B_350,,49,8,24.50,24.50,73.50
597,"STW10 ",STW,10,P1B_99J,,49,11,24.50,24.50,73.50
597,"STW10 ",STW,10,P1B_BG,,49,12,24.50,24.50,73.50
597,"STW10 ",STW,10,P27_30,,49,12,24.50,24.50,73.50
597,"STW10 ",STW,10,P27_33,,49,15,24.50,24.50,73.50
597,"STW10 ",STW,10,P27_613,,105,16,52.50,52.50,157.50
597,"STW10 ",STW,10,P4_27,,49,12,24.50,24.50,73.50
597,"STW10 ",STW,10,P4_30,,39,35,19.50,19.50,58.50
597,"STW10 ",STW,10,PINK,,75,48,37.50,37.50,112.50
597,"STW10 ",STW,10,PURPLE,,75,48,37.50,37.50,112.50
597,"STW10 ",STW,10,RED,,75,67,37.50,37.50,112.50
597,"STW10 ",STW,12,1,,50,61,25.00,25.00,75.00
597,"STW10 ",STW,12,27,,64,15,32.00,32.00,96.00
597,"STW10 ",STW,12,30,,50,12,25.00,25.00,75.00
597,"STW10 ",STW,12,33,,50,17,25.00,25.00,75.00
597,"STW10 ",STW,12,350,,64,16,32.00,32.00,96.00
597,"STW10 ",STW,12,613,,90,9,45.00,45.00,135.00
597,"STW10 ",STW,12,001B,,50,26,25.00,25.00,75.00
597,"STW10 ",STW,12,99J,,64,18,32.00,32.00,96.00
597,"STW10 ",STW,12,BURG,,64,24,32.00,32.00,96.00
597,"STW10 ",STW,12,P1B_30,,54,10,27.00,27.00,81.00
597,"STW10 ",STW,12,P1B_33,,54,14,27.00,27.00,81.00
597,"STW10 ",STW,12,P1B_350,,64,11,32.00,32.00,96.00
597,"STW10 ",STW,12,P1B_99J,,64,17,32.00,32.00,96.00
597,"STW10 ",STW,12,P1B_BG,,64,12,32.00,32.00,96.00
597,"STW10 ",STW,12,P27_30,,64,14,32.00,32.00,96.00
597,"STW10 ",STW,12,P27_33,,64,10,32.00,32.00,96.00
597,"STW10 ",STW,12,P27_613,,120,33,60.00,60.00,180.00
597,"STW10 ",STW,12,P4_27,,64,24,32.00,32.00,96.00
597,"STW10 ",STW,12,P4_30,,54,12,27.00,27.00,81.00
597,"STW10 ",STW,14,1,,64,121,32.00,32.00,96.00
597,"STW10 ",STW,14,2,,64,5,32.00,32.00,96.00
597,"STW10 ",STW,14,4,,64,5,32.00,32.00,96.00
597,"STW10 ",STW,14,22,,104,143,52.00,52.00,156.00
597,"STW10 ",STW,14,27,,78,12,39.00,39.00,117.00
597,"STW10 ",STW,14,30,,64,13,32.00,32.00,96.00
597,"STW10 ",STW,14,33,,64,2,32.00,32.00,96.00
597,"STW10 ",STW,14,350,,78,18,39.00,39.00,117.00
597,"STW10 ",STW,14,613,,104,20,52.00,52.00,156.00
597,"STW10 ",STW,14,001B,,64,92,32.00,32.00,96.00
597,"STW10 ",STW,14,99J,,78,4,39.00,39.00,117.00
597,"STW10 ",STW,14,P18_22,,104,72,52.00,52.00,156.00
597,"STW10 ",STW,14,P18_613,,104,17,52.00,52.00,156.00
597,"STW10 ",STW,14,P1B_30,,68,7,34.00,34.00,102.00
597,"STW10 ",STW,14,P1B_33,,68,2,34.00,34.00,102.00
597,"STW10 ",STW,14,P1B_BG,,78,2,39.00,39.00,117.00
597,"STW10 ",STW,14,P24_613,,104,80,52.00,52.00,156.00
597,"STW10 ",STW,14,P27_24,,104,135,52.00,52.00,156.00
597,"STW10 ",STW,14,P27_33,,78,2,39.00,39.00,117.00
597,"STW10 ",STW,14,P27_613,,134,107,67.00,67.00,201.00
597,"STW10 ",STW,14,P4_613,,104,153,52.00,52.00,156.00
597,"STW10 ",STW,14,P6_24,,104,30,52.00,52.00,156.00
597,"STW10 ",STW,14,P6_27,,78,96,39.00,39.00,117.00
597,"STW10 ",STW,14,P6_613,,104,57,52.00,52.00,156.00
597,"STW10 ",STW,16,1,,74,26,37.00,37.00,111.00
597,"STW10 ",STW,16,2,,74,77,37.00,37.00,111.00
597,"STW10 ",STW,16,4,,74,8,37.00,37.00,111.00
597,"STW10 ",STW,16,22,,124,20,62.00,62.00,186.00
597,"STW10 ",STW,16,350,,98,30,49.00,49.00,147.00
597,"STW10 ",STW,16,001B,,74,20,37.00,37.00,111.00
597,"STW10 ",STW,16,P1B_30,,78,16,39.00,39.00,117.00
597,"STW10 ",STW,16,P1B_33,,78,17,39.00,39.00,117.00
597,"STW10 ",STW,16,P1B_BG,,98,16,49.00,49.00,147.00
597,"STW10 ",STW,16,P27_24,,124,6,62.00,62.00,186.00
597,"STW10 ",STW,16,P27_30,,98,2,49.00,49.00,147.00
597,"STW10 ",STW,16,P27_33,,98,4,49.00,49.00,147.00
597,"STW10 ",STW,16,P4_30,,78,3,39.00,39.00,117.00
597,"STW10 ",STW,16,P4_613,,124,68,62.00,62.00,186.00
597,"STW10 ",STW,18,4,,88,2,44.00,44.00,132.00
597,"STW10 ",STW,18,30,,88,10,44.00,44.00,132.00
597,"STW10 ",STW,18,350,,112,15,56.00,56.00,168.00
597,"STW10 ",STW,18,P18_22,,138,5,69.00,69.00,207.00
597,"STW10 ",STW,18,P1B_30,,92,18,46.00,46.00,138.00
597,"STW10 ",STW,18,P1B_33,,92,12,46.00,46.00,138.00
597,"STW10 ",STW,18,P1B_BG,,112,4,56.00,56.00,168.00
597,"STW10 ",STW,18,P27_24,,138,7,69.00,69.00,207.00
597,"STW10 ",STW,18,P27_33,,112,6,56.00,56.00,168.00
597,"STW10 ",STW,18,P6_27,,112,4,56.00,56.00,168.00
597,"STW10 ",STW,28A,1,,200,36,100.00,100.00,300.00
598,"NSW18 ",,,,Inch,,,,,
599,"STUNNING LADY ",,,,Inch,,,,,
600,"GRACEFUL LADY ",,,,Inch,,,,,
601,"INTELLI LADY ",,,,Inch,,,,,
602,"ELEGANT LADY ",,,,Inch,,,,,
603,"S YK18 ",,,,Inch,,,,,
604,"S YK12 ",,,,Inch,,,,,
605,"NEW D WAVE",,,,Inch,,,,,
606,"DISCO L",,,,Inch,,,,,
607,"CRIMP ",,,,Inch,,,,,
608,"BODY WAV ",,,,Inch,,,,,
609,"WB18 ",WB18,,P4_30,Inch,113.7,113.7,10,,
609,"WB18 ",WB18,,1,Inch,107.7,26,,,
609,"WB18 ",WB18,,001B,Inch,107.7,37,,,
609,"WB18 ",WB18,,2,Inch,107.7,25,,,
609,"WB18 ",WB18,,4,Inch,107.7,7,,,
609,"WB18 ",WB18,,27,Inch,107.7,0,,,
609,"WB18 ",WB18,,30,Inch,107.7,23,,,
609,"WB18 ",WB18,,33,Inch,107.7,9,,,
609,"WB18 ",WB18,,P1B_27,Inch,113.7,27,,,
609,"WB18 ",WB18,,P1B_30,Inch,113.7,36,,,
609,"WB18 ",WB18,,P1B_33,Inch,113.7,4,,,
609,"WB18 ",WB18,,P1B_350,Inch,113.7,22,,,
609,"WB18 ",WB18,,P1B_99J,Inch,113.7,10,,,
609,"WB18 ",WB18,,P1B_BG,Inch,113.7,9,,,
609,"WB18 ",WB18,,P27_613,Inch,119.7,12,,,
609,"WB18 ",WB18,,P30_144,Inch,119.7,18,,,
609,"WB18 ",WB18,,P4_27,Inch,113.7,23,,,
609,"WB18 ",WB18,,P4_30,Inch,113.7,10,,,
610,"BNH BW26",,,,Inch,,,,,
612,"BNH BW24 ",,,,Inch,,,,,
613,"BNH BW20 ",,,,Inch,,,,,
614,"BNH BW18",,,,Inch,,,,,
615,"BNH BW16",,,,Inch,,,,,
616,"BNH BW14 ",,,,Inch,,,,,
617,"BNH BW12",,,,Inch,,,,,
618,BNHH26,,,,Inch,,,,,
619,BNHH24,,,,Inch,,,,,
621,"BNHH20 ",,,,Inch,,,,,
622,"BNHH18 ",,,,Inch,,,,,
630,TAYLOR,TAYLOR,,F1B_30,Inch,,,,,
631,VANESSA,VANESSA,,2,Inch,,,,,
632,SYDNEY,1,,,Inch,,,,,
632,SYDNEY,F4_30,,,Inch,,,,,
632,SYDNEY,F1B_30,,,Inch,,,,,
632,SYDNEY,DYF99J_530A,,,Inch,,,,,
632,SYDNEY,DYF5_33_130,,,Inch,,,,,
632,SYDNEY,DYF2315,,,Inch,,,,,
632,SYDNEY,001B,,,Inch,,,,,
632,SYDNEY,2,,,Inch,,,,,
633,LACE-003,SOFIA,,1,Inch,,,,,
633,LACE-003,SOFIA,,F4_30,Inch,,,,,
633,LACE-003,SOFIA,,F1B_30,Inch,,,,,
633,LACE-003,SOFIA,,DYA99C_35B,Inch,,,,,
633,LACE-003,SOFIA,,DYA99C_27E,Inch,,,,,
633,LACE-003,SOFIA,,DYA530A_350E,Inch,,,,,
633,LACE-003,SOFIA,,001B,Inch,,,,,
633,LACE-003,SOFIA,,2,Inch,,,,,
634,SARAH,SARAH,,2,Inch,,,,,
635,OLIVIA,OLIVIA,,2,Inch,,,,,
636,"SK BRD ",WB18,,001,Inch,107.70,26,,,
636,"SK BRD ",WB18,,001B,Inch,107.70,37,,,
636,"SK BRD ",WB18,,002,Inch,107.70,25,,,
636,"SK BRD ",WB18,,004,Inch,107.70,7,,,
636,"SK BRD ",WB18,,027,Inch,107.70,0,,,
636,"SK BRD ",WB18,,030,Inch,107.70,23,,,
636,"SK BRD ",WB18,,033,Inch,107.70,9,,,
636,"SK BRD ",WB18,,P1B_27,Inch,113.70,27,,,
636,"SK BRD ",WB18,,P1B_30,Inch,113.70,36,,,
636,"SK BRD ",WB18,,P1B_33,Inch,113.70,4,,,
636,"SK BRD ",WB18,,P1B_350,Inch,113.70,22,,,
636,"SK BRD ",WB18,,P1B_99J,Inch,113.70,10,,,
636,"SK BRD ",WB18,,P1B_BG,Inch,113.70,9,,,
636,"SK BRD ",WB18,,P27_613,Inch,119.70,12,,,
636,"SK BRD ",WB18,,P30_144,Inch,119.70,18,,,
636,"SK BRD ",WB18,,P4_27,Inch,113.70,23,,,
636,"SK BRD ",WB18,,P4_30,Inch,113.70,10,,,
637,"REMYBW16 ","BW16 ",,1,Inch,,,,,
637,"REMYBW16 ","BW16 ",,"P6_613 ",Inch,,,,,
637,"REMYBW16 ","BW16 ",,"1P4_30 ",Inch,,,,,
637,"REMYBW16 ","BW16 ",,"P27_613 ",Inch,,,,,
637,"REMYBW16 ","BW16 ",,"P1B_30 ",Inch,,,,,
637,"REMYBW16 ","BW16 ",,33,Inch,,,,,
637,"REMYBW16 ","BW16 ",,27,Inch,,,,,
637,"REMYBW16 ","BW16 ",,"4 ",Inch,,,,,
637,"REMYBW16 ","BW16 ",,"001B ",Inch,,,,,
638,MIA,MIA,,2,Inch,,,,,
639,"Y BRD",,,,Inch,,,,,
640,"remybw12 ","REMY BW12 ",,001B,Inch,,,,,
640,"remybw12 ","REMY BW12 ",,"P1B_30 ",Inch,,,,,
640,"remybw12 ","REMY BW12 ",,27,Inch,,,,,
640,"remybw12 ","REMY BW12 ",,30,Inch,,,,,
640,"remybw12 ","REMY BW12 ",,4,Inch,,,,,
640,"remybw12 ","REMY BW12 ",,2,Inch,,,,,
640,"remybw12 ","REMY BW12 ",,33,Inch,,,,,
640,"remybw12 ","REMY BW12 ",,1P4_30,Inch,,,,,
641,"NY BRD",,,,Inch,,,,,
642,"WW BRD ",,,,Inch,,,,,
643,"YK PONY ",,,,Inch,,,,,
644,LACE-012,,,,Inch,,,,,
645,"KY BRD ",,,,Inch,,,,,
646,MARY,MARY,,2,Inch,,,,,
647,LESLIE," LESLIE",,1,Inch,,,,,
647,LESLIE," LESLIE",,LXMD8A_340A_26A,Inch,,,,,
647,LESLIE," LESLIE",,LXMD33_30_27,Inch,,,,,
647,LESLIE," LESLIE",,F4_30,Inch,,,,,
647,LESLIE," LESLIE",,F1B_30,Inch,,,,,
647,LESLIE," LESLIE",,DML4_33_130B,Inch,,,,,
647,LESLIE," LESLIE",,001B,Inch,,,,,
647,LESLIE," LESLIE",,2,Inch,,,,,
648,"REMY BW12 ","REMY BW12 ",,001B,Inch,,,,,
648,"REMY BW12 ","REMY BW12 ",,"P1B_30 ",Inch,,,,,
648,"REMY BW12 ","REMY BW12 ",,27,Inch,,,,,
648,"REMY BW12 ","REMY BW12 ",,30,Inch,,,,,
648,"REMY BW12 ","REMY BW12 ",,4,Inch,,,,,
648,"REMY BW12 ","REMY BW12 ",,2,Inch,,,,,
648,"REMY BW12 ","REMY BW12 ",,33,Inch,,,,,
648,"REMY BW12 ","REMY BW12 ",,1P4_30,Inch,,,,,
648,"REMY BW12 ","REMY BW12 ",,001B,Inch,,,,,
649,NSB24," NSB24",,001,Inch,158.10,86,,,
649,NSB24," NSB24",,001B,Inch,158.10,62,,,
649,NSB24," NSB24",,002,Inch,158.10,54,,,
649,NSB24," NSB24",,004,Inch,158.10,82,,,
649,NSB24," NSB24",,027,Inch,158.10,12,,,
649,NSB24," NSB24",,030,Inch,158.10,44,,,
649,NSB24," NSB24",,033,Inch,158.10,31,,,
650,ISABELLA,ISABELLA,,2,Inch,,,,,
651,"REMY LW16 ",,,,Inch,,,,,
652,NSB22,NSB22,,TT1B_350,Inch,140.7,140.7,0,,
654,"REMY LW12 "," LW12 ",,1,Inch,,,,,
654,"REMY LW12 "," LW12 ",,P4_30,Inch,,,,,
654,"REMY LW12 "," LW12 ",,P4_27,Inch,,,,,
654,"REMY LW12 "," LW12 ",,P6_613,Inch,,,,,
654,"REMY LW12 "," LW12 ",,P27_613,Inch,,,,,
654,"REMY LW12 "," LW12 ",,P1B_30,Inch,,,,,
654,"REMY LW12 "," LW12 ",,4,Inch,,,,,
654,"REMY LW12 "," LW12 ",,30,Inch,,,,,
654,"REMY LW12 "," LW12 ",,33,Inch,,,,,
654,"REMY LW12 "," LW12 ",,27,Inch,,,,,
654,"REMY LW12 "," LW12 ",,2,Inch,,,,,
655,EMILY,EMILY,,,Inch,,,,,
656,"REMY YK16 ",,,,Inch,,,,,
657,"REMY LW18 ",,,001B,Inch,,,,,
657,"REMY LW18 ",,,"P4_30 ",Inch,,,,,
657,"REMY LW18 ",,,"P1B_33 ",Inch,,,,,
657,"REMY LW18 ",,,P1B_30,Inch,,,,,
658,ELLEN," ELLEN",,1,Inch,,,,,
658,ELLEN," ELLEN",,LYTT6_27E,Inch,,,,,
658,ELLEN," ELLEN",,LYTT2_340A,Inch,,,,,
658,ELLEN," ELLEN",,LYTT1B_RWINE,Inch,,,,,
658,ELLEN," ELLEN",,F4_30,Inch,,,,,
658,ELLEN," ELLEN",,F1B_30,Inch,,,,,
658,ELLEN," ELLEN",,001B,Inch,,,,,
658,ELLEN," ELLEN",,2,Inch,,,,,
659,"REMY LW14 ",,,1,Inch,,,,,
659,"REMY LW14 ",,,P1B_33,Inch,,,,,
659,"REMY LW14 ",,,P4_27,Inch,,,,,
659,"REMY LW14 ",,,P27_613,Inch,,,,,
659,"REMY LW14 ",,,P4_30,Inch,,,,,
659,"REMY LW14 ",,,P27_613,Inch,,,,,
659,"REMY LW14 ",,,P6_613,Inch,,,,,
659,"REMY LW14 ",,,P1B_30,Inch,,,,,
659,"REMY LW14 ",,,4,Inch,,,,,
659,"REMY LW14 ",,,30,Inch,,,,,
659,"REMY LW14 ",,,33,Inch,,,,,
659,"REMY LW14 ",,,27,Inch,,,,,
659,"REMY LW14 ",,,2,Inch,,,,,
660,CHLOE," CHLOE",,1,Inch,,,,,
660,CHLOE," CHLOE",,LYTT6_27E,Inch,,,,,
660,CHLOE," CHLOE",,LYTT2_340A,Inch,,,,,
660,CHLOE," CHLOE",,LYTT1B_RWINE,Inch,,,,,
660,CHLOE," CHLOE",,F4_30,Inch,,,,,
660,CHLOE," CHLOE",,F1B_30,Inch,,,,,
660,CHLOE," CHLOE",,001B,Inch,,,,,
660,CHLOE," CHLOE",,2,Inch,,,,,
661,"REMY YK18 ","YK18 ",,1,Inch,,,,,
661,"REMY YK18 ","YK18 ",,P1B_30,Inch,,,,,
661,"REMY YK18 ","YK18 ",,P4_30,Inch,,,,,
661,"REMY YK18 ","YK18 ",,P1B_33,Inch,,,,,
662,CHERI,CHERI,,001B,Inch,,,,,
663,NSB20,NSB20,,TT1B_BG,Inch,112.8,112.8,60,,
664,"REMY YK14 ",,,,Inch,,,,,
665,"REMY YK12 ",YK12,,1,Inch,,,,,
665,"REMY YK12 ",YK12,,P6_613,Inch,,,,,
665,"REMY YK12 ",YK12,,P27_613,Inch,,,,,
665,"REMY YK12 ",YK12,,1P4_30,Inch,,,,,
665,"REMY YK12 ",YK12,,P1B_30,Inch,,,,,
665,"REMY YK12 ",YK12,,2,Inch,,,,,
665,"REMY YK12 ",YK12,,27,Inch,,,,,
665,"REMY YK12 ",YK12,,33,Inch,,,,,
665,"REMY YK12 ",YK12,,30,Inch,,,,,
665,"REMY YK12 ",YK12,,2,Inch,,,,,
666,CAROL,CAROL,,2,Inch,,,,,
667,ANNA,ANNA,,2,Inch,,,,,
668,NSB18,NSB18,,"TT1B_BG ",Inch,88.8,88.8,31,,
669,"REMY FORTE SW16",,,1,Inch,0.00,,,,
669,"REMY FORTE SW16",,,001B,Inch,0.00,,,,
669,"REMY FORTE SW16",,,2,Inch,0.00,,,,
669,"REMY FORTE SW16",,,4,Inch,0.00,,,,
669,"REMY FORTE SW16",,,P1B_30,Inch,0.00,,,,
669,"REMY FORTE SW16",,,P1B_33,Inch,0.00,,,,
669,"REMY FORTE SW16",,,P27_30,Inch,0.00,,,,
670,"REMY FORTE SW14",,,1,Inch,0.00,,,,
670,"REMY FORTE SW14",,,001B,Inch,0.00,,,,
670,"REMY FORTE SW14",,,2,Inch,0.00,,,,
670,"REMY FORTE SW14",,,4,Inch,0.00,,,,
670,"REMY FORTE SW14",,,P1B_30,Inch,0.00,,,,
670,"REMY FORTE SW14",,,P1B_33,Inch,0.00,,,,
670,"REMY FORTE SW14",,,P27_30,Inch,0.00,,,,
670,"REMY FORTE SW14",,,"P4_27 ",Inch,0.00,,,,
671,"REMY ",,,1,Inch,,,,,
671,"REMY ",,,P27_613,Inch,,,,,
671,"REMY ",,,P4_30,Inch,,,,,
671,"REMY ",,,P6_613,Inch,,,,,
671,"REMY ",,,P4_27,Inch,,,,,
671,"REMY ",,,P1B_33,Inch,,,,,
671,"REMY ",,,2,Inch,,,,,
671,"REMY ",,,27,Inch,,,,,
671,"REMY ",,,33,Inch,,,,,
671,"REMY ",,,P1B_30,Inch,,,,,
672,KATE," KATE",,4,Inch,,,,,
672,KATE," KATE",,DFHT33_26B,Inch,,,,,
672,KATE," KATE",,613,Inch,,,,,
672,KATE," KATE",,99C,Inch,,,,,
672,KATE," KATE",,DFHT26C_86A,Inch,,,,,
673,"REMY FORTE SW12 ",SW12,,1,Inch,0.00,,,,
673,"REMY FORTE SW12 ",SW12,,2,Inch,0.00,,,,
673,"REMY FORTE SW12 ",SW12,,4,Inch,0.00,,,,
673,"REMY FORTE SW12 ",SW12,,P1B_33,Inch,0.00,,,,
673,"REMY FORTE SW12 ",SW12,,P27_30,Inch,0.00,,,,
673,"REMY FORTE SW12 ",SW12,,"P4_27 ",Inch,0.00,,,,
673,"REMY FORTE SW12 ",SW12,,"P4_30 ",Inch,0.00,,,,
674,"REMY STW22 ",STW22,,2,Inch,,,,,
674,"REMY STW22 ",STW22,,33,Inch,,,,,
674,"REMY STW22 ",STW22,,4,Inch,,,,,
675,"	NSB16 ",NSB16,,001,Inch,74.25,"18  ",,,
675,"	NSB16 ",NSB16,,001B,Inch,74.25,77,,,
675,"	NSB16 ",NSB16,,002,Inch,74.25,"44 ",,,
675,"	NSB16 ",NSB16,,004,Inch,74.25,5,,,
675,"	NSB16 ",NSB16,,027,Inch,74.25,25,,,
675,"	NSB16 ",NSB16,,030,Inch,74.25,"25  ",,,
675,"	NSB16 ",NSB16,,033,Inch,74.25,"32 ",,,
675,"	NSB16 ",NSB16,,280,Inch,80.25,"55 ",,,
675,"	NSB16 ",NSB16,,350,Inch,80.25,"1 ",,,
675,"	NSB16 ",NSB16,,613,Inch,86.25,"56 ",,,
675,"	NSB16 ",NSB16,,99J,Inch,80.25,23,,,
675,"	NSB16 ",NSB16,,BURG,Inch,80.25,"15 ",,,
675,"	NSB16 ",NSB16,,P1B_130,Inch,80.25,"8  ",,,
675,"	NSB16 ",NSB16,,P1B_27,Inch,80.25,"123  ",,,
675,"	NSB16 ",NSB16,,P1B_30,Inch,80.25,"90 ",,,
675,"	NSB16 ",NSB16,,P1B_33,Inch,80.25,"62  ",,,
675,"	NSB16 ",NSB16,,P1B_350,Inch,80.25,"32  ",,,
675,"	NSB16 ",NSB16,,P1B_99J,Inch,80.25,"30  ",,,
675,"	NSB16 ",NSB16,,P1B_BG,Inch,80.25,"15  ",,,
675,"	NSB16 ",NSB16,,P27_613,Inch,86.25,"101  ",,,
675,"	NSB16 ",NSB16,,P4_27,Inch,80.25,"21  ",,,
675,"	NSB16 ",NSB16,,P4_30,Inch,80.25,"29  ",,,
675,"	NSB16 ",NSB16,,RED,Inch,80.25,"29  ",,,
675,"	NSB16 ",NSB16,,TT1B_27,Inch,80.25,"45  ",,,
675,"	NSB16 ",NSB16,,TT1B_30,Inch,80.25,"24  ",,,
675,"	NSB16 ",NSB16,,TT1B_33,Inch,80.25,"39 ",,,
675,"	NSB16 ",NSB16,,TT1B_350,Inch,80.25,"68  ",,,
675,"	NSB16 ",NSB16,,TT1B_BG,Inch,80.25,"95  ",,,
676,NSB14,NSB14,,P1B_30,Inch,71.7,71.7,67,,
677,NYMPH,NYMPH,,PI30D_26B,Inch,,,,,
678,"NDB18 ",NDB18,,TT1B_613,Inch,119.7,119.7,0,,
679,"REMY FORTE SC16 "," SC16",,1,Inch,0.00,,,,
679,"REMY FORTE SC16 "," SC16",,001B,Inch,0.00,,,,
679,"REMY FORTE SC16 "," SC16",,2,Inch,0.00,,,,
679,"REMY FORTE SC16 "," SC16",,4,Inch,0.00,,,,
679,"REMY FORTE SC16 "," SC16",,P1B_30,Inch,0.00,,,,
679,"REMY FORTE SC16 "," SC16",,P1B_33,Inch,0.00,,,,
679,"REMY FORTE SC16 "," SC16",,P27_30,Inch,0.00,,,,
679,"REMY FORTE SC16 "," SC16",,"P4_27 ",Inch,0.00,,,,
679,"REMY FORTE SC16 "," SC16",,"P4_30 ",Inch,0.00,,,,
680,"PREMA YK18 ",,,1,Inch,0.00,,,,
680,"PREMA YK18 ",,,001B,Inch,0.00,,,,
680,"PREMA YK18 ",,,2,Inch,0.00,,,,
680,"PREMA YK18 ",,,4,Inch,0.00,,,,
681,JOLLY,JOLLY,,4,Inch,,,,,
683,"PREMA YK14 ",,,1,Inch,,,,,
683,"PREMA YK14 ",,,P4_27,Inch,,,,,
683,"PREMA YK14 ",,,P1B_33,Inch,,,,,
683,"PREMA YK14 ",,,1,Inch,,,,,
683,"PREMA YK14 ",,,001B,Inch,,,,,
683,"PREMA YK14 ",,,2,Inch,,,,,
683,"PREMA YK14 ",,,27,Inch,,,,,
683,"PREMA YK14 ",,,33,Inch,,,,,
683,"PREMA YK14 ",,,30,Inch,,,,,
683,"PREMA YK14 ",,,P1B_30,Inch,,,,,
683,"PREMA YK14 ",,,P27_613,Inch,,,,,
685,"REMY FORTE SC14 ",SC14,,1,Inch,0.00,,,,
685,"REMY FORTE SC14 ",SC14,,4,Inch,0.00,,,,
685,"REMY FORTE SC14 ",SC14,,P1B_30,Inch,0.00,,,,
685,"REMY FORTE SC14 ",SC14,,P1B_33,Inch,0.00,,,,
685,"REMY FORTE SC14 ",SC14,,P27_30,Inch,0.00,,,,
685,"REMY FORTE SC14 ",SC14,,"P4_27 ",Inch,0.00,,,,
685,"REMY FORTE SC14 ",SC14,,P4_30,Inch,0.00,,,,
686,FOX," FOX",,1,Inch,,,,,
686,FOX," FOX",,DYL8A_27E,Inch,,,,,
686,FOX," FOX",,DYL530A_1120,Inch,,,,,
686,FOX," FOX",,2,Inch,,,,,
686,FOX," FOX",,4,Inch,,,,,
686,FOX," FOX",,001B,Inch,,,,,
686,FOX," FOX",,DYL118A_JACINTH,Inch,,,,,
687,"REMY FORTE SC12 ",SC12,,1,Inch,0.00,,,,
687,"REMY FORTE SC12 ",SC12,,4,Inch,0.00,,,,
687,"REMY FORTE SC12 ",SC12,,P1B_30,Inch,0.00,,,,
687,"REMY FORTE SC12 ",SC12,,P1B_33,Inch,0.00,,,,
687,"REMY FORTE SC12 ",SC12,,P27_30,Inch,0.00,,,,
688,"PREMA YK12 ","YK10 ",,1,Inch,,,,,
688,"PREMA YK12 ","YK10 ",,P1B_33,Inch,,,,,
688,"PREMA YK12 ","YK10 ",,001B,Inch,,,,,
688,"PREMA YK12 ","YK10 ",,2,Inch,,,,,
688,"PREMA YK12 ","YK10 ",,27,Inch,,,,,
688,"PREMA YK12 ","YK10 ",,4,Inch,,,,,
688,"PREMA YK12 ","YK10 ",,33,Inch,,,,,
688,"PREMA YK12 ","YK10 ",,30,Inch,,,,,
688,"PREMA YK12 ","YK10 ",,P1B_30,Inch,,,,,
688,"PREMA YK12 ","YK10 ",,P27_613,Inch,,,,,
688,"PREMA YK12 ","YK10 ",,P4_30,Inch,,,,,
688,"PREMA YK12 ","YK10 ",,P4_27,Inch,,,,,
688,"PREMA YK12 ","YK10 ",,P6_613,Inch,,,,,
689,"REMY FORTE LW16"," LW16",,1,Inch,0.00,,,,
689,"REMY FORTE LW16"," LW16",,4,Inch,0.00,,,,
689,"REMY FORTE LW16"," LW16",,P1B_30,Inch,0.00,,,,
689,"REMY FORTE LW16"," LW16",,P1B_33,Inch,0.00,,,,
689,"REMY FORTE LW16"," LW16",,P27_30,Inch,0.00,,,,
689,"REMY FORTE LW16"," LW16",,"P4_30 ",Inch,0.00,,,,
690,"REMY FORTE LW14",LW14,,1,Inch,0.00,,,,
690,"REMY FORTE LW14",LW14,,001B,Inch,0.00,,,,
690,"REMY FORTE LW14",LW14,,2,Inch,0.00,,,,
690,"REMY FORTE LW14",LW14,,4,Inch,0.00,,,,
690,"REMY FORTE LW14",LW14,,P1B_30,Inch,0.00,,,,
690,"REMY FORTE LW14",LW14,,P1B_33,Inch,0.00,,,,
690,"REMY FORTE LW14",LW14,,"P4_27 ",Inch,0.00,,,,
690,"REMY FORTE LW14",LW14,,P4_30,Inch,0.00,,,,
691,"REMY FORTE LW12 ",,,1,Inch,,,,,
691,"REMY FORTE LW12 ",,,2,Inch,,,,,
691,"REMY FORTE LW12 ",,,4,Inch,,,,,
691,"REMY FORTE LW12 ",,,P1B_30,Inch,,,,,
691,"REMY FORTE LW12 ",,,P1B_33,Inch,,,,,
691,"REMY FORTE LW12 ",,,P4_30,Inch,,,,,
691,"REMY FORTE LW12 ",,,"P4_30 ",Inch,,,,,
692,"REMY FORTE24",FORTE24,,1,Inch,0.00,,,,
692,"REMY FORTE24",FORTE24,,"001B ",Inch,0.00,,,,
692,"REMY FORTE24",FORTE24,,2,Inch,0.00,,,,
692,"REMY FORTE24",FORTE24,,4,Inch,0.00,,,,
692,"REMY FORTE24",FORTE24,,27,Inch,0.00,,,,
692,"REMY FORTE24",FORTE24,,33,Inch,0.00,,,,
693,"REMY FORTE22 ","FORTE22 ",,1,Inch,,,,,
693,"REMY FORTE22 ","FORTE22 ",,"001B ",Inch,,,,,
693,"REMY FORTE22 ","FORTE22 ",,2,Inch,,,,,
693,"REMY FORTE22 ","FORTE22 ",,4,Inch,,,,,
693,"REMY FORTE22 ","FORTE22 ",,27,Inch,,,,,
693,"REMY FORTE22 ","FORTE22 ",,30,Inch,,,,,
693,"REMY FORTE22 ","FORTE22 ",,33,Inch,,,,,
694,"REMY FORTE20",FORTE20,,1,Inch,0.00,,,,
694,"REMY FORTE20",FORTE20,,001B,Inch,0.00,,,,
694,"REMY FORTE20",FORTE20,,2,Inch,0.00,,,,
694,"REMY FORTE20",FORTE20,,4,Inch,0.00,,,,
694,"REMY FORTE20",FORTE20,,27,Inch,0.00,,,,
694,"REMY FORTE20",FORTE20,,30,Inch,0.00,,,,
694,"REMY FORTE20",FORTE20,,33,Inch,0.00,,,,
695,EMMA," EMMA",,1,Inch,,,,,
695,EMMA," EMMA",,ZYF8A_35B_130E,Inch,,,,,
695,EMMA," EMMA",,ZYF8A_30_27,Inch,,,,,
695,EMMA," EMMA",,ZYF8_27_24D,Inch,,,,,
695,EMMA," EMMA",,F4_30,Inch,,,,,
695,EMMA," EMMA",,2,Inch,,,,,
695,EMMA," EMMA",,001B,Inch,,,,,
695,EMMA," EMMA",,F1B_30,Inch,,,,,
696,"REMY FORTE18"," FORTE18",,1,Inch,0.00,,,,
696,"REMY FORTE18"," FORTE18",,001B,Inch,0.00,,,,
696,"REMY FORTE18"," FORTE18",,2,Inch,0.00,,,,
696,"REMY FORTE18"," FORTE18",,4,Inch,0.00,,,,
696,"REMY FORTE18"," FORTE18",,33,Inch,0.00,,,,
696,"REMY FORTE18"," FORTE18",,P1B_30,Inch,0.00,,,,
696,"REMY FORTE18"," FORTE18",,P1B_33,Inch,0.00,,,,
698,TRACY,TRACY,,001B,Inch,,,,,
699,"REMY FORTE16"," FORTE16",,1,Inch,0.00,,,,
699,"REMY FORTE16"," FORTE16",,2,Inch,0.00,,,,
699,"REMY FORTE16"," FORTE16",,4,Inch,0.00,,,,
699,"REMY FORTE16"," FORTE16",,27,Inch,0.00,,,,
699,"REMY FORTE16"," FORTE16",,30,Inch,0.00,,,,
699,"REMY FORTE16"," FORTE16",,33,Inch,0.00,,,,
699,"REMY FORTE16"," FORTE16",,"99J ",Inch,0.00,,,,
699,"REMY FORTE16"," FORTE16",,P1B_30,Inch,0.00,,,,
699,"REMY FORTE16"," FORTE16",,P1B_33,Inch,0.00,,,,
699,"REMY FORTE16"," FORTE16",,P27_30,Inch,0.00,,,,
699,"REMY FORTE16"," FORTE16",,P4_30,Inch,0.00,,,,
700,DARCI," DARCI",,4,Inch,,,,,
700,DARCI," DARCI",,2,Inch,,,,,
700,DARCI," DARCI",,F1B_33,Inch,,,,,
700,DARCI," DARCI",,F237,Inch,,,,,
700,DARCI," DARCI",,F4_27,Inch,,,,,
700,DARCI," DARCI",,F4_30,Inch,,,,,
701,ABBY,ABBY,,4,Inch,,,,,
702,"REMY FORTE14 ",FORTE14,,1,Inch,0.00,,,,
702,"REMY FORTE14 ",FORTE14,,001B,Inch,0.00,,,,
702,"REMY FORTE14 ",FORTE14,,2,Inch,0.00,,,,
702,"REMY FORTE14 ",FORTE14,,4,Inch,0.00,,,,
702,"REMY FORTE14 ",FORTE14,,27,Inch,0.00,,,,
702,"REMY FORTE14 ",FORTE14,,30,Inch,0.00,,,,
702,"REMY FORTE14 ",FORTE14,,33,Inch,0.00,,,,
702,"REMY FORTE14 ",FORTE14,,"99J 	",Inch,0.00,,,,
702,"REMY FORTE14 ",FORTE14,,"P1B_33 ",Inch,0.00,,,,
702,"REMY FORTE14 ",FORTE14,,P27_30,Inch,0.00,,,,
702,"REMY FORTE14 ",FORTE14,,"P4_27 ",Inch,0.00,,,,
702,"REMY FORTE14 ",FORTE14,,P4_30,Inch,0.00,,,,
703,MOLLY,MOLLY,,,Inch,1,1,,,
704,"HEAD (L) 18""-2 ",,,,Inch,,,,,
705,"Remy Forte REMY FORTE12",FORTE12,,1,Inch,0.00,,,,
705,"Remy Forte REMY FORTE12",FORTE12,,2,Inch,0.00,,,,
705,"Remy Forte REMY FORTE12",FORTE12,,4,Inch,0.00,,,,
705,"Remy Forte REMY FORTE12",FORTE12,,27,Inch,0.00,,,,
705,"Remy Forte REMY FORTE12",FORTE12,,30,Inch,0.00,,,,
705,"Remy Forte REMY FORTE12",FORTE12,,33,Inch,0.00,,,,
705,"Remy Forte REMY FORTE12",FORTE12,,"99J ",Inch,0.00,,,,
705,"Remy Forte REMY FORTE12",FORTE12,,"P1B_33 ",Inch,0.00,,,,
705,"Remy Forte REMY FORTE12",FORTE12,,P4_27,Inch,0.00,,,,
706,SIENNA,SIENNA,,F2_27,Inch,,,,,
707,"LACE GLUE",,,,Inch,,,,,
708,MIMI,,,,,,,,,
709,"HEAD (L) 18""-1",,,,Inch,,,,,
710,BOA,BOA,,F237,Inch,,,,,
711,"LACE REMOVER ",,,,Inch,,,,,
712,"LACE GLUE 1OZ",,,,Inch,,,,,
713,BROOKE,BROOKE,,,Inch,,,DYS27_30_33,,
714,"REMY FORTE10 ",,,2,Inch,,,,,
714,"REMY FORTE10 ",,,4,Inch,,,,,
714,"REMY FORTE10 ",,,27,Inch,,,,,
714,"REMY FORTE10 ",,,30,Inch,,,,,
714,"REMY FORTE10 ",,,99J,Inch,,,,,
714,"REMY FORTE10 ",,,P1B_30,Inch,,,,,
714,"REMY FORTE10 ",,,P1B_33,Inch,,,,,
714,"REMY FORTE10 ",,,P4_27,Inch,,,,,
715,EVE,EVE,,F1B_30,Inch,,,,,
716,VIVIAN,VIVIAN,,,Inch,,,L209H_216H,,
717,BOBBY," BOBBY",,F1B_33,Inch,,,,,
718,PEGGY,PEGGY,,,Inch,,,1,,
719,"YN AFRO",AFRO," 0.30","001 ",Inch,30.00,0,,,
719,"YN AFRO",AFRO," 0.30"," 001B ",Inch,30.00,20,,,
719,"YN AFRO",AFRO," 0.30",002,Inch,30.00,32,,,
719,"YN AFRO",AFRO," 0.30"," 004",Inch,30.00,29,,,
719,"YN AFRO",AFRO," 0.30","RED ",Inch,30.00,0,,,
720,MEGAN,,,,Inch,,,,,
721,TERESA,,,,Inch,,,,,
722,NATALI,NATALI,,001B,Inch,30,30,0,,
723,"ROSA ",,,,Inch,,,,,
724,HANNAH,HANNAH,,,Inch,,,1,,
725,GINA,,,,Inch,,,,,
726,ANDREA,ANDREA,,,Inch,,,DYS27_30_33,,
727,"COURTNEY ",,,,Inch,,,,,
728,SAPHIRE,,,,Inch,,,,,
729,JUNE,JUNE,,001B,Inch,30,30,0,,
730,NINA,NINA,,,Inch,,,F1B_30,,
731,SCARLET,,,,Inch,,,,,
732,REBECCA,,,,Inch,,,,,
733,RUBY,,,,Inch,,,,,
734,KAYLA,,,,Inch,,,,,
735,PAYTON,PAYTON,,DLH1B_2763,Inch,,,,,
736,WG-006,WG-006,,P4_30,Inch,0,0,,,
737,WG-005,WG-005,,PH4_30_27,Inch,,,,,
738,"2N1 S (H)","Draw String 2N1 S (H)",,"P1B_BG  ",Inch,"33.00  ",69,,,
738,"2N1 S (H)","Draw String 2N1 S (H)",,"P1B_99J  ",Inch,"33.00  ",62,,,
738,"2N1 S (H)","Draw String 2N1 S (H)",,"P1B_350  ",Inch,"33.00  ",138,,,
738,"2N1 S (H)","Draw String 2N1 S (H)",,"P1B_33  ",Inch,"33.00  ",136,,,
738,"2N1 S (H)","Draw String 2N1 S (H)",,"P1B_30  ",Inch,"33.00  ",148,,,
738,"2N1 S (H)","Draw String 2N1 S (H)",,"P1B_27  ",Inch,"33.00  ",140,,,
738,"2N1 S (H)","Draw String 2N1 S (H)",,004,Inch,"33.00  ",48,,,
738,"2N1 S (H)","Draw String 2N1 S (H)",,002,Inch,"33.00  ",36,,,
738,"2N1 S (H)","Draw String 2N1 S (H)",,"001  ",Inch,"33.00  ","253  ",,,
738,"2N1 S (H)","Draw String 2N1 S (H)",,"001B  ",Inch,"33.00  ","253  ",,,
739,JADA,JADA,,TT1B_350,Inch,,,,,
740,YUNA,YUNA,,P1B_33,Inch,111,111,,,
741,"BNH BW22 ",,,,Inch,,,,,
744,WG-004,WG-004,,PH4_30_27,Inch,60,60,1,,
745,"TARA T","TARA ",,4,Inch,,,,,
745,"TARA T","TARA ",,1,Inch,,,,,
745,"TARA T","TARA ",,001B,Inch,,,,,
745,"TARA T","TARA ",,2,Inch,,,,,
746,"SORA T","SORA -t",,P27_613,Inch,,,,,
746,"SORA T","SORA -t",,P30_144,Inch,,,,,
746,"SORA T","SORA -t",,TT1B_BG,Inch,,,,,
746,"SORA T","SORA -t",,TT1B_BG,Inch,,,,,
747,WG-003,WG-003,,P4_30,Inch,60,60,0,,
748,"MINK T","MINK ",,F1B_99J,Inch,,,,,
748,"MINK T","MINK ",,F1B_350,Inch,,,,,
748,"MINK T","MINK ",,F1B_33,Inch,,,,,
748,"MINK T","MINK ",,F1B_27,Inch,,,,,
748,"MINK T","MINK ",,1,Inch,,,,,
748,"MINK T","MINK ",,PINK,Inch,,,,,
749,BNHH22,,,,Inch,,,,,
750,JOHNSON,JOHNSON,,F1B_350,Inch,,,,,
751,BNHH16,,,,Inch,,,,,
754,BNHH14,,,,Inch,,,,,
756,"BNHH12 ",,,,Inch,,,,,
757,"2N1 S","2N1 ",,51,Inch,,,,,
757,"2N1 S","2N1 ",,280,Inch,,,,,
757,"2N1 S","2N1 ",,56,Inch,,,,,
757,"2N1 S","2N1 ",,50,Inch,,,,,
757,"2N1 S","2N1 ",,34,Inch,,,,,
757,"2N1 S","2N1 ",,2F350,Inch,,,,,
758,"2N1 L"," 2N1 L",,F4_30,Inch,,,,,
758,"2N1 L"," 2N1 L",,P27_613,Inch,,,,,
758,"2N1 L"," 2N1 L",,34,Inch,,,,,
758,"2N1 L"," 2N1 L",,4,Inch,,,,,
758,"2N1 L"," 2N1 L",,1,Inch,,,,,
758,"2N1 L"," 2N1 L",,TT1B_BG,Inch,,,,,
759,WG-001,WG-001,,PH4_30_27,Inch,60,60,25,,
761,2N1,"2N1 ",,51,Inch,,,,,
761,2N1,"2N1 ",,280,Inch,,,,,
761,2N1,"2N1 ",,56,Inch,,,,,
761,2N1,"2N1 ",,50,Inch,,,,,
761,2N1,"2N1 ",,34,Inch,,,,,
761,2N1,"2N1 ",,2F350,Inch,,,,,
761,2N1,"2N1 ",,51,Inch,,,,,
762,"WW14 ",WW14,,P4_30,Inch,81,81,,,
763,"MIX WET&WAVE ","MIX WET&WAVE ",,2,Inch,,,,,
764,WW12,WW12,,2,Inch,66.6,66.6,,,
767," WW10",WW10,,P1B_33,Inch," 57.00  ",,,,
767," WW10",WW10,,P4_27,Inch," 57.00  ",,,,
767," WW10",WW10,,P4_30,Inch," 57.00  ",,,,
768,SUN,SUN,,4,Inch,105,105,,,
770,"WW08 ",WW08,,1,Inch,21.75,21.75,,,
771,"NDW08 ",NDW08,,1,Inch,21.75,21.75,53,,
772,"MATCH S.BOB ","MATCH S.BOB ",,1,Inch,,,,,
774,DANDY,,,,Inch,,,,,
775,SUE,SUE,,1,Inch,48,48,13,,
777,"NSW14 "," NSW14",,1,Inch,"74.25  ",,,,
777,"NSW14 "," NSW14",,001B,Inch,"74.25  ",,,,
777,"NSW14 "," NSW14",,2,Inch,"74.25  ",,,,
777,"NSW14 "," NSW14",,4,Inch,"74.25  ",,,,
777,"NSW14 "," NSW14",,30,Inch,"74.25  ",,,,
777,"NSW14 "," NSW14",,33,Inch,"74.25  ",,,,
777,"NSW14 "," NSW14",,P1B_30,Inch,"80.25   ",,,,
777,"NSW14 "," NSW14",,P1B_33,Inch,"80.25 ",,,,
777,"NSW14 "," NSW14",,P1B_350,Inch,"80.25 ",,,,
777,"NSW14 "," NSW14",,"P1B_BG ",Inch,"80.25 ",,,,
777,"NSW14 "," NSW14",,"P27_613 ",Inch,"80.25 ",,,,
777,"NSW14 ",,,P4_27,Inch,,,,,
778,BONITA,BONITA,,F1B_27S,Inch,,,,,
779,VIOLET,VIOLET,,1,Inch,22.5,22.5,121,,
780,"MIX ROMANCE",,,,Inch,,,,,
781,BECKY,BECKY,,"HL2_350  ",Inch,66,66,.,,
783,BARBARA,BARBARA,,"HL2_350  ",Inch,54,54,1,,
784,"MATCH M.BOB","MATCH M.BOB",,1,Inch,,,,,
785,NSW12,NSW12,,001B,Inch,65.7,65.7,,,
786,REBA,REBA,,1,Inch,51,51,17,,
787,"MIX M.BOB","MIX M.BOB ",,1,Inch,,,,,
788,"NSW10 ","NSW10 ",,1,Inch,50.25,50.25,,,
789,ROSEMARY,ROSEMARY,,1,Inch,22.5,22.5,35,,
790,NICOLE,NICOLE,,1,Inch,105,105,36,,
791,JASMENIA,,,,Inch,,,,,
792,"IRIS ",,,,Inch,,,,,
793,HOLLY,,,,Inch,,,,,
794,"MATCH L.LAYER",,,1,Inch,,,,,
794,"MATCH L.LAYER",,,4,Inch,,,,,
794,"MATCH L.LAYER",,,2,Inch,,,,,
794,"MATCH L.LAYER",,,27,Inch,,,,,
794,"MATCH L.LAYER",,,33,Inch,,,,,
794,"MATCH L.LAYER",,,30,Inch,,,,,
794,"MATCH L.LAYER",,,P1B_30,Inch,,,,,
794,"MATCH L.LAYER",,,P4_30,Inch,,,,,
794,"MATCH L.LAYER",,,P27_613,Inch,,,,,
794,"MATCH L.LAYER",,,P4_27,Inch,,,,,
794,"MATCH L.LAYER",,,P6_613,Inch,,,,,
794,"MATCH L.LAYER",,,P6_613,Inch,,,,,
795,NSW08,NSW08,,4,Inch,21,21,,,
796,"MATCH FINGER","MATCH FINGER",,14,Inch,,,,,
797,"MIX FINGER",,,,Inch,,,,,
798,"MIX L.LAYER","MIX L.LAYER",,1,Inch,,,,,
799,"MATCH BODY W","MIX BODY W",,2,,9.98,198,4.99,4.99,19.96
799,"MATCH BODY W","MIX BODY W",,4,,9.98,211,4.99,4.99,19.96
799,"MATCH BODY W","MIX BODY W",,350,,9.98,185,4.99,4.99,19.96
799,"MATCH BODY W","MIX BODY W",,613,,9.98,100,4.99,4.99,19.96
799,"MATCH BODY W","MIX BODY W",,001B,,9.98,93,4.99,4.99,19.96
799,"MATCH BODY W","MIX BODY W",,P1B_30,,9.98,72,4.99,4.99,19.96
799,"MATCH BODY W","MIX BODY W",,P27_30,,9.98,133,4.99,4.99,19.96
799,"MATCH BODY W","MIX BODY W",,P27_33,,9.98,197,4.99,4.99,19.96
799,"MATCH BODY W","MIX BODY W",,P30_33,,9.98,200,4.99,4.99,19.96
799,"MATCH BODY W","MIX BODY W",,P4_27,,9.98,162,4.99,4.99,19.96
799,"MATCH BODY W","MIX BODY W",,P4_30,,9.98,122,4.99,4.99,19.96
800,"MIX BODY W","MIX BODY W",,2,Inch,9.98,198,4.99,4.99,19.96
800,"MIX BODY W","MIX BODY W",,4,Inch,9.98,211,4.99,4.99,19.96
800,"MIX BODY W","MIX BODY W",,350,Inch,9.98,185,4.99,4.99,19.96
800,"MIX BODY W","MIX BODY W",,613,Inch,9.98,100,4.99,4.99,19.96
800,"MIX BODY W","MIX BODY W",,001B,Inch,9.98,93,4.99,4.99,19.96
800,"MIX BODY W","MIX BODY W",,P1B_30,Inch,9.98,72,4.99,4.99,19.96
800,"MIX BODY W","MIX BODY W",,P27_30,Inch,9.98,133,4.99,4.99,19.96
800,"MIX BODY W","MIX BODY W",,P27_33,Inch,9.98,197,4.99,4.99,19.96
800,"MIX BODY W","MIX BODY W",,P30_33,Inch,9.98,200,4.99,4.99,19.96
800,"MIX BODY W","MIX BODY W",,P4_27,Inch,9.98,162,4.99,4.99,19.96
800,"MIX BODY W","MIX BODY W",,P4_30,Inch,9.98,122,4.99,4.99,19.96
800,"MIX BODY W","MIX BODY W",,2,Inch,9.98,9.98,198,4.99,4.99
846,STW,STW,10,4,Inch,35,23,17.50,17.50,52.50
846,STW,STW,10,27,Inch,49,28,24.50,24.50,73.50
846,STW,STW,10,30,Inch,35,6,17.50,17.50,52.50
846,STW,STW,10,33,Inch,35,20,17.50,17.50,52.50
846,STW,STW,10,44,Inch,39,6,19.50,19.50,58.50
846,STW,STW,10,350,Inch,49,20,24.50,24.50,73.50
846,STW,STW,10,613,Inch,75,8,37.50,37.50,112.50
846,STW,STW,10,99J,Inch,49,3,24.50,24.50,73.50
846,STW,STW,10,BLUE,Inch,75,60,37.50,37.50,112.50
846,STW,STW,10,BURG,Inch,49,2,24.50,24.50,73.50
846,STW,STW,10,GREEN,Inch,75,53,37.50,37.50,112.50
846,STW,STW,10,ORANGE,Inch,75,50,37.50,37.50,112.50
846,STW,STW,10,P1B_30,Inch,39,19,19.50,19.50,58.50
846,STW,STW,10,P1B_350,Inch,49,8,24.50,24.50,73.50
846,STW,STW,10,P1B_99J,Inch,49,11,24.50,24.50,73.50
846,STW,STW,10,P1B_BG,Inch,49,12,24.50,24.50,73.50
846,STW,STW,10,P27_30,Inch,49,12,24.50,24.50,73.50
846,STW,STW,10,P27_33,Inch,49,15,24.50,24.50,73.50
846,STW,STW,10,P27_613,Inch,105,16,52.50,52.50,157.50
846,STW,STW,10,P4_27,Inch,49,12,24.50,24.50,73.50
846,STW,STW,10,P4_30,Inch,39,35,19.50,19.50,58.50
846,STW,STW,10,PINK,Inch,75,48,37.50,37.50,112.50
846,STW,STW,10,PURPLE,Inch,75,48,37.50,37.50,112.50
846,STW,STW,10,RED,Inch,75,67,37.50,37.50,112.50
846,STW,STW,12,1,Inch,50,61,25.00,25.00,75.00
846,STW,STW,12,27,Inch,64,15,32.00,32.00,96.00
846,STW,STW,12,30,Inch,50,12,25.00,25.00,75.00
846,STW,STW,12,33,Inch,50,17,25.00,25.00,75.00
846,STW,STW,12,350,Inch,64,16,32.00,32.00,96.00
846,STW,STW,12,613,Inch,90,9,45.00,45.00,135.00
846,STW,STW,12,001B,Inch,50,26,25.00,25.00,75.00
846,STW,STW,12,99J,Inch,64,18,32.00,32.00,96.00
846,STW,STW,12,BURG,Inch,64,24,32.00,32.00,96.00
846,STW,STW,12,P1B_30,Inch,54,10,27.00,27.00,81.00
846,STW,STW,12,P1B_33,Inch,54,14,27.00,27.00,81.00
846,STW,STW,12,P1B_350,Inch,64,11,32.00,32.00,96.00
846,STW,STW,12,P1B_99J,Inch,64,17,32.00,32.00,96.00
846,STW,STW,12,P1B_BG,Inch,64,12,32.00,32.00,96.00
846,STW,STW,12,P27_30,Inch,64,14,32.00,32.00,96.00
846,STW,STW,12,P27_33,Inch,64,10,32.00,32.00,96.00
846,STW,STW,12,P27_613,Inch,120,33,60.00,60.00,180.00
846,STW,STW,12,P4_27,Inch,64,24,32.00,32.00,96.00
846,STW,STW,12,P4_30,Inch,54,12,27.00,27.00,81.00
846,STW,STW,14,1,Inch,64,121,32.00,32.00,96.00
846,STW,STW,14,2,Inch,64,5,32.00,32.00,96.00
846,STW,STW,14,4,Inch,64,5,32.00,32.00,96.00
846,STW,STW,14,22,Inch,104,143,52.00,52.00,156.00
846,STW,STW,14,27,Inch,78,12,39.00,39.00,117.00
846,STW,STW,14,30,Inch,64,13,32.00,32.00,96.00
846,STW,STW,14,33,Inch,64,2,32.00,32.00,96.00
846,STW,STW,14,350,,78,18,39.00,39.00,117.00
846,STW,STW,14,613,,104,20,52.00,52.00,156.00
846,STW,STW,14,001B,,64,92,32.00,32.00,96.00
846,STW,STW,14,99J,,78,4,39.00,39.00,117.00
846,STW,STW,14,P18_22,,104,72,52.00,52.00,156.00
846,STW,STW,14,P18_613,,104,17,52.00,52.00,156.00
846,STW,STW,14,P1B_30,,68,7,34.00,34.00,102.00
846,STW,STW,14,P1B_33,,68,2,34.00,34.00,102.00
846,STW,STW,14,P1B_BG,,78,2,39.00,39.00,117.00
846,STW,STW,14,P24_613,,104,80,52.00,52.00,156.00
846,STW,STW,14,P27_24,,104,135,52.00,52.00,156.00
846,STW,STW,14,P27_33,,78,2,39.00,39.00,117.00
846,STW,STW,14,P27_613,,134,107,67.00,67.00,201.00
846,STW,STW,14,P4_613,,104,153,52.00,52.00,156.00
846,STW,STW,14,P6_24,,104,30,52.00,52.00,156.00
846,STW,STW,14,P6_27,,78,96,39.00,39.00,117.00
846,STW,STW,14,P6_613,,104,57,52.00,52.00,156.00
846,STW,STW,16,1,,74,26,37.00,37.00,111.00
846,STW,STW,16,2,,74,77,37.00,37.00,111.00
846,STW,STW,16,4,,74,8,37.00,37.00,111.00
846,STW,STW,16,22,,124,20,62.00,62.00,186.00
846,STW,STW,16,350,,98,30,49.00,49.00,147.00
846,STW,STW,16,001B,,74,20,37.00,37.00,111.00
846,STW,STW,16,P1B_30,,78,16,39.00,39.00,117.00
846,STW,STW,16,P1B_33,,78,17,39.00,39.00,117.00
846,STW,STW,16,P1B_BG,,98,16,49.00,49.00,147.00
846,STW,STW,16,P27_24,,124,6,62.00,62.00,186.00
846,STW,STW,16,P27_30,,98,2,49.00,49.00,147.00
846,STW,STW,16,P27_33,,98,4,49.00,49.00,147.00
846,STW,STW,16,P4_30,,78,3,39.00,39.00,117.00
846,STW,STW,16,P4_613,,124,68,62.00,62.00,186.00
846,STW,STW,18,4,,88,2,44.00,44.00,132.00
846,STW,STW,18,30,,88,10,44.00,44.00,132.00
846,STW,STW,18,350,,112,15,56.00,56.00,168.00
846,STW,STW,18,P18_22,,138,5,69.00,69.00,207.00
846,STW,STW,18,P1B_30,,92,18,46.00,46.00,138.00
846,STW,STW,18,P1B_33,,92,12,46.00,46.00,138.00
846,STW,STW,18,P1B_BG,,112,4,56.00,56.00,168.00
846,STW,STW,18,P27_24,,138,7,69.00,69.00,207.00
846,STW,STW,18,P27_33,,112,6,56.00,56.00,168.00
846,STW,STW,18,P6_27,,112,4,56.00,56.00,168.00
846,STW,STW,28A,1,,200,36,100.00,100.00,300.00
847,test001,FLW-B-DB2,10,1,Inch,199.2,10,159.36,179.28,350
847,test001,FLW-B-DB3,10,1B,Inch,199.2,10,159.36,179.28,298.8
847,test001,FLW-B-DB4,10,2,Inch,199.2,10,159.36,179.28,298.8
847,test001,FLW-B-DB5,10,3,Inch,199.2,10,159.36,179.28,298.8
847,test001,FLW-B-DB6,10,4,Inch,199.2,10,159.36,179.28,298.8
847,test001,FLW-B-DB7,10,6,Inch,199.2,10,159.36,179.28,298.8
847,test001,FLW-B-DB8,10,8,Inch,199.2,10,159.36,179.28,298.8
847,test001,FLW-B-DB9,10,9,Inch,199.2,10,159.36,179.28,298.8
847,test001,FLW-B-DB10,10,10,Inch,199.2,10,159.36,179.28,298.8
847,test001,FLW-B-DB11,10,12,Inch,199.2,10,159.36,179.28,298.8
847,test001,FLW-B-DB12,10,14,Inch,199.2,10,159.36,179.28,298.8
847,test001,FLW-B-DB13,10,16,Inch,199.2,10,159.36,179.28,298.8
847,test001,FLW-B-DB14,10,18,Inch,199.2,10,159.36,179.28,298.8
847,test001,FLW-B-DB15,10,22,Inch,199.2,10,159.36,179.28,298.8
847,test001,FLW-B-DB16,10,24,Inch,199.2,10,159.36,179.28,298.8
847,test001,FLW-B-DB17,10,25,Inch,199.2,10,159.36,179.28,298.8
847,test001,FLW-B-DB18,10,27A,Inch,199.2,10,159.36,179.28,298.8
847,test001,FLW-B-DB19,12,1,Inch,209.2,10,167.36,188.28,313.8
847,test001,FLW-B-DB20,12,1B,Inch,209.2,10,167.36,188.28,313.8
847,test001,FLW-B-DB21,12,2,Inch,209.2,10,167.36,188.28,313.8
847,test001,FLW-B-DB22,12,3,Inch,209.2,10,167.36,188.28,313.8
847,test001,FLW-B-DB23,12,4,Inch,209.2,10,167.36,188.28,313.8
847,test001,FLW-B-DB24,12,6,Inch,209.2,10,167.36,188.28,313.8
847,test001,FLW-B-DB25,12,8,Inch,209.2,10,167.36,188.28,313.8
847,test001,FLW-B-DB26,12,9,Inch,209.2,10,167.36,188.28,313.8
847,test001,FLW-B-DB27,12,10,Inch,209.2,10,167.36,188.28,313.8
847,test001,FLW-B-DB28,12,12,Inch,219.2,10,175.36,197.28,328.8
847,test001,FLW-B-DB29,12,14,Inch,219.2,10,175.36,197.28,328.8
847,test001,FLW-B-DB30,12,16,Inch,219.2,10,175.36,197.28,328.8
847,test001,FLW-B-DB31,12,18,Inch,219.2,10,175.36,197.28,328.8
847,test001,FLW-B-DB32,12,22,Inch,219.2,10,175.36,197.28,328.8
847,test001,FLW-B-DB33,12,24,Inch,219.2,10,175.36,197.28,328.8
847,test001,FLW-B-DB34,12,25,Inch,219.2,10,175.36,197.28,328.8
847,test001,FLW-B-DB35,12,27A,Inch,219.2,10,175.36,197.28,328.8
847,test001,FLW-B-DB36,14,1,Inch,214.2,10,171.36,192.78,321.3
847,test001,FLW-B-DB37,14,1B,Inch,214.2,10,171.36,192.78,321.3
847,test001,FLW-B-DB38,14,2,Inch,214.2,10,171.36,192.78,321.3
847,test001,FLW-B-DB39,14,3,Inch,214.2,10,171.36,192.78,321.3
847,test001,FLW-B-DB40,14,4,Inch,214.2,10,171.36,192.78,321.3
847,test001,FLW-B-DB41,14,6,Inch,214.2,10,171.36,192.78,321.3
847,test001,FLW-B-DB42,14,8,Inch,214.2,10,171.36,192.78,321.3
847,test001,FLW-B-DB43,14,9,Inch,214.2,10,171.36,192.78,321.3
847,test001,FLW-B-DB44,14,10,Inch,214.2,10,171.36,192.78,321.3
847,test001,FLW-B-DB45,14,12,Inch,224.2,10,179.36,201.78,336.3
847,test001,FLW-B-DB46,14,14,Inch,224.2,10,179.36,201.78,336.3
847,test001,FLW-B-DB47,14,16,Inch,224.2,10,179.36,201.78,336.3
847,test001,FLW-B-DB48,14,18,Inch,224.2,10,179.36,201.78,336.3
847,test001,FLW-B-DB49,14,22,Inch,224.2,10,179.36,201.78,336.3
847,test001,FLW-B-DB50,14,24,Inch,224.2,10,179.36,201.78,336.3
847,test001,FLW-B-DB51,14,25,Inch,224.2,10,179.36,201.78,336.3
847,test001,FLW-B-DB52,14,27A,,224.2,10,179.36,201.78,336.3
847,test001,FLW-B-DB53,16,1,,229.2,10,183.36,206.28,343.8
847,test001,FLW-B-DB54,16,1B,,229.2,10,183.36,206.28,343.8
847,test001,FLW-B-DB55,16,2,,229.2,10,183.36,206.28,343.8
847,test001,FLW-B-DB56,16,3,,229.2,10,183.36,206.28,343.8
847,test001,FLW-B-DB57,16,4,,229.2,10,183.36,206.28,343.8
847,test001,FLW-B-DB58,16,6,,229.2,10,183.36,206.28,343.8
847,test001,FLW-B-DB59,16,8,,229.2,10,183.36,206.28,343.8
847,test001,FLW-B-DB60,16,9,,229.2,10,183.36,206.28,343.8
847,test001,FLW-B-DB61,16,10,,229.2,10,183.36,206.28,343.8
847,test001,FLW-B-DB62,16,12,,239.2,10,191.36,215.28,358.8
847,test001,FLW-B-DB63,16,14,,239.2,10,191.36,215.28,358.8
847,test001,FLW-B-DB64,16,16,,239.2,10,191.36,215.28,358.8
847,test001,FLW-B-DB65,16,18,,239.2,10,191.36,215.28,358.8
847,test001,FLW-B-DB66,16,22,,239.2,10,191.36,215.28,358.8
847,test001,FLW-B-DB67,16,24,,239.2,10,191.36,215.28,358.8
847,test001,FLW-B-DB68,16,25,,239.2,10,191.36,215.28,358.8
847,test001,FLW-B-DB69,16,27A,,239.2,10,191.36,215.28,358.8
847,test001,FLW-B-DB70,18,1,,254.2,10,203.36,228.78,381.3
847,test001,FLW-B-DB71,18,1B,,254.2,10,203.36,228.78,381.3
847,test001,FLW-B-DB72,18,2,,254.2,10,203.36,228.78,381.3
847,test001,FLW-B-DB73,18,3,,254.2,10,203.36,228.78,381.3
847,test001,FLW-B-DB74,18,4,,254.2,10,203.36,228.78,381.3
847,test001,FLW-B-DB75,18,6,,254.2,10,203.36,228.78,381.3
847,test001,FLW-B-DB76,18,8,,254.2,10,203.36,228.78,381.3
847,test001,FLW-B-DB77,18,9,,254.2,10,203.36,228.78,381.3
847,test001,FLW-B-DB78,18,10,,254.2,10,203.36,228.78,381.3
847,test001,FLW-B-DB79,18,12,,264.2,10,211.36,237.78,396.3
847,test001,FLW-B-DB80,18,14,,264.2,10,211.36,237.78,396.3
847,test001,FLW-B-DB81,18,16,,264.2,10,211.36,237.78,396.3
847,test001,FLW-B-DB82,18,18,,264.2,10,211.36,237.78,396.3
847,test001,FLW-B-DB83,18,22,,264.2,10,211.36,237.78,396.3
847,test001,FLW-B-DB84,18,24,,264.2,10,211.36,237.78,396.3
847,test001,FLW-B-DB85,18,25,,264.2,10,211.36,237.78,396.3
847,test001,FLW-B-DB86,18,27A,,264.2,10,211.36,237.78,396.3
847,test001,FLW-B-DB87,20,1,,279.2,10,223.36,251.28,418.8
847,test001,FLW-B-DB88,20,1B,,279.2,10,223.36,251.28,418.8
847,test001,FLW-B-DB89,20,2,,279.2,10,223.36,251.28,418.8
847,test001,FLW-B-DB90,20,3,,279.2,10,223.36,251.28,418.8
847,test001,FLW-B-DB91,20,4,,279.2,10,223.36,251.28,418.8
847,test001,FLW-B-DB92,20,6,,279.2,10,223.36,251.28,418.8
847,test001,FLW-B-DB93,20,8,,279.2,10,223.36,251.28,418.8
847,test001,FLW-B-DB94,20,9,,279.2,10,223.36,251.28,418.8
847,test001,FLW-B-DB95,20,10,,279.2,10,223.36,251.28,418.8
847,test001,FLW-B-DB96,20,12,,289.2,10,231.36,260.28,433.8
847,test001,FLW-B-DB97,20,14,,289.2,10,231.36,260.28,433.8
847,test001,FLW-B-DB98,20,16,,289.2,10,231.36,260.28,433.8
847,test001,FLW-B-DB99,20,18,,289.2,10,231.36,260.28,433.8
847,test001,FLW-B-DB100,20,22,,289.2,10,231.36,260.28,433.8
847,test001,FLW-B-DB101,20,24,,289.2,10,231.36,260.28,433.8
847,test001,FLW-B-DB102,20,25,,289.2,10,231.36,260.28,433.8
847,test001,FLW-B-DB103,20,27A,,289.2,10,231.36,260.28,433.8
847,test001,FLW-B-DB104,22,1,,304.2,10,243.36,273.78,456.3
847,test001,FLW-B-DB105,22,1B,,304.2,10,243.36,273.78,456.3
847,test001,FLW-B-DB106,22,2,,304.2,10,243.36,273.78,456.3
848,test1,,,,,,,,,
