PRODUCT_CODE,ITEM,LENGTH,COLOR,TYPE,PRICE,PRICE,STOCK,MPRICE,WPRICE,RPRICE
AARU,AARU,20,1,,20,20,176,,,
BARU,BARU,,1,,20,20,19,,,
HARU,HARU,,1,,20,20,22,,,
HELEN,,F4-30,,2.08E+13,21,21,9,,,
HELEN,,F4-30,,2.08E+13,21,21,85,,,
HELEN,,P1B-BG,,2.08E+13,21,21,12,,,
HELEN,,P1B-BG,,2.08E+13,,,,,,
HELEN,,T1B-30,,2.08E+13,,,,,,
HELEN,,T1B-30,,2.08E+13,,,,,,
HELEN,,T1B-30,,2.08E+13,,,,,,
HELEN,,T1B-30,,2.08E+13,,,,,,
HELEN,,T1B-30,,2.08E+13,,,,,,
HELEN,,T1B-30,,2.08E+13,,,,,,
HELEN,,T1B-30,,2.08E+13,,,,,,
HELEN,,T1B-30,,2.08E+13,,,,,,
HELEN,,T1B-30,,2.08E+13,,,,,,
HELEN,1,T1B-30,21,2.08E+13,12,12,,,,
HELEN,001B,T1B-30,21,2.08E+13,9,9,1,,,
HELEN,2,T1B-30,21,2.08E+13,0,0,1,,,
HELEN,4,T1B-30,21,2.08E+13,0,0,1,,,
HELEN,34,T1B-30,21,2.08E+13,6,6,1,,,
HELEN,44,T1B-30,21,2.08E+13,8,8,1,,,
HELEN,51,T1B-30,21,2.08E+13,6,6,1,,,
HELEN,280,T1B-30,21,2.08E+13,5,5,1,,,
HELEN,F1B-27S,T1B-30,21,2.08E+13,14,14,1,,,
HELEN,F1B-30,T1B-30,21,2.08E+13,13,13,1,,,
HELEN,F1B-33,T1B-30,21,2.08E+13,13,13,1,,,
HELEN,F237,T1B-30,21,2.08E+13,8,8,1,,,
JANE H,JANE H,,1,Inch,34,34,0,,,
JENIF H,,,,,,,,,,
JULIE H,,,,,,,,,,
JULIE H II,JULIE H II,10,1,Inch,51,51,8,,,
KASSIA,KASSIA,,1,Inch,66,66,18,,,
LACE-001,LACE-001,,1,Inch,350,350,6,,,
LACE-002,LACE-002,,1,Inch,350,350,17,,,
LACE-004,LACE-004,,1,Inch,150,150,2,,,
LACE-006,LACE-006,,1,Inch,150,150,0,,,
test111,test,,2,,100,100,100,,,
LACE-007,LACE-007,,1,Inch,190,190,9,,,
LACE-008,LACE-008,,1,Inch,150,150,4,,,
LACE-009,LACE-009,,1,Inch,150,150,4,,,
LACE-010,LACE-010,,1,Inch,70,70,55,,,
LACE-011,LACE-011,,1,Inch,80,80,1,,,
LINSEY,LINSEY,,1,Inch,21,21,10,,,
LISA,LISA,,1,Inch,35,35,1,,,
MARU,MARU,,1,Inch,20,20,-1,,,
shop_1,shop_ab,,4,Inch,100,100,80,,,
ESTHER11,ESTHER,,TT1B-BG,,100,100,54,,,
ESTHER1,ESTHER1,,TT1B-BG,,100,100,54,,,
ESTHER120,ESTHER120,,F4-30,,100,100,80,,,
ESTHER120, ESTHER120,,F4-30,,100,100,80,,,
ESTHER123,ESTHER123,,F4-30,,100,100,80,,,
ESTHER115,ESTHER115,,TT1B-BG,,0,0,25,,,
ESTHER115, ESTHER115,,F4-30,,100,100,20,,,
ESTHER115, ESTHER115,,1,,100,100,20,,,
ESTHER115, ESTHER115,,001B,,100,100,25,,,
ESTHER115, ESTHER115,,TT1B-33,,100,100,20,,,
ESTHER115, ESTHER115,,2,,100,100,30,,,
ESTHER118,ESTHER118,,F4-30,,0,0,80,,,
ESTHER118, ESTHER118,,2,,0,0,90,,,
ESTHER118, ESTHER118,,TT1B-33,,100,100,100,,,
ESTHER118, ESTHER118,,001B,,100,100,30,,,
ESTHER118, ESTHER118,,TT1B-BG,,100,100,18,,,
ESTHER118, ESTHER118,,1,,100,100,25,,,
ESTHER118, ESTHER118,,4,,100,100,25,,,
STB18,,,,,,,,,,
STW18 ,,,,Inch,,,,,,
hh,,,,Inch,,,,,,
STW16 ,,,,Inch,,,,,,
STW14 ,,,,Inch,,,,,,
STW12 ,,,,Inch,,,,,,
STW10 ,STW,10,4,,35,35,23,17.5,17.5,52.5
STW10 ,STW,10,27,,49,49,28,24.5,24.5,73.5
STW10 ,STW,10,30,,35,35,6,17.5,17.5,52.5
STW10 ,STW,10,33,,35,35,20,17.5,17.5,52.5
STW10 ,STW,10,44,,39,39,6,19.5,19.5,58.5
STW10 ,STW,10,350,,49,49,20,24.5,24.5,73.5
STW10 ,STW,10,613,,75,75,8,37.5,37.5,112.5
STW10 ,STW,10,99J,,49,49,3,24.5,24.5,73.5
STW10 ,STW,10,BLUE,,75,75,60,37.5,37.5,112.5
STW10 ,STW,10,BURG,,49,49,2,24.5,24.5,73.5
STW10 ,STW,10,GREEN,,75,75,53,37.5,37.5,112.5
STW10 ,STW,10,ORANGE,,75,75,50,37.5,37.5,112.5
STW10 ,STW,10,P1B_30,,39,39,19,19.5,19.5,58.5
STW10 ,STW,10,P1B_350,,49,49,8,24.5,24.5,73.5
STW10 ,STW,10,P1B_99J,,49,49,11,24.5,24.5,73.5
STW10 ,STW,10,P1B_BG,,49,49,12,24.5,24.5,73.5
STW10 ,STW,10,P27_30,,49,49,12,24.5,24.5,73.5
STW10 ,STW,10,P27_33,,49,49,15,24.5,24.5,73.5
STW10 ,STW,10,P27_613,,105,105,16,52.5,52.5,157.5
STW10 ,STW,10,P4_27,,49,49,12,24.5,24.5,73.5
STW10 ,STW,10,P4_30,,39,39,35,19.5,19.5,58.5
STW10 ,STW,10,PINK,,75,75,48,37.5,37.5,112.5
STW10 ,STW,10,PURPLE,,75,75,48,37.5,37.5,112.5
STW10 ,STW,10,RED,,75,75,67,37.5,37.5,112.5
STW10 ,STW,12,1,,50,50,61,25,25,75
STW10 ,STW,12,27,,64,64,15,32,32,96
STW10 ,STW,12,30,,50,50,12,25,25,75
STW10 ,STW,12,33,,50,50,17,25,25,75
STW10 ,STW,12,350,,64,64,16,32,32,96
STW10 ,STW,12,613,,90,90,9,45,45,135
STW10 ,STW,12,001B,,50,50,26,25,25,75
STW10 ,STW,12,99J,,64,64,18,32,32,96
STW10 ,STW,12,BURG,,64,64,24,32,32,96
STW10 ,STW,12,P1B_30,,54,54,10,27,27,81
STW10 ,STW,12,P1B_33,,54,54,14,27,27,81
STW10 ,STW,12,P1B_350,,64,64,11,32,32,96
STW10 ,STW,12,P1B_99J,,64,64,17,32,32,96
STW10 ,STW,12,P1B_BG,,64,64,12,32,32,96
STW10 ,STW,12,P27_30,,64,64,14,32,32,96
STW10 ,STW,12,P27_33,,64,64,10,32,32,96
STW10 ,STW,12,P27_613,,120,120,33,60,60,180
STW10 ,STW,12,P4_27,,64,64,24,32,32,96
STW10 ,STW,12,P4_30,,54,54,12,27,27,81
STW10 ,STW,14,1,,64,64,121,32,32,96
STW10 ,STW,14,2,,64,64,5,32,32,96
STW10 ,STW,14,4,,64,64,5,32,32,96
STW10 ,STW,14,22,,104,104,143,52,52,156
STW10 ,STW,14,27,,78,78,12,39,39,117
STW10 ,STW,14,30,,64,64,13,32,32,96
STW10 ,STW,14,33,,64,64,2,32,32,96
STW10 ,STW,14,350,,78,78,18,39,39,117
STW10 ,STW,14,613,,104,104,20,52,52,156
STW10 ,STW,14,001B,,64,64,92,32,32,96
STW10 ,STW,14,99J,,78,78,4,39,39,117
STW10 ,STW,14,P18_22,,104,104,72,52,52,156
STW10 ,STW,14,P18_613,,104,104,17,52,52,156
STW10 ,STW,14,P1B_30,,68,68,7,34,34,102
STW10 ,STW,14,P1B_33,,68,68,2,34,34,102
STW10 ,STW,14,P1B_BG,,78,78,2,39,39,117
STW10 ,STW,14,P24_613,,104,104,80,52,52,156
STW10 ,STW,14,P27_24,,104,104,135,52,52,156
STW10 ,STW,14,P27_33,,78,78,2,39,39,117
STW10 ,STW,14,P27_613,,134,134,107,67,67,201
STW10 ,STW,14,P4_613,,104,104,153,52,52,156
STW10 ,STW,14,P6_24,,104,104,30,52,52,156
STW10 ,STW,14,P6_27,,78,78,96,39,39,117
STW10 ,STW,14,P6_613,,104,104,57,52,52,156
STW10 ,STW,16,1,,74,74,26,37,37,111
STW10 ,STW,16,2,,74,74,77,37,37,111
STW10 ,STW,16,4,,74,74,8,37,37,111
STW10 ,STW,16,22,,124,124,20,62,62,186
STW10 ,STW,16,350,,98,98,30,49,49,147
STW10 ,STW,16,001B,,74,74,20,37,37,111
STW10 ,STW,16,P1B_30,,78,78,16,39,39,117
STW10 ,STW,16,P1B_33,,78,78,17,39,39,117
STW10 ,STW,16,P1B_BG,,98,98,16,49,49,147
STW10 ,STW,16,P27_24,,124,124,6,62,62,186
STW10 ,STW,16,P27_30,,98,98,2,49,49,147
STW10 ,STW,16,P27_33,,98,98,4,49,49,147
STW10 ,STW,16,P4_30,,78,78,3,39,39,117
STW10 ,STW,16,P4_613,,124,124,68,62,62,186
STW10 ,STW,18,4,,88,88,2,44,44,132
STW10 ,STW,18,30,,88,88,10,44,44,132
STW10 ,STW,18,350,,112,112,15,56,56,168
STW10 ,STW,18,P18_22,,138,138,5,69,69,207
STW10 ,STW,18,P1B_30,,92,92,18,46,46,138
STW10 ,STW,18,P1B_33,,92,92,12,46,46,138
STW10 ,STW,18,P1B_BG,,112,112,4,56,56,168
STW10 ,STW,18,P27_24,,138,138,7,69,69,207
STW10 ,STW,18,P27_33,,112,112,6,56,56,168
STW10 ,STW,18,P6_27,,112,112,4,56,56,168
STW10 ,STW,28A,1,,200,200,36,100,100,300
NSW18 ,,,,Inch,,,,,,
STUNNING LADY ,,,,Inch,,,,,,
GRACEFUL LADY ,,,,Inch,,,,,,
INTELLI LADY ,,,,Inch,,,,,,
ELEGANT LADY ,,,,Inch,,,,,,
S YK18 ,,,,Inch,,,,,,
S YK12 ,,,,Inch,,,,,,
NEW D WAVE,,,,Inch,,,,,,
DISCO L,,,,Inch,,,,,,
CRIMP ,,,,Inch,,,,,,
BODY WAV ,,,,Inch,,,,,,
WB18 ,WB18,,P4_30,Inch,113.7,113.7,10,,,
WB18 , WB18,,P4_27,Inch,113.7,113.7,23,,,
WB18 , WB18,,P30_144,Inch,119.7,119.7,18,,,
WB18 , WB18,,P27_613,Inch,119.7,119.7,12,,,
WB18 , WB18,,P1B_BG,Inch,113.7,113.7,9,,,
WB18 , WB18,,P1B_99J,Inch,113.7,113.7,10,,,
WB18 , WB18,,P1B_350,Inch,113.7,113.7,22,,,
WB18 , WB18,,P1B_33,Inch,113.7,113.7,4,,,
WB18 , WB18,,P1B_30,Inch,113.7,113.7,36,,,
WB18 , WB18,,P1B_27,Inch,113.7,113.7,27,,,
WB18 , WB18,,33,Inch,107.7,107.7,9,,,
WB18 , WB18,,30,Inch,107.7,107.7,23,,,
WB18 , WB18,,27,Inch,107.7,107.7,0,,,
WB18 , WB18,,4,Inch,107.7,107.7,7,,,
WB18 , WB18,,2,Inch,107.7,107.7,25,,,
WB18 , WB18,,001B,Inch,107.7,107.7,37,,,
WB18 , WB18,,1,Inch,107.7,107.7,26,,,
BNH BW26,,,,Inch,,,,,,
BNH BW24 ,,,,Inch,,,,,,
BNH BW20 ,,,,Inch,,,,,,
BNH BW18,,,,Inch,,,,,,
BNH BW16,,,,Inch,,,,,,
BNH BW14 ,,,,Inch,,,,,,
BNH BW12,,,,Inch,,,,,,
BNHH26,,,,Inch,,,,,,
BNHH24,,,,Inch,,,,,,
BNHH20 ,,,,Inch,,,,,,
BNHH18 ,,,,Inch,,,,,,
TAYLOR,TAYLOR,,F1B_30,Inch,,,,,,
TAYLOR, TAYLOR,,001B,Inch,,,,,,
TAYLOR, TAYLOR,,2,Inch,,,,,,
TAYLOR, TAYLOR,,F4_30,Inch,,,,,,
TAYLOR, TAYLOR,,LT8_30E_27F,Inch,,,,,,
TAYLOR, TAYLOR,,LT8A_145C_150C,Inch,,,,,,
TAYLOR, TAYLOR,,LT8A_340B_145C,Inch,,,,,,
TAYLOR, TAYLOR,,1,Inch,,,,,,
VANESSA,VANESSA,,2,Inch,,,,,,
VANESSA, VANESSA,,001B,Inch,,,,,,
VANESSA, VANESSA,,F1B_30,Inch,,,,,,
VANESSA, VANESSA,,F4_30,Inch,,,,,,
VANESSA, VANESSA,,1,Inch,,,,,,
VANESSA, VANESSA,,RVFB8_30E_27F,Inch,,,,,,
VANESSA, VANESSA,,RVFB8A_145C_150C,Inch,,,,,,
VANESSA, VANESSA,,RVFB8A_340B_145C,Inch,,,,,,
SYDNEY,1,,,Inch,,,,,,
SYDNEY,F4_30,,,Inch,,,,,,
SYDNEY,F1B_30,,,Inch,,,,,,
SYDNEY,DYF99J_530A,,,Inch,,,,,,
SYDNEY,DYF5_33_130,,,Inch,,,,,,
SYDNEY,DYF2315,,,Inch,,,,,,
SYDNEY,001B,,,Inch,,,,,,
SYDNEY,2,,,Inch,,,,,,
LACE-003,SOFIA,,1,Inch,,,,,,
LACE-003,SOFIA,,F4_30,Inch,,,,,,
LACE-003,SOFIA,,F1B_30,Inch,,,,,,
LACE-003,SOFIA,,DYA99C_35B,Inch,,,,,,
LACE-003,SOFIA,,DYA99C_27E,Inch,,,,,,
LACE-003,SOFIA,,DYA530A_350E,Inch,,,,,,
LACE-003,SOFIA,,001B,Inch,,,,,,
LACE-003,SOFIA,,2,Inch,,,,,,
SARAH,SARAH,,2,Inch,,,,,,
SARAH, SARAH,,001B,Inch,,,,,,
SARAH, SARAH,,DYA530A_350E,Inch,,,,,,
SARAH, SARAH,,DYA99C_27E,Inch,,,,,,
SARAH, SARAH,,DYA99C_35B,Inch,,,,,,
SARAH, SARAH,,F1B_30,Inch,,,,,,
SARAH, SARAH,,F4_30,Inch,,,,,,
SARAH, SARAH,,1,Inch,,,,,,
OLIVIA,OLIVIA,,2,Inch,,,,,,
OLIVIA, OLIVIA,,001B,Inch,,,,,,
OLIVIA, OLIVIA,,DYA530A_350E,Inch,,,,,,
OLIVIA, OLIVIA,,DYA99C_27E,Inch,,,,,,
OLIVIA, OLIVIA,,DYA99C_35B,Inch,,,,,,
OLIVIA, OLIVIA,,F1B_30,Inch,,,,,,
OLIVIA, OLIVIA,,F4_30,Inch,,,,,,
OLIVIA, OLIVIA,,1,Inch,,,,,,
SK BRD ,WB18,,1,Inch,107.7,107.7,26,,,
SK BRD ,WB18,,001B,Inch,107.7,107.7,37,,,
SK BRD ,WB18,,2,Inch,107.7,107.7,25,,,
SK BRD ,WB18,,4,Inch,107.7,107.7,7,,,
SK BRD ,WB18,,27,Inch,107.7,107.7,0,,,
SK BRD ,WB18,,30,Inch,107.7,107.7,23,,,
SK BRD ,WB18,,33,Inch,107.7,107.7,9,,,
SK BRD ,WB18,,P1B_27,Inch,113.7,113.7,27,,,
SK BRD ,WB18,,P1B_30,Inch,113.7,113.7,36,,,
SK BRD ,WB18,,P1B_33,Inch,113.7,113.7,4,,,
SK BRD ,WB18,,P1B_350,Inch,113.7,113.7,22,,,
SK BRD ,WB18,,P1B_99J,Inch,113.7,113.7,10,,,
SK BRD ,WB18,,P1B_BG,Inch,113.7,113.7,9,,,
SK BRD ,WB18,,P27_613,Inch,119.7,119.7,12,,,
SK BRD ,WB18,,P30_144,Inch,119.7,119.7,18,,,
SK BRD ,WB18,,P4_27,Inch,113.7,113.7,23,,,
SK BRD ,WB18,,P4_30,Inch,113.7,113.7,10,,,
REMYBW16 ,BW16 ,,1,Inch,,,,,,
REMYBW16 ,BW16 ,,P6_613 ,Inch,,,,,,
REMYBW16 ,BW16 ,,1P4_30 ,Inch,,,,,,
REMYBW16 ,BW16 ,,P27_613 ,Inch,,,,,,
REMYBW16 ,BW16 ,,P1B_30 ,Inch,,,,,,
REMYBW16 ,BW16 ,,33,Inch,,,,,,
REMYBW16 ,BW16 ,,27,Inch,,,,,,
REMYBW16 ,BW16 ,,4,Inch,,,,,,
REMYBW16 ,BW16 ,,001B ,Inch,,,,,,
MIA,MIA,,2,Inch,,,,,,
MIA, MIA,,001B,Inch,,,,,,
MIA, MIA,,DML4_33_130B,Inch,,,,,,
MIA, MIA,,F1B_30,Inch,,,,,,
MIA, MIA,,F4_30,Inch,,,,,,
MIA, MIA,,LXMD33_30_27,Inch,,,,,,
MIA, MIA,,LXMD8A_340A_26A,Inch,,,,,,
MIA, MIA,,1,Inch,,,,,,
Y BRD,,,,Inch,,,,,,
remybw12 ,REMY BW12 ,,001B,Inch,,,,,,
remybw12 ,REMY BW12 ,,P1B_30 ,Inch,,,,,,
remybw12 ,REMY BW12 ,,27,Inch,,,,,,
remybw12 ,REMY BW12 ,,30,Inch,,,,,,
remybw12 ,REMY BW12 ,,4,Inch,,,,,,
remybw12 ,REMY BW12 ,,2,Inch,,,,,,
remybw12 ,REMY BW12 ,,33,Inch,,,,,,
remybw12 ,REMY BW12 ,,1P4_30,Inch,,,,,,
NY BRD,,,,Inch,,,,,,
WW BRD ,,,,Inch,,,,,,
YK PONY ,,,,Inch,,,,,,
LACE-012,,,,Inch,,,,,,
KY BRD ,,,,Inch,,,,,,
MARY,MARY,,2,Inch,,,,,,
MARY, MARY,,001B,Inch,,,,,,
MARY, MARY,,DML4_33_130B,Inch,,,,,,
MARY, MARY,,F1B_30,Inch,,,,,,
MARY, MARY,,F4_30,Inch,,,,,,
MARY, MARY,,LXMD33_30_27,Inch,,,,,,
MARY, MARY,,"	  LXMD8A_340A_26A",Inch,,,,,,
MARY, MARY,,1,Inch,,,,,,
LESLIE, LESLIE,,1,Inch,,,,,,
LESLIE, LESLIE,,LXMD8A_340A_26A,Inch,,,,,,
LESLIE, LESLIE,,LXMD33_30_27,Inch,,,,,,
LESLIE, LESLIE,,F4_30,Inch,,,,,,
LESLIE, LESLIE,,F1B_30,Inch,,,,,,
LESLIE, LESLIE,,DML4_33_130B,Inch,,,,,,
LESLIE, LESLIE,,001B,Inch,,,,,,
LESLIE, LESLIE,,2,Inch,,,,,,
REMY BW12 ,REMY BW12,,30,Inch,,,,,,
REMY BW12 , REMY BW12,,33,Inch,,,,,,
REMY BW12 , REMY BW12,,2,Inch,,,,,,
REMY BW12 , REMY BW12,,27,Inch,,,,,,
REMY BW12 , REMY BW12,,4,Inch,,,,,,
REMY BW12 , REMY BW12,,P1B_30,Inch,,,,,,
REMY BW12 , REMY BW12,,1P4_30,Inch,,,,,,
REMY BW12 , REMY BW12,,P27_613 ,Inch,,,,,,
REMY BW12 , REMY BW12,,P4_27 ,Inch,,,,,,
REMY BW12 , REMY BW12,,P4_30 ,Inch,,,,,,
REMY BW12 , REMY BW12,,"P6_613 	",Inch,,,,,,
REMY BW12 , REMY BW12,,1,Inch,,,,,,
REMY BW12 , REMY BW12 ,,1P4_30,Inch,,,,,,
REMY BW12 , REMY BW12 ,,33,Inch,,,,,,
REMY BW12 , REMY BW12 ,,2,Inch,,,,,,
REMY BW12 , REMY BW12 ,,4,Inch,,,,,,
REMY BW12 , REMY BW12 ,,30,Inch,,,,,,
REMY BW12 , REMY BW12 ,,27,Inch,,,,,,
REMY BW12 , REMY BW12 ,,P1B_30 ,Inch,,,,,,
REMY BW12 , REMY BW12 ,,001B,Inch,,,,,,
NSB24, NSB24,,1,Inch,158.1,158.1,86,,,
NSB24, NSB24,,001B,Inch,158.1,158.1,62,,,
NSB24, NSB24,,2,Inch,158.1,158.1,54,,,
NSB24, NSB24,,4,Inch,158.1,158.1,82,,,
NSB24, NSB24,,27,Inch,158.1,158.1,12,,,
NSB24, NSB24,,30,Inch,158.1,158.1,44,,,
NSB24, NSB24,,33,Inch,158.1,158.1,31,,,
ISABELLA,ISABELLA,,2,Inch,,,,,,
ISABELLA, ISABELLA,,001B,Inch,,,,,,
ISABELLA, ISABELLA,,F1B_30,Inch,,,,,,
ISABELLA, ISABELLA,,F4_30,Inch,,,,,,
ISABELLA, ISABELLA,,ZYF8_27_24D,Inch,,,,,,
ISABELLA, ISABELLA,,ZYF8A_30_27,Inch,,,,,,
ISABELLA, ISABELLA,,ZYF8A_35B_130E,Inch,,,,,,
ISABELLA, ISABELLA,,1,Inch,,,,,,
REMY LW16 ,,,,Inch,,,,,,
NSB22,NSB22,,TT1B_350,Inch,140.7,140.7,0,,,
NSB22, NSB22,,P4_30,Inch,140.7,140.7,33,,,
NSB22, NSB22,,P1B_BG,Inch,140.7,140.7,41,,,
NSB22, NSB22,,P1B_33,Inch,140.7,140.7,38,,,
NSB22, NSB22,,P1B_30,Inch,140.7,140.7,54,,,
NSB22, NSB22,,P1B_27,Inch,140.7,140.7,40,,,
NSB22, NSB22,,BURG,Inch,140.7,140.7,0,,,
NSB22, NSB22,,33,Inch,134.7,134.7,17,,,
NSB22, NSB22,,30,Inch,134.7,134.7,15,,,
NSB22, NSB22,,27,Inch,134.7,134.7,21,,,
NSB22, NSB22,,4,Inch,134.7,134.7,42,,,
NSB22, NSB22,,2,Inch,134.7,134.7,45,,,
NSB22, NSB22,,001B,Inch,134.7,134.7,35,,,
NSB22, NSB22,,1,Inch,134.7,134.7,31,,,
REMY LW12 , LW12 ,,1,Inch,,,,,,
REMY LW12 , LW12 ,,P4_30,Inch,,,,,,
REMY LW12 , LW12 ,,P4_27,Inch,,,,,,
REMY LW12 , LW12 ,,P6_613,Inch,,,,,,
REMY LW12 , LW12 ,,P27_613,Inch,,,,,,
REMY LW12 , LW12 ,,P1B_30,Inch,,,,,,
REMY LW12 , LW12 ,,4,Inch,,,,,,
REMY LW12 , LW12 ,,30,Inch,,,,,,
REMY LW12 , LW12 ,,33,Inch,,,,,,
REMY LW12 , LW12 ,,27,Inch,,,,,,
REMY LW12 , LW12 ,,2,Inch,,,,,,
EMILY,EMILY,,,Inch,,,,,,
EMILY, EMILY,,,Inch,,,,,,
EMILY, EMILY,,,Inch,,,,,,
EMILY, EMILY,,,Inch,,,,,,
EMILY, EMILY,,2,Inch,,,,,,
EMILY, EMILY,,1,Inch,,,,,,
REMY YK16 ,,,,Inch,,,,,,
REMY LW18 ,,,001B,Inch,,,,,,
REMY LW18 ,,,P4_30 ,Inch,,,,,,
REMY LW18 ,,,P1B_33 ,Inch,,,,,,
REMY LW18 ,,,P1B_30,Inch,,,,,,
ELLEN, ELLEN,,1,Inch,,,,,,
ELLEN, ELLEN,,LYTT6_27E,Inch,,,,,,
ELLEN, ELLEN,,LYTT2_340A,Inch,,,,,,
ELLEN, ELLEN,,LYTT1B_RWINE,Inch,,,,,,
ELLEN, ELLEN,,F4_30,Inch,,,,,,
ELLEN, ELLEN,,F1B_30,Inch,,,,,,
ELLEN, ELLEN,,001B,Inch,,,,,,
ELLEN, ELLEN,,2,Inch,,,,,,
REMY LW14 ,,,1,Inch,,,,,,
REMY LW14 ,,,P1B_33,Inch,,,,,,
REMY LW14 ,,,P4_27,Inch,,,,,,
REMY LW14 ,,,P27_613,Inch,,,,,,
REMY LW14 ,,,P4_30,Inch,,,,,,
REMY LW14 ,,,P27_613,Inch,,,,,,
REMY LW14 ,,,P6_613,Inch,,,,,,
REMY LW14 ,,,P1B_30,Inch,,,,,,
REMY LW14 ,,,4,Inch,,,,,,
REMY LW14 ,,,30,Inch,,,,,,
REMY LW14 ,,,33,Inch,,,,,,
REMY LW14 ,,,27,Inch,,,,,,
REMY LW14 ,,,2,Inch,,,,,,
CHLOE, CHLOE,,1,Inch,,,,,,
CHLOE, CHLOE,,LYTT6_27E,Inch,,,,,,
CHLOE, CHLOE,,LYTT2_340A,Inch,,,,,,
CHLOE, CHLOE,,LYTT1B_RWINE,Inch,,,,,,
CHLOE, CHLOE,,F4_30,Inch,,,,,,
CHLOE, CHLOE,,F1B_30,Inch,,,,,,
CHLOE, CHLOE,,001B,Inch,,,,,,
CHLOE, CHLOE,,2,Inch,,,,,,
REMY YK18 ,YK18 ,,1,Inch,,,,,,
REMY YK18 ,YK18 ,,P1B_30,Inch,,,,,,
REMY YK18 ,YK18 ,,P4_30,Inch,,,,,,
REMY YK18 ,YK18 ,,P1B_33,Inch,,,,,,
CHERI,CHERI,,001B,Inch,,,,,,
CHERI, CHERI,,F1B_30,Inch,,,,,,
CHERI, CHERI,,F4_30,Inch,,,,,,
CHERI, CHERI,,2,Inch,,,,,,
NSB20,NSB20,,TT1B_BG,Inch,112.8,112.8,60,,,
NSB20, NSB20,,TT1B_350,Inch,112.8,112.8,33,,,
NSB20, NSB20,,TT1B_33,Inch,112.8,112.8,106,,,
NSB20, NSB20,,TT1B_30,Inch,112.8,112.8,88,,,
NSB20, NSB20,,TT1B_27,Inch,112.8,112.8,74,,,
NSB20, NSB20,,RED,Inch,118.8,118.8,67,,,
NSB20, NSB20,,P4_30,Inch,118.8,118.8,140,,,
NSB20, NSB20,,P4_27,Inch,112.8,112.8,101,,,
NSB20, NSB20,,P27_613,Inch,118.8,118.8,13,,,
NSB20, NSB20,,P1B_BG,Inch,112.8,112.8,27,,,
NSB20, NSB20,,P1B_99J,Inch,112.8,112.8,5,,,
NSB20, NSB20,,P1B_350,Inch,112.8,112.8,67,,,
NSB20, NSB20,,P1B_33,Inch,112.8,112.8,167,,,
NSB20, NSB20,,P1B_30,Inch,112.8,112.8,155,,,
NSB20, NSB20,,P1B_27,Inch,112.8,112.8,100,,,
NSB20, NSB20,,P1B_130,Inch,112.8,112.8,54,,,
NSB20, NSB20,,BURG,Inch,112.8,112.8,33,,,
NSB20, NSB20,,99J,Inch,112.8,112.8,35,,,
NSB20, NSB20,,613,Inch,112.8,112.8,32,,,
NSB20, NSB20,,350,Inch,118.8,118.8,16,,,
NSB20, NSB20,,33,Inch,106.8,106.8,49,,,
NSB20, NSB20,,30,Inch,106.8,106.8,38,,,
NSB20, NSB20,,27,Inch,106.8,106.8,39,,,
NSB20, NSB20,,4,Inch,106.8,106.8,94,,,
NSB20, NSB20,,2,Inch,106.8,106.8,199,,,
NSB20, NSB20,,001B,Inch,106.8,106.8,175,,,
NSB20, NSB20,,1,Inch,106.8,106.8,227,,,
REMY YK14 ,,,,Inch,,,,,,
REMY YK12 ,YK12,,1,Inch,,,,,,
REMY YK12 ,YK12,,P6_613,Inch,,,,,,
REMY YK12 ,YK12,,P27_613,Inch,,,,,,
REMY YK12 ,YK12,,1P4_30,Inch,,,,,,
REMY YK12 ,YK12,,P1B_30,Inch,,,,,,
REMY YK12 ,YK12,,2,Inch,,,,,,
REMY YK12 ,YK12,,27,Inch,,,,,,
REMY YK12 ,YK12,,33,Inch,,,,,,
REMY YK12 ,YK12,,30,Inch,,,,,,
REMY YK12 ,YK12,,2,Inch,,,,,,
CAROL,CAROL,,2,Inch,,,,,,
CAROL, CAROL,,001B,Inch,,,,,,
CAROL, CAROL,,DGF1B_33B_35A_350B,Inch,,,,,,
CAROL, CAROL,,DGF5_27_26C_24D,Inch,,,,,,
CAROL, CAROL,,F1B_30,Inch,,,,,,
CAROL, CAROL,,F4_30,Inch,,,,,,
CAROL, CAROL,,LXMD33_30_27,Inch,,,,,,
CAROL, CAROL,,1,Inch,,,,,,
ANNA,ANNA,,2,Inch,,,,,,
ANNA, ANNA,,001B,Inch,,,,,,
ANNA, ANNA,,DML1B_33B_35A,Inch,,,,,,
ANNA, ANNA,,DML27_26C_24D,Inch,,,,,,
ANNA, ANNA,,F1B_30,Inch,,,,,,
ANNA, ANNA,,F4_30,Inch,,,,,,
ANNA, ANNA,,LXMD33_30_27,Inch,,,,,,
ANNA, ANNA,,1,Inch,,,,,,
NSB18,NSB18,,TT1B_BG ,Inch,88.8,88.8,31,,,
NSB18, NSB18,,TT1B_99J,Inch,88.8,88.8,13,,,
NSB18, NSB18,,TT1B_350,Inch,88.8,88.8,1,,,
NSB18, NSB18,,TT1B_33,Inch,88.8,88.8,18,,,
NSB18, NSB18,,TT1B_30,Inch,88.8,88.8,9,,,
NSB18, NSB18,,TT1B_27,Inch,88.8,88.8,28,,,
NSB18, NSB18,,RED,Inch,94.8,94.8,26,,,
NSB18, NSB18,,P4_30,Inch,88.8,88.8,17,,,
NSB18, NSB18,,P4_27,Inch,88.8,88.8,21,,,
NSB18, NSB18,,P27_613,Inch,94.8,94.8,43,,,
NSB18, NSB18,,P1B_BG,Inch,88.8,88.8,3,,,
NSB18, NSB18,,P1B_99J,Inch,88.8,88.8,28,,,
NSB18, NSB18,,P1B_350,Inch,88.8,88.8,38,,,
NSB18, NSB18,,P1B_33,Inch,88.8,88.8,49,,,
NSB18, NSB18,,P1B_30,Inch,88.8,88.8,14,,,
NSB18, NSB18,,P1B_27,Inch,88.8,88.8,20,,,
NSB18, NSB18,,P1B_130,Inch,88.8,88.8,17,,,
NSB18, NSB18,,99J,Inch,88.8,88.8,0,,,
NSB18, NSB18,,613,Inch,94.8,94.8,28,,,
NSB18, NSB18,,350,Inch,88.8,88.8,0,,,
NSB18, NSB18,,280,Inch,87.3,87.3,6,,,
NSB18, NSB18,,51,Inch,87.3,87.3,12,,,
NSB18, NSB18,,30,Inch,82.8,82.8,28,,,
NSB18, NSB18,,27,Inch,82.8,82.8,77,,,
NSB18, NSB18,,4,Inch,82.8,82.8,8,,,
NSB18, NSB18,,2,Inch,82.8,82.8,16,,,
NSB18, NSB18,,001B,Inch,82.8,82.8,91,,,
NSB18, NSB18,,1,Inch,82.8,82.8,110,,,
REMY FORTE SW16,,,1,Inch,0,0,,,,
REMY FORTE SW16,,,001B,Inch,0,0,,,,
REMY FORTE SW16,,,2,Inch,0,0,,,,
REMY FORTE SW16,,,4,Inch,0,0,,,,
REMY FORTE SW16,,,P1B_30,Inch,0,0,,,,
REMY FORTE SW16,,,P1B_33,Inch,0,0,,,,
REMY FORTE SW16,,,P27_30,Inch,0,0,,,,
REMY FORTE SW14,,,1,Inch,0,0,,,,
REMY FORTE SW14,,,001B,Inch,0,0,,,,
REMY FORTE SW14,,,2,Inch,0,0,,,,
REMY FORTE SW14,,,4,Inch,0,0,,,,
REMY FORTE SW14,,,P1B_30,Inch,0,0,,,,
REMY FORTE SW14,,,P1B_33,Inch,0,0,,,,
REMY FORTE SW14,,,P27_30,Inch,0,0,,,,
REMY FORTE SW14,,,P4_27 ,Inch,0,0,,,,
REMY ,,,1,Inch,,,,,,
REMY ,,,P27_613,Inch,,,,,,
REMY ,,,P4_30,Inch,,,,,,
REMY ,,,P6_613,Inch,,,,,,
REMY ,,,P4_27,Inch,,,,,,
REMY ,,,P1B_33,Inch,,,,,,
REMY ,,,2,Inch,,,,,,
REMY ,,,27,Inch,,,,,,
REMY ,,,33,Inch,,,,,,
REMY ,,,P1B_30,Inch,,,,,,
KATE, KATE,,4,Inch,,,,,,
KATE, KATE,,DFHT33_26B,Inch,,,,,,
KATE, KATE,,613,Inch,,,,,,
KATE, KATE,,99C,Inch,,,,,,
KATE, KATE,,DFHT26C_86A,Inch,,,,,,
REMY FORTE SW12 ,SW12,,1,Inch,0,0,,,,
REMY FORTE SW12 ,SW12,,2,Inch,0,0,,,,
REMY FORTE SW12 ,SW12,,4,Inch,0,0,,,,
REMY FORTE SW12 ,SW12,,P1B_33,Inch,0,0,,,,
REMY FORTE SW12 ,SW12,,P27_30,Inch,0,0,,,,
REMY FORTE SW12 ,SW12,,P4_27 ,Inch,0,0,,,,
REMY FORTE SW12 ,SW12,,P4_30 ,Inch,0,0,,,,
REMY STW22 ,STW22,,2,Inch,,,,,,
REMY STW22 ,STW22,,33,Inch,,,,,,
REMY STW22 ,STW22,,4,Inch,,,,,,
"	NSB16 ",NSB16,,1,Inch,74.25,74.25,18,,,
"	NSB16 ",NSB16,,001B,Inch,74.25,74.25,77,,,
"	NSB16 ",NSB16,,2,Inch,74.25,74.25,44,,,
"	NSB16 ",NSB16,,4,Inch,74.25,74.25,5,,,
"	NSB16 ",NSB16,,27,Inch,74.25,74.25,25,,,
"	NSB16 ",NSB16,,30,Inch,74.25,74.25,25,,,
"	NSB16 ",NSB16,,33,Inch,74.25,74.25,32,,,
"	NSB16 ",NSB16,,280,Inch,80.25,80.25,55,,,
"	NSB16 ",NSB16,,350,Inch,80.25,80.25,1,,,
"	NSB16 ",NSB16,,613,Inch,86.25,86.25,56,,,
"	NSB16 ",NSB16,,99J,Inch,80.25,80.25,23,,,
"	NSB16 ",NSB16,,BURG,Inch,80.25,80.25,15,,,
"	NSB16 ",NSB16,,P1B_130,Inch,80.25,80.25,8,,,
"	NSB16 ",NSB16,,P1B_27,Inch,80.25,80.25,123,,,
"	NSB16 ",NSB16,,P1B_30,Inch,80.25,80.25,90,,,
"	NSB16 ",NSB16,,P1B_33,Inch,80.25,80.25,62,,,
"	NSB16 ",NSB16,,P1B_350,Inch,80.25,80.25,32,,,
"	NSB16 ",NSB16,,P1B_99J,Inch,80.25,80.25,30,,,
"	NSB16 ",NSB16,,P1B_BG,Inch,80.25,80.25,15,,,
"	NSB16 ",NSB16,,P27_613,Inch,86.25,86.25,101,,,
"	NSB16 ",NSB16,,P4_27,Inch,80.25,80.25,21,,,
"	NSB16 ",NSB16,,P4_30,Inch,80.25,80.25,29,,,
"	NSB16 ",NSB16,,RED,Inch,80.25,80.25,29,,,
"	NSB16 ",NSB16,,TT1B_27,Inch,80.25,80.25,45,,,
"	NSB16 ",NSB16,,TT1B_30,Inch,80.25,80.25,24,,,
"	NSB16 ",NSB16,,TT1B_33,Inch,80.25,80.25,39,,,
"	NSB16 ",NSB16,,TT1B_350,Inch,80.25,80.25,68,,,
"	NSB16 ",NSB16,,TT1B_BG,Inch,80.25,80.25,95,,,
NSB14,NSB14,,P1B_30,Inch,71.7,71.7,67,,,
NSB14, NSB14,,P4_27,Inch,71.7,71.7,43,,,
NSB14, NSB14,,P1B_BG,Inch,71.7,71.7,28,,,
NSB14, NSB14,,P1B_99J,Inch,71.7,71.7,36,,,
NSB14, NSB14,,P1B_350,Inch,71.7,71.7,32,,,
NSB14, NSB14,,P1B_33,Inch,71.7,71.7,11,,,
NSB14, NSB14,,P1B_130,Inch,71.7,71.7,89,,,
NSB14, NSB14,,P1B_27,Inch,71.7,71.7,65,,,
NSB14, NSB14,,33,Inch,65.7,65.7,26,,,
NSB14, NSB14,,30,Inch,65.7,65.7,0,,,
NSB14, NSB14,,27,Inch,65.7,65.7,32,,,
NSB14, NSB14,,4,Inch,65.7,65.7,34,,,
NSB14, NSB14,,2,Inch,65.7,65.7,49,,,
NSB14, NSB14,,001B,Inch,65.7,65.7,151,,,
NSB14, NSB14,,1,Inch,65.7,65.7,98,,,
NYMPH,NYMPH,,PI30D_26B,Inch,,,,,,
NYMPH, NYMPH,,F4_30,Inch,,,,,,
NYMPH, NYMPH,,F1B_30,Inch,,,,,,
NYMPH, NYMPH,,DYL8A_27E,Inch,,,,,,
NYMPH, NYMPH,,DYL530A_1120,Inch,,,,,,
NYMPH, NYMPH,,DYL118A_JACINTH,Inch,,,,,,
NYMPH, NYMPH,,001B,Inch,,,,,,
NYMPH, NYMPH,,4,Inch,,,,,,
NYMPH, NYMPH,,2,Inch,,,,,,
NYMPH, NYMPH,,1,Inch,,,,,,
NDB18 ,NDB18,,TT1B_613,Inch,119.7,119.7,0,,,
NDB18 , NDB18,,TT1B_BG,Inch,113.7,113.7,37,,,
NDB18 , NDB18,,TT1B_33,Inch,113.7,113.7,47,,,
NDB18 , NDB18,,TT1B_30,Inch,113.7,113.7,33,,,
NDB18 , NDB18,,TT1B_27,Inch,113.7,113.7,39,,,
NDB18 , NDB18,,P4_30,Inch,113.7,113.7,0,,,
NDB18 , NDB18,,P4_27,Inch,113.7,113.7,20,,,
NDB18 , NDB18,,P30_144,Inch,119.7,119.7,35,,,
NDB18 , NDB18,,P27_613,Inch,119.7,119.7,26,,,
NDB18 , NDB18,,P1B_BG,Inch,113.7,113.7,38,,,
NDB18 , NDB18,,P1B_99J,Inch,113.7,113.7,13,,,
NDB18 , NDB18,,P1B_350,Inch,113.7,113.7,3,,,
NDB18 , NDB18,,P1B_33,Inch,113.7,113.7,15,,,
NDB18 , NDB18,,P1B_30,Inch,113.7,113.7,4,,,
NDB18 , NDB18,,P1B_27,Inch,113.7,113.7,48,,,
NDB18 , NDB18,,99J,Inch,113.7,113.7,16,,,
NDB18 , NDB18,,33,Inch,107.7,107.7,55,,,
NDB18 , NDB18,,30,Inch,107.7,107.7,50,,,
NDB18 , NDB18,,27,Inch,107.7,107.7,37,,,
NDB18 , NDB18,,4,Inch,107.7,107.7,24,,,
NDB18 , NDB18,,2,Inch,107.7,107.7,0,,,
NDB18 , NDB18,,001B,Inch,107.7,107.7,0,,,
NDB18 , NDB18,,1,Inch,107.7,107.7,0,,,
REMY FORTE SC16 , SC16,,1,Inch,0,0,,,,
REMY FORTE SC16 , SC16,,001B,Inch,0,0,,,,
REMY FORTE SC16 , SC16,,2,Inch,0,0,,,,
REMY FORTE SC16 , SC16,,4,Inch,0,0,,,,
REMY FORTE SC16 , SC16,,P1B_30,Inch,0,0,,,,
REMY FORTE SC16 , SC16,,P1B_33,Inch,0,0,,,,
REMY FORTE SC16 , SC16,,P27_30,Inch,0,0,,,,
REMY FORTE SC16 , SC16,,P4_27 ,Inch,0,0,,,,
REMY FORTE SC16 , SC16,,P4_30 ,Inch,0,0,,,,
PREMA YK18 ,,,1,Inch,0,0,,,,
PREMA YK18 ,,,001B,Inch,0,0,,,,
PREMA YK18 ,,,2,Inch,0,0,,,,
PREMA YK18 ,,,4,Inch,0,0,,,,
JOLLY,JOLLY,,4,Inch,,,,,,
JOLLY, JOLLY,,2,Inch,,,,,,
JOLLY, JOLLY,,613,Inch,,,,,,
JOLLY, JOLLY,,001B,Inch,,,,,,
JOLLY, JOLLY,,99C,Inch,,,,,,
JOLLY, JOLLY,,DFHT26C_86A,Inch,,,,,,
JOLLY, JOLLY,,DFHT33_26B,Inch,,,,,,
JOLLY, JOLLY,,F1B_30,Inch,,,,,,
JOLLY, JOLLY,,1,Inch,,,,,,
PREMA YK14 ,,,1,Inch,,,,,,
PREMA YK14 ,,,P4_27,Inch,,,,,,
PREMA YK14 ,,,P1B_33,Inch,,,,,,
PREMA YK14 ,,,1,Inch,,,,,,
PREMA YK14 ,,,001B,Inch,,,,,,
PREMA YK14 ,,,2,Inch,,,,,,
PREMA YK14 ,,,27,Inch,,,,,,
PREMA YK14 ,,,33,Inch,,,,,,
PREMA YK14 ,,,30,Inch,,,,,,
PREMA YK14 ,,,P1B_30,Inch,,,,,,
PREMA YK14 ,,,P27_613,Inch,,,,,,
REMY FORTE SC14 ,SC14,,1,Inch,0,0,,,,
REMY FORTE SC14 ,SC14,,4,Inch,0,0,,,,
REMY FORTE SC14 ,SC14,,P1B_30,Inch,0,0,,,,
REMY FORTE SC14 ,SC14,,P1B_33,Inch,0,0,,,,
REMY FORTE SC14 ,SC14,,P27_30,Inch,0,0,,,,
REMY FORTE SC14 ,SC14,,P4_27 ,Inch,0,0,,,,
REMY FORTE SC14 ,SC14,,P4_30,Inch,0,0,,,,
FOX, FOX,,1,Inch,,,,,,
FOX, FOX,,DYL8A_27E,Inch,,,,,,
FOX, FOX,,DYL530A_1120,Inch,,,,,,
FOX, FOX,,2,Inch,,,,,,
FOX, FOX,,4,Inch,,,,,,
FOX, FOX,,001B,Inch,,,,,,
FOX, FOX,,DYL118A_JACINTH,Inch,,,,,,
REMY FORTE SC12 ,SC12,,1,Inch,0,0,,,,
REMY FORTE SC12 ,SC12,,4,Inch,0,0,,,,
REMY FORTE SC12 ,SC12,,P1B_30,Inch,0,0,,,,
REMY FORTE SC12 ,SC12,,P1B_33,Inch,0,0,,,,
REMY FORTE SC12 ,SC12,,P27_30,Inch,0,0,,,,
PREMA YK12 ,YK10 ,,1,Inch,,,,,,
PREMA YK12 ,YK10 ,,P1B_33,Inch,,,,,,
PREMA YK12 ,YK10 ,,001B,Inch,,,,,,
PREMA YK12 ,YK10 ,,2,Inch,,,,,,
PREMA YK12 ,YK10 ,,27,Inch,,,,,,
PREMA YK12 ,YK10 ,,4,Inch,,,,,,
PREMA YK12 ,YK10 ,,33,Inch,,,,,,
PREMA YK12 ,YK10 ,,30,Inch,,,,,,
PREMA YK12 ,YK10 ,,P1B_30,Inch,,,,,,
PREMA YK12 ,YK10 ,,P27_613,Inch,,,,,,
PREMA YK12 ,YK10 ,,P4_30,Inch,,,,,,
PREMA YK12 ,YK10 ,,P4_27,Inch,,,,,,
PREMA YK12 ,YK10 ,,P6_613,Inch,,,,,,
REMY FORTE LW16, LW16,,1,Inch,0,0,,,,
REMY FORTE LW16, LW16,,4,Inch,0,0,,,,
REMY FORTE LW16, LW16,,P1B_30,Inch,0,0,,,,
REMY FORTE LW16, LW16,,P1B_33,Inch,0,0,,,,
REMY FORTE LW16, LW16,,P27_30,Inch,0,0,,,,
REMY FORTE LW16, LW16,,P4_30 ,Inch,0,0,,,,
REMY FORTE LW14,LW14,,1,Inch,0,0,,,,
REMY FORTE LW14,LW14,,001B,Inch,0,0,,,,
REMY FORTE LW14,LW14,,2,Inch,0,0,,,,
REMY FORTE LW14,LW14,,4,Inch,0,0,,,,
REMY FORTE LW14,LW14,,P1B_30,Inch,0,0,,,,
REMY FORTE LW14,LW14,,P1B_33,Inch,0,0,,,,
REMY FORTE LW14,LW14,,P4_27 ,Inch,0,0,,,,
REMY FORTE LW14,LW14,,P4_30,Inch,0,0,,,,
REMY FORTE LW12 ,,,1,Inch,,,,,,
REMY FORTE LW12 ,,,2,Inch,,,,,,
REMY FORTE LW12 ,,,4,Inch,,,,,,
REMY FORTE LW12 ,,,P1B_30,Inch,,,,,,
REMY FORTE LW12 ,,,P1B_33,Inch,,,,,,
REMY FORTE LW12 ,,,P4_30,Inch,,,,,,
REMY FORTE LW12 ,,,P4_30 ,Inch,,,,,,
REMY FORTE24,FORTE24,,1,Inch,0,0,,,,
REMY FORTE24,FORTE24,,001B ,Inch,0,0,,,,
REMY FORTE24,FORTE24,,2,Inch,0,0,,,,
REMY FORTE24,FORTE24,,4,Inch,0,0,,,,
REMY FORTE24,FORTE24,,27,Inch,0,0,,,,
REMY FORTE24,FORTE24,,33,Inch,0,0,,,,
REMY FORTE22 ,FORTE22 ,,1,Inch,,,,,,
REMY FORTE22 ,FORTE22 ,,001B ,Inch,,,,,,
REMY FORTE22 ,FORTE22 ,,2,Inch,,,,,,
REMY FORTE22 ,FORTE22 ,,4,Inch,,,,,,
REMY FORTE22 ,FORTE22 ,,27,Inch,,,,,,
REMY FORTE22 ,FORTE22 ,,30,Inch,,,,,,
REMY FORTE22 ,FORTE22 ,,33,Inch,,,,,,
REMY FORTE20,FORTE20,,1,Inch,0,0,,,,
REMY FORTE20,FORTE20,,001B,Inch,0,0,,,,
REMY FORTE20,FORTE20,,2,Inch,0,0,,,,
REMY FORTE20,FORTE20,,4,Inch,0,0,,,,
REMY FORTE20,FORTE20,,27,Inch,0,0,,,,
REMY FORTE20,FORTE20,,30,Inch,0,0,,,,
REMY FORTE20,FORTE20,,33,Inch,0,0,,,,
EMMA, EMMA,,1,Inch,,,,,,
EMMA, EMMA,,ZYF8A_35B_130E,Inch,,,,,,
EMMA, EMMA,,ZYF8A_30_27,Inch,,,,,,
EMMA, EMMA,,ZYF8_27_24D,Inch,,,,,,
EMMA, EMMA,,F4_30,Inch,,,,,,
EMMA, EMMA,,2,Inch,,,,,,
EMMA, EMMA,,001B,Inch,,,,,,
EMMA, EMMA,,F1B_30,Inch,,,,,,
REMY FORTE18, FORTE18,,1,Inch,0,0,,,,
REMY FORTE18, FORTE18,,001B,Inch,0,0,,,,
REMY FORTE18, FORTE18,,2,Inch,0,0,,,,
REMY FORTE18, FORTE18,,4,Inch,0,0,,,,
REMY FORTE18, FORTE18,,33,Inch,0,0,,,,
REMY FORTE18, FORTE18,,P1B_30,Inch,0,0,,,,
REMY FORTE18, FORTE18,,P1B_33,Inch,0,0,,,,
TRACY,TRACY,,001B,Inch,,,,,,
TRACY, TRACY,,1,Inch,,,,,,
TRACY, TRACY,,2,Inch,,,,,,
TRACY, TRACY,,4,Inch,,,,,,
TRACY, TRACY,,DYS27_30_33,Inch,,,,,,
TRACY, TRACY,,F1010,Inch,,,,,,
TRACY, TRACY,,F1B_30,Inch,,,,,,
TRACY, TRACY,,F1B_33,Inch,,,,,,
REMY FORTE16, FORTE16,,1,Inch,0,0,,,,
REMY FORTE16, FORTE16,,2,Inch,0,0,,,,
REMY FORTE16, FORTE16,,4,Inch,0,0,,,,
REMY FORTE16, FORTE16,,27,Inch,0,0,,,,
REMY FORTE16, FORTE16,,30,Inch,0,0,,,,
REMY FORTE16, FORTE16,,33,Inch,0,0,,,,
REMY FORTE16, FORTE16,,99J ,Inch,0,0,,,,
REMY FORTE16, FORTE16,,P1B_30,Inch,0,0,,,,
REMY FORTE16, FORTE16,,P1B_33,Inch,0,0,,,,
REMY FORTE16, FORTE16,,P27_30,Inch,0,0,,,,
REMY FORTE16, FORTE16,,P4_30,Inch,0,0,,,,
DARCI, DARCI,,4,Inch,,,,,,
DARCI, DARCI,,2,Inch,,,,,,
DARCI, DARCI,,F1B_33,Inch,,,,,,
DARCI, DARCI,,F237,Inch,,,,,,
DARCI, DARCI,,F4_27,Inch,,,,,,
DARCI, DARCI,,F4_30,Inch,,,,,,
ABBY,ABBY,,4,Inch,,,,,,
ABBY, ABBY,,2,Inch,,,,,,
ABBY, ABBY,,F237,Inch,,,,,,
ABBY, ABBY,,F4_27,Inch,,,,,,
ABBY, ABBY,,1,Inch,,,,,,
REMY FORTE14 ,FORTE14,,1,Inch,0,0,,,,
REMY FORTE14 ,FORTE14,,001B,Inch,0,0,,,,
REMY FORTE14 ,FORTE14,,2,Inch,0,0,,,,
REMY FORTE14 ,FORTE14,,4,Inch,0,0,,,,
REMY FORTE14 ,FORTE14,,27,Inch,0,0,,,,
REMY FORTE14 ,FORTE14,,30,Inch,0,0,,,,
REMY FORTE14 ,FORTE14,,33,Inch,0,0,,,,
REMY FORTE14 ,FORTE14,,"99J 	",Inch,0,0,,,,
REMY FORTE14 ,FORTE14,,P1B_33 ,Inch,0,0,,,,
REMY FORTE14 ,FORTE14,,P27_30,Inch,0,0,,,,
REMY FORTE14 ,FORTE14,,P4_27 ,Inch,0,0,,,,
REMY FORTE14 ,FORTE14,,P4_30,Inch,0,0,,,,
MOLLY,MOLLY,,,Inch,1,1,,,,
MOLLY, MOLLY,,,Inch,2,2,,,,
MOLLY, MOLLY,,,Inch,P2_145B,P2_145B,,,,
MOLLY, MOLLY,,,Inch,4,4,,,,
MOLLY, MOLLY,,,Inch,3,3,,,,
MOLLY, MOLLY,,,Inch,DYS27_30_33,DYS27_30_33,,,,
"HEAD (L) 18""-2 ",,,,Inch,,,,,,
Remy Forte REMY FORTE12,FORTE12,,1,Inch,0,0,,,,
Remy Forte REMY FORTE12,FORTE12,,2,Inch,0,0,,,,
Remy Forte REMY FORTE12,FORTE12,,4,Inch,0,0,,,,
Remy Forte REMY FORTE12,FORTE12,,27,Inch,0,0,,,,
Remy Forte REMY FORTE12,FORTE12,,30,Inch,0,0,,,,
Remy Forte REMY FORTE12,FORTE12,,33,Inch,0,0,,,,
Remy Forte REMY FORTE12,FORTE12,,99J ,Inch,0,0,,,,
Remy Forte REMY FORTE12,FORTE12,,P1B_33 ,Inch,0,0,,,,
Remy Forte REMY FORTE12,FORTE12,,P4_27,Inch,0,0,,,,
SIENNA,SIENNA,,F2_27,Inch,,,,,,
SIENNA, SIENNA,,1,Inch,,,,,,
LACE GLUE,,,,Inch,,,,,,
MIMI,,,,,,,,,,
"HEAD (L) 18""-1",,,,Inch,,,,,,
BOA,BOA,,F237,Inch,,,,,,
BOA, BOA,,34,Inch,,,,,,
LACE REMOVER ,,,,Inch,,,,,,
LACE GLUE 1OZ,,,,Inch,,,,,,
BROOKE,BROOKE,,,Inch,,,DYS27_30_33,,,
BROOKE, BROOKE,,,Inch,,,1,,,
BROOKE, BROOKE,,,Inch,,,3,,,
BROOKE, BROOKE,,,Inch,,,4,,,
BROOKE, BROOKE,,,Inch,,,P2_145B,,,
REMY FORTE10 ,,,2,Inch,,,,,,
REMY FORTE10 ,,,4,Inch,,,,,,
REMY FORTE10 ,,,27,Inch,,,,,,
REMY FORTE10 ,,,30,Inch,,,,,,
REMY FORTE10 ,,,99J,Inch,,,,,,
REMY FORTE10 ,,,P1B_30,Inch,,,,,,
REMY FORTE10 ,,,P1B_33,Inch,,,,,,
REMY FORTE10 ,,,P4_27,Inch,,,,,,
EVE,EVE,,F1B_30,Inch,,,,,,
EVE, EVE,,F1B_27,Inch,,,,,,
EVE, EVE,,001B,Inch,,,,,,
EVE, EVE,,4,Inch,,,,,,
EVE, EVE,,2,Inch,,,,,,
EVE, EVE,,F1B_350,Inch,,,,,,
EVE, EVE,,F237,Inch,,,,,,
EVE, EVE,,F1B_33,Inch,,,,,,
EVE, EVE,,F4_30,Inch,,,,,,
VIVIAN,VIVIAN,,,Inch,,,L209H_216H,,,
VIVIAN, VIVIAN,,,Inch,,,1,,,
VIVIAN, VIVIAN,,,Inch,,,F4_30,,,
VIVIAN, VIVIAN,,,Inch,,,F1B_33,,,
VIVIAN, VIVIAN,,,Inch,,,F1010,,,
BOBBY, BOBBY,,F1B_33,Inch,,,,,,
PEGGY,PEGGY,,,Inch,,,1,,,
PEGGY, PEGGY,,,Inch,,,2,,,
PEGGY, PEGGY,,,Inch,,,4,,,
PEGGY, PEGGY,,,Inch,,,L209H_216H,,,
PEGGY, PEGGY,,,Inch,,,DYS27_30_33,,,
PEGGY, PEGGY,,,Inch,,,F1010,,,
PEGGY, PEGGY,,,Inch,,,P2_145B,,,
YN AFRO,AFRO,0.3,1,Inch,30,30,0,,,
YN AFRO,AFRO,0.3, 001B ,Inch,30,30,20,,,
YN AFRO,AFRO,0.3,2,Inch,30,30,32,,,
YN AFRO,AFRO,0.3,4,Inch,30,30,29,,,
YN AFRO,AFRO,0.3,RED ,Inch,30,30,0,,,
MEGAN,,,,Inch,,,,,,
TERESA,,,,Inch,,,,,,
NATALI,NATALI,,001B,Inch,30,30,0,,,
NATALI, NATALI,,280,Inch,30,30,3,,,
NATALI, NATALI,,44,Inch,30,30,0,,,
NATALI, NATALI,,24,Inch,30,30,0,,,
NATALI, NATALI,,2,Inch,30,30,0,,,
NATALI, NATALI,,F1B_27,Inch,30,30,0,,,
NATALI, NATALI,,F1B_30,Inch,30,30,3,,,
NATALI, NATALI,,F1B_33,Inch,30,30,0,,,
NATALI, NATALI,,F237,Inch,30,30,0,,,
NATALI, NATALI,,F4_30,Inch,30,30,0,,,
NATALI, NATALI,,1,Inch,30,30,0,,,
ROSA ,,,,Inch,,,,,,
HANNAH,HANNAH,,,Inch,,,1,,,
HANNAH, HANNAH,,,Inch,,,2,,,
HANNAH, HANNAH,,,Inch,,,4,,,
HANNAH, HANNAH,,,Inch,,,DYS27_30_33,,,
HANNAH, HANNAH,,,Inch,,,L209H_216H,,,
HANNAH, HANNAH,,,Inch,,,L1010,,,
GINA,,,,Inch,,,,,,
ANDREA,ANDREA,,,Inch,,,DYS27_30_33,,,
ANDREA, ANDREA,,,Inch,,,1,,,
ANDREA, ANDREA,,,Inch,,,2,,,
ANDREA, ANDREA,,,Inch,,,4,,,
ANDREA, ANDREA,,,Inch,,,L209H_216H,,,
COURTNEY ,,,,Inch,,,,,,
SAPHIRE,,,,Inch,,,,,,
JUNE,JUNE,,001B,Inch,30,30,0,,,
JUNE, JUNE,,2,Inch,30,30,22,,,
JUNE, JUNE,,4,Inch,30,30,43,,,
JUNE, JUNE,, F1B_27 ,Inch,30,30,60,,,
JUNE, JUNE,,F1B_30,Inch,30,30,32,,,
JUNE, JUNE,, F1B_33  ,Inch,30,30,44,,,
JUNE, JUNE,, F1B_99J,Inch,30,30,9,,,
JUNE, JUNE,,F237,Inch,30,30,0,,,
JUNE, JUNE,,F27_613,Inch,30,30,17,,,
JUNE, JUNE,, TT1B_30,Inch,30,30,7,,,
JUNE, JUNE,,TT1B_33,Inch,30,30,38,,,
JUNE, JUNE,, TT27_1B,Inch,30,30,7,,,
JUNE, JUNE,,TT350_1B,Inch,30,30,,,,
JUNE, JUNE,,1,Inch,30,30,0,,,
NINA,NINA,,,Inch,,,F1B_30,,,
NINA, NINA,,,Inch,,,1,,,
NINA, NINA,,,Inch,,,3,,,
NINA, NINA,,,Inch,,,4,,,
NINA, NINA,,,Inch,,,F1010,,,
NINA, NINA,,,Inch,,,F1B_33,,,
SCARLET,,,,Inch,,,,,,
REBECCA,,,,Inch,,,,,,
RUBY,,,,Inch,,,,,,
KAYLA,,,,Inch,,,,,,
PAYTON,PAYTON,,DLH1B_2763,Inch,,,,,,
PAYTON, PAYTON,,F4_30_27,Inch,,,,,,
PAYTON, PAYTON,,DLH1B_9935,Inch,,,,,,
PAYTON, PAYTON,,DLH1B_2730,Inch,,,,,,
PAYTON, PAYTON,,001B,Inch,,,,,,
PAYTON, PAYTON,,4,Inch,,,,,,
PAYTON, PAYTON,,1,Inch,,,,,,
WG-006,WG-006,,P4_30,Inch,0,0,,,,
WG-006, WG-006,,P1B_350,Inch,0,0,,,,
WG-005,WG-005,,PH4_30_27,Inch,,,,,,
WG-005, WG-005,,P4_30,Inch,,,,,,
WG-005, WG-005,,P27_613,Inch,,,,,,
WG-005, WG-005,,P1B_350,Inch,,,,,,
WG-005, WG-005,,P1B_27S,Inch,,,,,,
WG-005, WG-005,,001B,Inch,,,,,,
WG-005, WG-005,,4,Inch,,,,,,
WG-005, WG-005,,2,Inch,,,,,,
WG-005, WG-005,,1,Inch,,,,,,
2N1 S (H),Draw String 2N1 S (H),,P1B_BG  ,Inch,33,33,69,,,
2N1 S (H),Draw String 2N1 S (H),,P1B_99J  ,Inch,33,33,62,,,
2N1 S (H),Draw String 2N1 S (H),,P1B_350  ,Inch,33,33,138,,,
2N1 S (H),Draw String 2N1 S (H),,P1B_33  ,Inch,33,33,136,,,
2N1 S (H),Draw String 2N1 S (H),,P1B_30  ,Inch,33,33,148,,,
2N1 S (H),Draw String 2N1 S (H),,P1B_27  ,Inch,33,33,140,,,
2N1 S (H),Draw String 2N1 S (H),,4,Inch,33,33,48,,,
2N1 S (H),Draw String 2N1 S (H),,2,Inch,33,33,36,,,
2N1 S (H),Draw String 2N1 S (H),,1,Inch,33,33,253,,,
2N1 S (H),Draw String 2N1 S (H),,001B  ,Inch,33,33,253,,,
JADA,JADA,,TT1B_350,Inch,,,,,,
JADA, JADA,,TT1B_33,Inch,,,,,,
JADA, JADA,,P27_613,Inch,,,,,,
JADA, JADA,,F1B_33,Inch,,,,,,
JADA, JADA,,F1B_27S,Inch,,,,,,
JADA, JADA,,001B,Inch,,,,,,
JADA, JADA,,4,Inch,,,,,,
JADA, JADA,,2,Inch,,,,,,
JADA, JADA,,1,Inch,,,35,,,
YUNA,YUNA,,P1B_33,Inch,111,111,,,,
YUNA, YUNA,,2,Inch,111,111,,,,
YUNA, YUNA,,1,Inch,111,111,,,,
BNH BW22 ,,,,Inch,,,,,,
WG-004,WG-004,,PH4_30_27,Inch,60,60,1,,,
WG-004, WG-004,,P4_27,Inch,60,60,1,,,
WG-004, WG-004,,P1B_350,Inch,60,60,0,,,
WG-004, WG-004,,P1B_33,Inch,60,60,0,,,
WG-004, WG-004,,P1B_27S,Inch,60,60,0,,,
WG-004, WG-004,,001B,Inch,60,60,5,,,
WG-004, WG-004,,2,Inch,60,60,19,,,
WG-004, WG-004,,1,Inch,60,60,36,,,
TARA T,TARA ,,4,Inch,,,,,,
TARA T,TARA ,,1,Inch,,,,,,
TARA T,TARA ,,001B,Inch,,,,,,
TARA T,TARA ,,2,Inch,,,,,,
SORA T,SORA -t,,P27_613,Inch,,,,,,
SORA T,SORA -t,,P30_144,Inch,,,,,,
SORA T,SORA -t,,TT1B_BG,Inch,,,,,,
SORA T,SORA -t,,TT1B_BG,Inch,,,,,,
WG-003,WG-003,,P4_30,Inch,60,60,0,,,
WG-003, WG-003,,P4_27,Inch,60,60,0,,,
WG-003, WG-003,,P27_613,Inch,60,60,0,,,
WG-003, WG-003,,P1B_350,Inch,60,60,0,,,
WG-003, WG-003,,P1B_33,Inch,60,60,0,,,
WG-003, WG-003,,P1B_30,Inch,60,60,1,,,
WG-003, WG-003,,P1B_27S,Inch,60,60,0,,,
WG-003, WG-003,,001B,Inch,60,60,32,,,
WG-003, WG-003,,2,Inch,60,60,44,,,
WG-003, WG-003,,1,Inch,60,60,72,,,
MINK T,MINK ,,F1B_99J,Inch,,,,,,
MINK T,MINK ,,F1B_350,Inch,,,,,,
MINK T,MINK ,,F1B_33,Inch,,,,,,
MINK T,MINK ,,F1B_27,Inch,,,,,,
MINK T,MINK ,,1,Inch,,,,,,
MINK T,MINK ,,PINK,Inch,,,,,,
BNHH22,,,,Inch,,,,,,
JOHNSON,JOHNSON,,F1B_350,Inch,,,,,,
JOHNSON, JOHNSON,,P27_613,Inch,,,,,,
JOHNSON, JOHNSON,,F1B_27,Inch,,,,,,
BNHH16,,,,Inch,,,,,,
BNHH14,,,,Inch,,,,,,
BNHH12 ,,,,Inch,,,,,,
2N1 S,2N1 ,,51,Inch,,,,,,
2N1 S,2N1 ,,280,Inch,,,,,,
2N1 S,2N1 ,,56,Inch,,,,,,
2N1 S,2N1 ,,50,Inch,,,,,,
2N1 S,2N1 ,,34,Inch,,,,,,
2N1 S,2N1 ,,2F350,Inch,,,,,,
2N1 L, 2N1 L,,F4_30,Inch,,,,,,
2N1 L, 2N1 L,,P27_613,Inch,,,,,,
2N1 L, 2N1 L,,34,Inch,,,,,,
2N1 L, 2N1 L,,4,Inch,,,,,,
2N1 L, 2N1 L,,1,Inch,,,,,,
2N1 L, 2N1 L,,TT1B_BG,Inch,,,,,,
WG-001,WG-001,,PH4_30_27,Inch,60,60,25,,,
WG-001, WG-001,,P4_30,Inch,60,60,16,,,
WG-001, WG-001,,P27_613,Inch,60,60,17,,,
WG-001, WG-001,,P1B_350,Inch,60,60,20,,,
WG-001, WG-001,,P1B_33,Inch,60,60,20,,,
WG-001, WG-001,,P1B_27S,Inch,60,60,19,,,
WG-001, WG-001,,001B,Inch,60,60,66,,,
WG-001, WG-001,,4,Inch,60,60,14,,,
WG-001, WG-001,,2,Inch,60,60,43,,,
WG-001, WG-001,,1,Inch,60,60,47,,,
2N1,2N1 ,,2F350,Inch,,,,,,
2N1, 2N1 ,,34,Inch,,,,,,
2N1, 2N1 ,,50,Inch,,,,,,
2N1, 2N1 ,,56,Inch,,,,,,
2N1, 2N1 ,,280,Inch,,,,,,
2N1, 2N1 ,,51,Inch,,,,,,
WW14 ,WW14,,P4_30,Inch,81,81,,,,
WW14 , WW14,,P4_27,Inch,81,81,,,,
WW14 , WW14,,P1B_33,Inch,81,81,,,,
WW14 , WW14,,P1B_30,Inch,81,81,,,,
WW14 , WW14,,2,Inch,75,75,,,,
MIX WET&WAVE ,MIX WET&WAVE ,,2,Inch,,,,,,
MIX WET&WAVE , MIX WET&WAVE ,,001B,Inch,,,,,,
MIX WET&WAVE , MIX WET&WAVE ,,1,Inch,,,,,,
MIX WET&WAVE , MIX WET&WAVE ,,P1B_30,Inch,,,,,,
MIX WET&WAVE , MIX WET&WAVE ,,30,Inch,,,,,,
MIX WET&WAVE , MIX WET&WAVE ,,33,Inch,,,,,,
MIX WET&WAVE , MIX WET&WAVE ,,1,Inch,,,,,,
MIX WET&WAVE , MIX WET&WAVE ,,P6_613,Inch,,,,,,
MIX WET&WAVE , MIX WET&WAVE ,,P4_27,Inch,,,,,,
MIX WET&WAVE , MIX WET&WAVE ,,P4_30,Inch,,,,,,
MIX WET&WAVE , MIX WET&WAVE ,,P27_613,Inch,,,,,,
MIX WET&WAVE , MIX WET&WAVE ,,P1B_30,Inch,,,,,,
MIX WET&WAVE , MIX WET&WAVE ,,P1B_33,Inch,,,,,,
MIX WET&WAVE , MIX WET&WAVE ,,1,Inch,,,,,,
MIX WET&WAVE , MIX WET&WAVE ,,4,Inch,,,,,,
WW12,WW12,,2,Inch,66.6,66.6,,,,
WW12, WW12,,27,Inch,66.6,66.6,,,,
WW12, WW12,,P1B_30 ,Inch,72.6,72.6,,,,
WW12, WW12,,P1B_33,Inch,72.6,72.6,,,,
WW12, WW12,,P4_27 ,Inch,72.6,72.6,,,,
WW12, WW12,,P4_30,Inch,72.6,72.6,,,,
 WW10,WW10,,P1B_33,Inch,57,57,,,,
 WW10,WW10,,P4_27,Inch,57,57,,,,
 WW10,WW10,,P4_30,Inch,57,57,,,,
SUN,SUN,,4,Inch,105,105,,,,
SUN, SUN,,F4_27,Inch,105,105,,,,
SUN, SUN,,F1B_27S,Inch,105,105,,,,
SUN, SUN,,F1B_33,Inch,105,105,,,,
SUN, SUN,,F237,Inch,105,105,,,,
SUN, SUN,,P27_613,Inch,105,105,,,,
WW08 ,WW08,,1,Inch,21.75,21.75,,,,
WW08 , WW08,,001B ,Inch,21.75,21.75,,,,
WW08 , WW08,,2,Inch,21.75,21.75,,,,
WW08 , WW08,,4,Inch,21.75,21.75,,,,
WW08 , WW08,,27,Inch,21.75,21.75,,,,
WW08 , WW08,,30,Inch,21.75,21.75,,,,
WW08 , WW08,,33,Inch,21.75,21.75,,,,
WW08 , WW08,,P1B_33 ,Inch,21.75,21.75,,,,
NDW08 ,NDW08,,1,Inch,21.75,21.75,53,,,
NDW08 , NDW08,,001B ,Inch,21.75,21.75,79,,,
NDW08 , NDW08,,2,Inch,21.75,21.75,18,,,
NDW08 , NDW08,,4,Inch,21.75,21.75,30,,,
NDW08 , NDW08,,27,Inch,21.75,21.75,108,,,
NDW08 , NDW08,,30,Inch,21.75,21.75,82,,,
NDW08 , NDW08,,33,Inch,21.75,21.75,82,,,
NDW08 , NDW08,,P1B_27,Inch,27.75,27.75,69,,,
NDW08 , NDW08,,P1B_30,Inch,27.75,27.75,131,,,
NDW08 , NDW08,,P1B_30,Inch,27.75,27.75,61,,,
NDW08 , NDW08,,P1B_33,Inch,27.75,27.75,46,,,
MATCH S.BOB ,MATCH S.BOB ,,1,Inch,,,,,,
MATCH S.BOB , MATCH S.BOB ,,4,Inch,,,,,,
MATCH S.BOB , MATCH S.BOB ,,P1B_33,Inch,,,,,,
MATCH S.BOB , MATCH S.BOB ,,33,Inch,,,,,,
MATCH S.BOB , MATCH S.BOB ,,P1B_30,Inch,,,,,,
MATCH S.BOB , MATCH S.BOB ,,P27_613,Inch,,,,,,
MATCH S.BOB , MATCH S.BOB ,,P4_30,Inch,,,,,,
MATCH S.BOB , MATCH S.BOB ,,P4_27,Inch,,,,,,
MATCH S.BOB , MATCH S.BOB ,,001B,Inch,,,,,,
MATCH S.BOB , MATCH S.BOB ,,2,Inch,,,,,,
MATCH S.BOB , MATCH S.BOB ,,27,Inch,,,,,,
MATCH S.BOB , MATCH S.BOB ,,30,Inch,,,,,,
DANDY,,,,Inch,,,,,,
SUE,SUE,,1,Inch,48,48,13,,,
SUE, SUE,,2,Inch,48,48,49,,,
SUE, SUE,,4,Inch,48,48,32,,,
SUE, SUE,,001B,Inch,48,48,11,,,
SUE, SUE,,F1B_30,Inch,48,48,0,,,
SUE, SUE,,F237,Inch,48,48,0,,,
NSW14 , NSW14,,1,Inch,74.25,74.25,,,,
NSW14 , NSW14,,001B,Inch,74.25,74.25,,,,
NSW14 , NSW14,,2,Inch,74.25,74.25,,,,
NSW14 , NSW14,,4,Inch,74.25,74.25,,,,
NSW14 , NSW14,,30,Inch,74.25,74.25,,,,
NSW14 , NSW14,,33,Inch,74.25,74.25,,,,
NSW14 , NSW14,,P1B_30,Inch,80.25,80.25,,,,
NSW14 , NSW14,,P1B_33,Inch,80.25,80.25,,,,
NSW14 , NSW14,,P1B_350,Inch,80.25,80.25,,,,
NSW14 , NSW14,,P1B_BG ,Inch,80.25,80.25,,,,
NSW14 , NSW14,,P27_613 ,Inch,80.25,80.25,,,,
NSW14 ,,,P4_27,Inch,,,,,,
BONITA,BONITA,,F1B_27S,Inch,,,,,,
BONITA, BONITA,,F4_30,Inch,,,,,,
BONITA, BONITA,,4,Inch,,,,,,
BONITA, BONITA,,2,Inch,,,,,,
BONITA, BONITA,,1,Inch,,,,,,
VIOLET,VIOLET,,1,Inch,22.5,22.5,121,,,
VIOLET, VIOLET,,001B,Inch,22.5,22.5,124,,,
VIOLET, VIOLET,,2,Inch,22.5,22.5,101,,,
VIOLET, VIOLET,,4,Inch,22.5,22.5,15,,,
VIOLET, VIOLET,,27,Inch,22.5,22.5,54,,,
VIOLET, VIOLET,,30,Inch,22.5,22.5,45,,,
VIOLET, VIOLET,,33,Inch,28.5,28.5,67,,,
VIOLET, VIOLET,,44,Inch,28.5,28.5,28,,,
VIOLET, VIOLET,,51,Inch,28.5,28.5,33,,,
VIOLET, VIOLET,,144,Inch,28.5,28.5,35,,,
VIOLET, VIOLET,,280,Inch,28.5,28.5,0,,,
VIOLET, VIOLET,,350,Inch,28.5,28.5,64,,,
VIOLET, VIOLET,,613,Inch,28.5,28.5,30,,,
VIOLET, VIOLET,,99J,Inch,28.5,28.5,80,,,
MIX ROMANCE,,,,Inch,,,,,,
BECKY,BECKY,,HL2_350  ,Inch,66,66,.,,,
BECKY, BECKY,,HL2_27S  ,Inch,66,66,.,,,
BECKY, BECKY,,4,Inch,66,66,.,,,
BECKY, BECKY,,2,Inch,66,66,.,,,
BECKY, BECKY,,1,Inch,66,66,.,,,
BECKY, BECKY,,001B  ,Inch,66,66,.,,,
BARBARA,BARBARA,,HL2_350  ,Inch,54,54,1,,,
BARBARA, BARBARA,,HL2_27S  ,Inch,54,54,4,,,
BARBARA, BARBARA,,4,Inch,54,54,4,,,
BARBARA, BARBARA,,2,Inch,54,54,0,,,
BARBARA, BARBARA,,001B  ,Inch,54,54,6,,,
BARBARA, BARBARA,,1,Inch,54,54,6,,,
MATCH M.BOB,MATCH M.BOB,,1,Inch,,,,,,
MATCH M.BOB, MATCH M.BOB,,4,Inch,,,,,,
MATCH M.BOB, MATCH M.BOB,,001B,Inch,,,,,,
MATCH M.BOB, MATCH M.BOB,,2,Inch,,,,,,
MATCH M.BOB, MATCH M.BOB,,27,Inch,,,,,,
MATCH M.BOB, MATCH M.BOB,,33,Inch,,,,,,
MATCH M.BOB, MATCH M.BOB,,30,Inch,,,,,,
MATCH M.BOB, MATCH M.BOB,,P1B_30,Inch,,,,,,
MATCH M.BOB, MATCH M.BOB,,P27_613,Inch,,,,,,
MATCH M.BOB, MATCH M.BOB,,P4_30,Inch,,,,,,
MATCH M.BOB, MATCH M.BOB,,P6_613,Inch,,,,,,
NSW12,NSW12,,001B,Inch,65.7,65.7,,,,
NSW12, NSW12,,2,Inch,65.7,65.7,,,,
NSW12, NSW12,,4,Inch,65.7,65.7,,,,
NSW12, NSW12,,27,Inch,65.7,65.7,,,,
NSW12, NSW12,,30,Inch,65.7,65.7,,,,
NSW12, NSW12,,33,Inch,65.7,65.7,,,,
NSW12, NSW12,,P1B_33 ,Inch,71.7,71.7,,,,
NSW12, NSW12,,P1B_350,Inch,71.7,71.7,,,,
NSW12, NSW12,,P1B_99J,Inch,71.7,71.7,,,,
NSW12, NSW12,,P1B_BG,Inch,71.7,71.7,,,,
NSW12, NSW12,,P27_613 ,Inch,71.7,71.7,,,,
NSW12, NSW12,,P4_27,Inch,71.7,71.7,,,,
NSW12, NSW12,,P4_30,Inch,71.7,71.7,,,,
REBA,REBA,,1,Inch,51,51,17,,,
REBA, REBA,,P27_613,Inch,51,51,,,,
REBA, REBA,,2,Inch,51,51,26,,,
REBA, REBA,,4,Inch,51,51,7,,,
REBA, REBA,,34,Inch,51,51,24,,,
REBA, REBA,,44,Inch,51,51,28,,,
REBA, REBA,,51,Inch,51,51,16,,,
REBA, REBA,,280,Inch,51,51,18,,,
REBA, REBA,,F1B_30,Inch,51,51,18,,,
REBA, REBA,,F4_27,Inch,51,51,25,,,
REBA, REBA,,F4_30,Inch,51,51,3,,,
MIX M.BOB,MIX M.BOB ,,1,Inch,,,,,,
MIX M.BOB, MIX M.BOB ,,P4_27,Inch,,,,,,
MIX M.BOB, MIX M.BOB ,,P6_613,Inch,,,,,,
MIX M.BOB, MIX M.BOB ,,P1B_33,Inch,,,,,,
MIX M.BOB, MIX M.BOB ,,001B,Inch,,,,,,
MIX M.BOB, MIX M.BOB ,,2,Inch,,,,,,
MIX M.BOB, MIX M.BOB ,,27,Inch,,,,,,
MIX M.BOB, MIX M.BOB ,,33,Inch,,,,,,
MIX M.BOB, MIX M.BOB ,,30,Inch,,,,,,
MIX M.BOB, MIX M.BOB ,,P1B_30,Inch,,,,,,
MIX M.BOB, MIX M.BOB ,,P27_613,Inch,,,,,,
MIX M.BOB, MIX M.BOB ,,P4_30,Inch,,,,,,
MIX M.BOB, MIX M.BOB ,,P4_30,Inch,,,,,,
NSW10 ,NSW10 ,,1,Inch,50.25,50.25,,,,
NSW10 , NSW10 ,,2,Inch,50.25,50.25,,,,
NSW10 , NSW10 ,,4,Inch,50.25,50.25,,,,
NSW10 , NSW10 ,,27,Inch,50.25,50.25,,,,
NSW10 , NSW10 ,,30,Inch,50.25,50.25,,,,
NSW10 , NSW10 ,,33,Inch,50.25,50.25,,,,
NSW10 , NSW10 ,,P1B_33,Inch,56.25,56.25,,,,
NSW10 , NSW10 ,,P1B_350,Inch,56.25,56.25,,,,
NSW10 , NSW10 ,,P1B_99J ,Inch,56.25,56.25,,,,
NSW10 , NSW10 ,,P1B_BG ,Inch,56.25,56.25,,,,
NSW10 , NSW10 ,,P27_613,Inch,56.25,56.25,,,,
NSW10 , NSW10 ,,P4_27,Inch,56.25,56.25,,,,
NSW10 , NSW10 ,,P4_30,Inch,,,,,,
ROSEMARY,ROSEMARY,,1,Inch,22.5,22.5,35,,,
ROSEMARY, ROSEMARY,,001B,Inch,22.5,22.5,65,,,
ROSEMARY, ROSEMARY,,2,Inch,22.5,22.5,49,,,
ROSEMARY, ROSEMARY,,4,Inch,22.5,22.5,89,,,
ROSEMARY, ROSEMARY,,27,Inch,22.5,22.5,25,,,
ROSEMARY, ROSEMARY,,30,Inch,22.5,22.5,29,,,
ROSEMARY, ROSEMARY,,33,Inch,22.5,22.5,3,,,
ROSEMARY, ROSEMARY,,350,Inch,28.5,28.5,0,,,
ROSEMARY, ROSEMARY,,613,Inch,28.5,28.5,61,,,
ROSEMARY, ROSEMARY,,99J,Inch,28.5,28.5,40,,,
ROSEMARY, ROSEMARY,,BURG,Inch,28.5,28.5,71,,,
ROSEMARY, ROSEMARY,,P1B_130,Inch,28.5,28.5,19,,,
ROSEMARY, ROSEMARY,,P30_144,Inch,28.5,28.5,82,,,
ROSEMARY, ROSEMARY,,P1B_27,Inch,28.5,28.5,159,,,
NICOLE,NICOLE,,1,Inch,105,105,36,,,
NICOLE, NICOLE,,2,Inch,105,105,0,,,
NICOLE, NICOLE,,4,Inch,105,105,0,,,
NICOLE, NICOLE,,001B,Inch,105,105,0,,,
NICOLE, NICOLE,,F1B_27,Inch,105,105,0,,,
NICOLE, NICOLE,,F1B_30,Inch,105,105,0,,,
NICOLE, NICOLE,,F1B_33,Inch,105,105,0,,,
NICOLE, NICOLE,,F1B_99J,Inch,105,105,66,,,
NICOLE, NICOLE,,F237,Inch,105,105,3,,,
NICOLE, NICOLE,,TT1B_27,Inch,105,105,20,,,
NICOLE, NICOLE,,TT1B_33,Inch,105,105,55,,,
NICOLE, NICOLE,,TT1B_BG,Inch,105,105,57,,,
JASMENIA,,,,Inch,,,,,,
IRIS ,,,,Inch,,,,,,
HOLLY,,,,Inch,,,,,,
MATCH L.LAYER,,,1,Inch,,,,,,
MATCH L.LAYER,,,4,Inch,,,,,,
MATCH L.LAYER,,,2,Inch,,,,,,
MATCH L.LAYER,,,27,Inch,,,,,,
MATCH L.LAYER,,,33,Inch,,,,,,
MATCH L.LAYER,,,30,Inch,,,,,,
MATCH L.LAYER,,,P1B_30,Inch,,,,,,
MATCH L.LAYER,,,P4_30,Inch,,,,,,
MATCH L.LAYER,,,P27_613,Inch,,,,,,
MATCH L.LAYER,,,P4_27,Inch,,,,,,
MATCH L.LAYER,,,P6_613,Inch,,,,,,
MATCH L.LAYER,,,P6_613,Inch,,,,,,
NSW08,NSW08,,4,Inch,21,21,,,,
NSW08, NSW08,,27,Inch,21,21,,,,
NSW08, NSW08,,30,Inch,21,21,,,,
NSW08, NSW08,,33,Inch,21,21,,,,
NSW08, NSW08,,P1B_33 ,Inch,27,27,,,,
NSW08, NSW08,,P1B_350,Inch,27,27,,,,
NSW08, NSW08,,P1B_99J ,Inch,27,27,,,,
NSW08, NSW08,,P1B_BG ,Inch,27,27,,,,
NSW08, NSW08,,P27_613,Inch,27,27,,,,
NSW08, NSW08,,P4_27,Inch,27,27,,,,
NSW08, NSW08,,P4_30,Inch,27,27,,,,
MATCH FINGER,MATCH FINGER,,14,Inch,,,,,,
MATCH FINGER, MATCH FINGER,,4,Inch,,,,,,
MATCH FINGER, MATCH FINGER,,1,Inch,,,,,,
MATCH FINGER, MATCH FINGER,,001B,Inch,,,,,,
MIX FINGER,,,,Inch,,,,,,
MIX L.LAYER,MIX L.LAYER,,1,Inch,,,,,,
MIX L.LAYER, MIX L.LAYER,,27,Inch,,,,,,
MIX L.LAYER, MIX L.LAYER,,2,Inch,,,,,,
MIX L.LAYER, MIX L.LAYER,,33,Inch,,,,,,
MIX L.LAYER, MIX L.LAYER,,30,Inch,,,,,,
MIX L.LAYER, MIX L.LAYER,,4,Inch,,,,,,
MIX L.LAYER, MIX L.LAYER,,P1B_30,Inch,,,,,,
MIX L.LAYER, MIX L.LAYER,,P4_30,Inch,,,,,,
MIX L.LAYER, MIX L.LAYER,,P27_613,Inch,,,,,,
MIX L.LAYER, MIX L.LAYER,,P6_613,Inch,,,,,,
MIX L.LAYER, MIX L.LAYER,,P4_27,Inch,,,,,,
MIX L.LAYER, MIX L.LAYER,,P1B_33,Inch,,,,,,
MATCH BODY W,MIX BODY W,,2,,9.98,9.98,198,4.99,4.99,19.96
MATCH BODY W,MIX BODY W,,4,,9.98,9.98,211,4.99,4.99,19.96
MATCH BODY W,MIX BODY W,,350,,9.98,9.98,185,4.99,4.99,19.96
MATCH BODY W,MIX BODY W,,613,,9.98,9.98,100,4.99,4.99,19.96
MATCH BODY W,MIX BODY W,,001B,,9.98,9.98,93,4.99,4.99,19.96
MATCH BODY W,MIX BODY W,,P1B_30,,9.98,9.98,72,4.99,4.99,19.96
MATCH BODY W,MIX BODY W,,P27_30,,9.98,9.98,133,4.99,4.99,19.96
MATCH BODY W,MIX BODY W,,P27_33,,9.98,9.98,197,4.99,4.99,19.96
MATCH BODY W,MIX BODY W,,P30_33,,9.98,9.98,200,4.99,4.99,19.96
MATCH BODY W,MIX BODY W,,P4_27,,9.98,9.98,162,4.99,4.99,19.96
MATCH BODY W,MIX BODY W,,P4_30,,9.98,9.98,122,4.99,4.99,19.96
MIX BODY W,MIX BODY W,,2,Inch,9.98,9.98,198,4.99,4.99,19.96
MIX BODY W, MIX BODY W,,4,Inch,9.98,9.98,211,4.99,4.99,19.96
MIX BODY W, MIX BODY W,,350,Inch,9.98,9.98,185,4.99,4.99,19.96
MIX BODY W, MIX BODY W,,613,Inch,9.98,9.98,100,4.99,4.99,19.96
MIX BODY W, MIX BODY W,,001B,Inch,9.98,9.98,93,4.99,4.99,19.96
MIX BODY W, MIX BODY W,,P1B_30,Inch,9.98,9.98,72,4.99,4.99,19.96
MIX BODY W, MIX BODY W,,P27_30,Inch,9.98,9.98,133,4.99,4.99,19.96
MIX BODY W, MIX BODY W,,P27_33,Inch,9.98,9.98,197,4.99,4.99,19.96
MIX BODY W, MIX BODY W,,P30_33,Inch,9.98,9.98,200,4.99,4.99,19.96
MIX BODY W, MIX BODY W,,P4_27,Inch,9.98,9.98,162,4.99,4.99,19.96
MIX BODY W, MIX BODY W,,P4_30,Inch,9.98,9.98,122,4.99,4.99,19.96
MIX BODY W, MIX BODY W,,2,Inch,9.98,9.98,198,4.99,4.99,19.96
MIX BODY W, MIX BODY W,,4,Inch,9.98,9.98,211,4.99,4.99,19.96
MIX BODY W, MIX BODY W,,350,Inch,9.98,9.98,185,4.99,4.99,19.96
MIX BODY W, MIX BODY W,,613,Inch,9.98,9.98,100,4.99,4.99,19.96
MIX BODY W, MIX BODY W,,001B,Inch,9.98,9.98,93,4.99,4.99,19.96
MIX BODY W, MIX BODY W,,P1B_30,Inch,9.98,9.98,72,4.99,4.99,19.96
MIX BODY W, MIX BODY W,,P27_30,Inch,9.98,9.98,133,4.99,4.99,19.96
MIX BODY W, MIX BODY W,,P27_33,Inch,9.98,9.98,197,4.99,4.99,19.96
MIX BODY W, MIX BODY W,,P30_33,Inch,9.98,9.98,200,4.99,4.99,19.96
MIX BODY W, MIX BODY W,,P4_27,Inch,9.98,9.98,162,4.99,4.99,19.96
MIX BODY W, MIX BODY W,,P4_30,Inch,9.98,9.98,122,4.99,4.99,19.96
STW,STW,10,4,Inch,35,35,23,17.5,17.5,52.5
STW,STW,10,27,Inch,49,49,28,24.5,24.5,73.5
STW,STW,10,30,Inch,35,35,6,17.5,17.5,52.5
STW,STW,10,33,Inch,35,35,20,17.5,17.5,52.5
STW,STW,10,44,Inch,39,39,6,19.5,19.5,58.5
STW,STW,10,350,Inch,49,49,20,24.5,24.5,73.5
STW,STW,10,613,Inch,75,75,8,37.5,37.5,112.5
STW,STW,10,99J,Inch,49,49,3,24.5,24.5,73.5
STW,STW,10,BLUE,Inch,75,75,60,37.5,37.5,112.5
STW,STW,10,BURG,Inch,49,49,2,24.5,24.5,73.5
STW,STW,10,GREEN,Inch,75,75,53,37.5,37.5,112.5
STW,STW,10,ORANGE,Inch,75,75,50,37.5,37.5,112.5
STW,STW,10,P1B_30,Inch,39,39,19,19.5,19.5,58.5
STW,STW,10,P1B_350,Inch,49,49,8,24.5,24.5,73.5
STW,STW,10,P1B_99J,Inch,49,49,11,24.5,24.5,73.5
STW,STW,10,P1B_BG,Inch,49,49,12,24.5,24.5,73.5
STW,STW,10,P27_30,Inch,49,49,12,24.5,24.5,73.5
STW,STW,10,P27_33,Inch,49,49,15,24.5,24.5,73.5
STW,STW,10,P27_613,Inch,105,105,16,52.5,52.5,157.5
STW,STW,10,P4_27,Inch,49,49,12,24.5,24.5,73.5
STW,STW,10,P4_30,Inch,39,39,35,19.5,19.5,58.5
STW,STW,10,PINK,Inch,75,75,48,37.5,37.5,112.5
STW,STW,10,PURPLE,Inch,75,75,48,37.5,37.5,112.5
STW,STW,10,RED,Inch,75,75,67,37.5,37.5,112.5
STW,STW,12,1,Inch,50,50,61,25,25,75
STW,STW,12,27,Inch,64,64,15,32,32,96
STW,STW,12,30,Inch,50,50,12,25,25,75
STW,STW,12,33,Inch,50,50,17,25,25,75
STW,STW,12,350,Inch,64,64,16,32,32,96
STW,STW,12,613,Inch,90,90,9,45,45,135
STW,STW,12,001B,Inch,50,50,26,25,25,75
STW,STW,12,99J,Inch,64,64,18,32,32,96
STW,STW,12,BURG,Inch,64,64,24,32,32,96
STW,STW,12,P1B_30,Inch,54,54,10,27,27,81
STW,STW,12,P1B_33,Inch,54,54,14,27,27,81
STW,STW,12,P1B_350,Inch,64,64,11,32,32,96
STW,STW,12,P1B_99J,Inch,64,64,17,32,32,96
STW,STW,12,P1B_BG,Inch,64,64,12,32,32,96
STW,STW,12,P27_30,Inch,64,64,14,32,32,96
STW,STW,12,P27_33,Inch,64,64,10,32,32,96
STW,STW,12,P27_613,Inch,120,120,33,60,60,180
STW,STW,12,P4_27,Inch,64,64,24,32,32,96
STW,STW,12,P4_30,Inch,54,54,12,27,27,81
STW,STW,14,1,Inch,64,64,121,32,32,96
STW,STW,14,2,Inch,64,64,5,32,32,96
STW,STW,14,4,Inch,64,64,5,32,32,96
STW,STW,14,22,Inch,104,104,143,52,52,156
STW,STW,14,27,Inch,78,78,12,39,39,117
STW,STW,14,30,Inch,64,64,13,32,32,96
STW,STW,14,33,Inch,64,64,2,32,32,96
STW,STW,14,350,,78,78,18,39,39,117
STW,STW,14,613,,104,104,20,52,52,156
STW,STW,14,001B,,64,64,92,32,32,96
STW,STW,14,99J,,78,78,4,39,39,117
STW,STW,14,P18_22,,104,104,72,52,52,156
STW,STW,14,P18_613,,104,104,17,52,52,156
STW,STW,14,P1B_30,,68,68,7,34,34,102
STW,STW,14,P1B_33,,68,68,2,34,34,102
STW,STW,14,P1B_BG,,78,78,2,39,39,117
STW,STW,14,P24_613,,104,104,80,52,52,156
STW,STW,14,P27_24,,104,104,135,52,52,156
STW,STW,14,P27_33,,78,78,2,39,39,117
STW,STW,14,P27_613,,134,134,107,67,67,201
STW,STW,14,P4_613,,104,104,153,52,52,156
STW,STW,14,P6_24,,104,104,30,52,52,156
STW,STW,14,P6_27,,78,78,96,39,39,117
STW,STW,14,P6_613,,104,104,57,52,52,156
STW,STW,16,1,,74,74,26,37,37,111
STW,STW,16,2,,74,74,77,37,37,111
STW,STW,16,4,,74,74,8,37,37,111
STW,STW,16,22,,124,124,20,62,62,186
STW,STW,16,350,,98,98,30,49,49,147
STW,STW,16,001B,,74,74,20,37,37,111
STW,STW,16,P1B_30,,78,78,16,39,39,117
STW,STW,16,P1B_33,,78,78,17,39,39,117
STW,STW,16,P1B_BG,,98,98,16,49,49,147
STW,STW,16,P27_24,,124,124,6,62,62,186
STW,STW,16,P27_30,,98,98,2,49,49,147
STW,STW,16,P27_33,,98,98,4,49,49,147
STW,STW,16,P4_30,,78,78,3,39,39,117
STW,STW,16,P4_613,,124,124,68,62,62,186
STW,STW,18,4,,88,88,2,44,44,132
STW,STW,18,30,,88,88,10,44,44,132
STW,STW,18,350,,112,112,15,56,56,168
STW,STW,18,P18_22,,138,138,5,69,69,207
STW,STW,18,P1B_30,,92,92,18,46,46,138
STW,STW,18,P1B_33,,92,92,12,46,46,138
STW,STW,18,P1B_BG,,112,112,4,56,56,168
STW,STW,18,P27_24,,138,138,7,69,69,207
STW,STW,18,P27_33,,112,112,6,56,56,168
STW,STW,18,P6_27,,112,112,4,56,56,168
STW,STW,28A,1,,200,200,36,100,100,300
test001,FLW-B-DB2,10,1,Inch,199.2,199.2,10,159.36,179.28,350
test001,FLW-B-DB3,10,1B,Inch,199.2,199.2,10,159.36,179.28,298.8
test001,FLW-B-DB4,10,2,Inch,199.2,199.2,10,159.36,179.28,298.8
test001,FLW-B-DB5,10,3,Inch,199.2,199.2,10,159.36,179.28,298.8
test001,FLW-B-DB6,10,4,Inch,199.2,199.2,10,159.36,179.28,298.8
test001,FLW-B-DB7,10,6,Inch,199.2,199.2,10,159.36,179.28,298.8
test001,FLW-B-DB8,10,8,Inch,199.2,199.2,10,159.36,179.28,298.8
test001,FLW-B-DB9,10,9,Inch,199.2,199.2,10,159.36,179.28,298.8
test001,FLW-B-DB10,10,10,Inch,199.2,199.2,10,159.36,179.28,298.8
test001,FLW-B-DB11,10,12,Inch,199.2,199.2,10,159.36,179.28,298.8
test001,FLW-B-DB12,10,14,Inch,199.2,199.2,10,159.36,179.28,298.8
test001,FLW-B-DB13,10,16,Inch,199.2,199.2,10,159.36,179.28,298.8
test001,FLW-B-DB14,10,18,Inch,199.2,199.2,10,159.36,179.28,298.8
test001,FLW-B-DB15,10,22,Inch,199.2,199.2,10,159.36,179.28,298.8
test001,FLW-B-DB16,10,24,Inch,199.2,199.2,10,159.36,179.28,298.8
test001,FLW-B-DB17,10,25,Inch,199.2,199.2,10,159.36,179.28,298.8
test001,FLW-B-DB18,10,27A,Inch,199.2,199.2,10,159.36,179.28,298.8
test001,FLW-B-DB19,12,1,Inch,209.2,209.2,10,167.36,188.28,313.8
test001,FLW-B-DB20,12,1B,Inch,209.2,209.2,10,167.36,188.28,313.8
test001,FLW-B-DB21,12,2,Inch,209.2,209.2,10,167.36,188.28,313.8
test001,FLW-B-DB22,12,3,Inch,209.2,209.2,10,167.36,188.28,313.8
test001,FLW-B-DB23,12,4,Inch,209.2,209.2,10,167.36,188.28,313.8
test001,FLW-B-DB24,12,6,Inch,209.2,209.2,10,167.36,188.28,313.8
test001,FLW-B-DB25,12,8,Inch,209.2,209.2,10,167.36,188.28,313.8
test001,FLW-B-DB26,12,9,Inch,209.2,209.2,10,167.36,188.28,313.8
test001,FLW-B-DB27,12,10,Inch,209.2,209.2,10,167.36,188.28,313.8
test001,FLW-B-DB28,12,12,Inch,219.2,219.2,10,175.36,197.28,328.8
test001,FLW-B-DB29,12,14,Inch,219.2,219.2,10,175.36,197.28,328.8
test001,FLW-B-DB30,12,16,Inch,219.2,219.2,10,175.36,197.28,328.8
test001,FLW-B-DB31,12,18,Inch,219.2,219.2,10,175.36,197.28,328.8
test001,FLW-B-DB32,12,22,Inch,219.2,219.2,10,175.36,197.28,328.8
test001,FLW-B-DB33,12,24,Inch,219.2,219.2,10,175.36,197.28,328.8
test001,FLW-B-DB34,12,25,Inch,219.2,219.2,10,175.36,197.28,328.8
test001,FLW-B-DB35,12,27A,Inch,219.2,219.2,10,175.36,197.28,328.8
test001,FLW-B-DB36,14,1,Inch,214.2,214.2,10,171.36,192.78,321.3
test001,FLW-B-DB37,14,1B,Inch,214.2,214.2,10,171.36,192.78,321.3
test001,FLW-B-DB38,14,2,Inch,214.2,214.2,10,171.36,192.78,321.3
test001,FLW-B-DB39,14,3,Inch,214.2,214.2,10,171.36,192.78,321.3
test001,FLW-B-DB40,14,4,Inch,214.2,214.2,10,171.36,192.78,321.3
test001,FLW-B-DB41,14,6,Inch,214.2,214.2,10,171.36,192.78,321.3
test001,FLW-B-DB42,14,8,Inch,214.2,214.2,10,171.36,192.78,321.3
test001,FLW-B-DB43,14,9,Inch,214.2,214.2,10,171.36,192.78,321.3
test001,FLW-B-DB44,14,10,Inch,214.2,214.2,10,171.36,192.78,321.3
test001,FLW-B-DB45,14,12,Inch,224.2,224.2,10,179.36,201.78,336.3
test001,FLW-B-DB46,14,14,Inch,224.2,224.2,10,179.36,201.78,336.3
test001,FLW-B-DB47,14,16,Inch,224.2,224.2,10,179.36,201.78,336.3
test001,FLW-B-DB48,14,18,Inch,224.2,224.2,10,179.36,201.78,336.3
test001,FLW-B-DB49,14,22,Inch,224.2,224.2,10,179.36,201.78,336.3
test001,FLW-B-DB50,14,24,Inch,224.2,224.2,10,179.36,201.78,336.3
test001,FLW-B-DB51,14,25,Inch,224.2,224.2,10,179.36,201.78,336.3
test001,FLW-B-DB52,14,27A,,224.2,224.2,10,179.36,201.78,336.3
test001,FLW-B-DB53,16,1,,229.2,229.2,10,183.36,206.28,343.8
test001,FLW-B-DB54,16,1B,,229.2,229.2,10,183.36,206.28,343.8
test001,FLW-B-DB55,16,2,,229.2,229.2,10,183.36,206.28,343.8
test001,FLW-B-DB56,16,3,,229.2,229.2,10,183.36,206.28,343.8
test001,FLW-B-DB57,16,4,,229.2,229.2,10,183.36,206.28,343.8
test001,FLW-B-DB58,16,6,,229.2,229.2,10,183.36,206.28,343.8
test001,FLW-B-DB59,16,8,,229.2,229.2,10,183.36,206.28,343.8
test001,FLW-B-DB60,16,9,,229.2,229.2,10,183.36,206.28,343.8
test001,FLW-B-DB61,16,10,,229.2,229.2,10,183.36,206.28,343.8
test001,FLW-B-DB62,16,12,,239.2,239.2,10,191.36,215.28,358.8
test001,FLW-B-DB63,16,14,,239.2,239.2,10,191.36,215.28,358.8
test001,FLW-B-DB64,16,16,,239.2,239.2,10,191.36,215.28,358.8
test001,FLW-B-DB65,16,18,,239.2,239.2,10,191.36,215.28,358.8
test001,FLW-B-DB66,16,22,,239.2,239.2,10,191.36,215.28,358.8
test001,FLW-B-DB67,16,24,,239.2,239.2,10,191.36,215.28,358.8
test001,FLW-B-DB68,16,25,,239.2,239.2,10,191.36,215.28,358.8
test001,FLW-B-DB69,16,27A,,239.2,239.2,10,191.36,215.28,358.8
test001,FLW-B-DB70,18,1,,254.2,254.2,10,203.36,228.78,381.3
test001,FLW-B-DB71,18,1B,,254.2,254.2,10,203.36,228.78,381.3
test001,FLW-B-DB72,18,2,,254.2,254.2,10,203.36,228.78,381.3
test001,FLW-B-DB73,18,3,,254.2,254.2,10,203.36,228.78,381.3
test001,FLW-B-DB74,18,4,,254.2,254.2,10,203.36,228.78,381.3
test001,FLW-B-DB75,18,6,,254.2,254.2,10,203.36,228.78,381.3
test001,FLW-B-DB76,18,8,,254.2,254.2,10,203.36,228.78,381.3
test001,FLW-B-DB77,18,9,,254.2,254.2,10,203.36,228.78,381.3
test001,FLW-B-DB78,18,10,,254.2,254.2,10,203.36,228.78,381.3
test001,FLW-B-DB79,18,12,,264.2,264.2,10,211.36,237.78,396.3
test001,FLW-B-DB80,18,14,,264.2,264.2,10,211.36,237.78,396.3
test001,FLW-B-DB81,18,16,,264.2,264.2,10,211.36,237.78,396.3
test001,FLW-B-DB82,18,18,,264.2,264.2,10,211.36,237.78,396.3
test001,FLW-B-DB83,18,22,,264.2,264.2,10,211.36,237.78,396.3
test001,FLW-B-DB84,18,24,,264.2,264.2,10,211.36,237.78,396.3
test001,FLW-B-DB85,18,25,,264.2,264.2,10,211.36,237.78,396.3
test001,FLW-B-DB86,18,27A,,264.2,264.2,10,211.36,237.78,396.3
test001,FLW-B-DB87,20,1,,279.2,279.2,10,223.36,251.28,418.8
test001,FLW-B-DB88,20,1B,,279.2,279.2,10,223.36,251.28,418.8
test001,FLW-B-DB89,20,2,,279.2,279.2,10,223.36,251.28,418.8
test001,FLW-B-DB90,20,3,,279.2,279.2,10,223.36,251.28,418.8
test001,FLW-B-DB91,20,4,,279.2,279.2,10,223.36,251.28,418.8
test001,FLW-B-DB92,20,6,,279.2,279.2,10,223.36,251.28,418.8
test001,FLW-B-DB93,20,8,,279.2,279.2,10,223.36,251.28,418.8
test001,FLW-B-DB94,20,9,,279.2,279.2,10,223.36,251.28,418.8
test001,FLW-B-DB95,20,10,,279.2,279.2,10,223.36,251.28,418.8
test001,FLW-B-DB96,20,12,,289.2,289.2,10,231.36,260.28,433.8
test001,FLW-B-DB97,20,14,,289.2,289.2,10,231.36,260.28,433.8
test001,FLW-B-DB98,20,16,,289.2,289.2,10,231.36,260.28,433.8
test001,FLW-B-DB99,20,18,,289.2,289.2,10,231.36,260.28,433.8
test001,FLW-B-DB100,20,22,,289.2,289.2,10,231.36,260.28,433.8
test001,FLW-B-DB101,20,24,,289.2,289.2,10,231.36,260.28,433.8
test001,FLW-B-DB102,20,25,,289.2,289.2,10,231.36,260.28,433.8
test001,FLW-B-DB103,20,27A,,289.2,289.2,10,231.36,260.28,433.8
test001,FLW-B-DB104,22,1,,304.2,304.2,10,243.36,273.78,456.3
test001,FLW-B-DB105,22,1B,,304.2,304.2,10,243.36,273.78,456.3
test001,FLW-B-DB106,22,2,,304.2,304.2,10,243.36,273.78,456.3
test1,,,,,,,,,,
