ID,PRODUCT_CODE,SKU,LENGTH,COLOR,TYPE,PRICE,STOCK,MANUFACTUREPRICE,WHOLESALEPRICE,REGULARPRICE
32,AND-CL,ANDREA CLIP IN EXTENSION 7 PCS ,14,1,Inch,86,0,43,47.3,107.5
32,AND-CL,ANDREA CLIP IN EXTENSION 7 PCS ,14,001B,Inch,86,1,43,47.3,107.5
32,AND-CL,ANDREA CLIP IN EXTENSION 7 PCS ,14,2,Inch,86,1,43,47.3,107.5
32,AND-CL,ANDREA CLIP IN EXTENSION 7 PCS ,14,4,Inch,86,1,43,47.3,107.5
32,AND-CL,ANDREA CLIP IN EXTENSION 7 PCS ,14,6,Inch,86,1,43,47.3,107.5
32,AND-CL,ANDREA CLIP IN EXTENSION 7 PCS ,14,16,Inch,102,1,51,56.1,127.5
32,AND-CL,ANDREA CLIP IN EXTENSION 7 PCS ,14,22,Inch,110,0,55,60.5,137.5
32,AND-CL,ANDREA CLIP IN EXTENSION 7 PCS ,14,27,Inch,102,0,51,56.1,127.5
32,AND-CL,ANDREA CLIP IN EXTENSION 7 PCS ,14,30,Inch,86,0,43,47.3,107.5
32,AND-CL,ANDREA CLIP IN EXTENSION 7 PCS ,14,032A,Inch,94,0,47,51.7,117.5
32,AND-CL,ANDREA CLIP IN EXTENSION 7 PCS ,14,33,Inch,86,1,43,47.3,107.5
32,AND-CL,ANDREA CLIP IN EXTENSION 7 PCS ,14,613,Inch,110,0,55,60.5,137.5
32,AND-CL,ANDREA CLIP IN EXTENSION 7 PCS ,14,P10_16,Inch,102,0,51,56.1,127.5
32,AND-CL,ANDREA CLIP IN EXTENSION 7 PCS ,14,P14_24,Inch,102,1,51,56.1,127.5
32,AND-CL,ANDREA CLIP IN EXTENSION 7 PCS ,14,P16_24,Inch,102,1,51,56.1,127.5
32,AND-CL,ANDREA CLIP IN EXTENSION 7 PCS ,14,P18_22,Inch,102,0,51,56.1,127.5
32,AND-CL,ANDREA CLIP IN EXTENSION 7 PCS ,14,P2_613,Inch,102,1,51,56.1,127.5
32,AND-CL,ANDREA CLIP IN EXTENSION 7 PCS ,14,P27_613,Inch,102,1,51,56.1,127.5
32,AND-CL,ANDREA CLIP IN EXTENSION 7 PCS ,14,P4_24,Inch,102,1,51,56.1,127.5
32,AND-CL,ANDREA CLIP IN EXTENSION 7 PCS ,14,P4_27_30,Inch,102,0,51,56.1,127.5
32,AND-CL,ANDREA CLIP IN EXTENSION 7 PCS ,14,P4_30,Inch,94,1,47,51.7,117.5
32,AND-CL,ANDREA CLIP IN EXTENSION 7 PCS ,14,P6_613,Inch,102,1,51,56.1,127.5
32,AND-CL,ANDREA CLIP IN EXTENSION 7 PCS ,14,T4_30_27,Inch,102,0,51,56.1,127.5
32,AND-CL,ANDREA CLIP IN EXTENSION 7 PCS ,14,T6_27_613,Inch,110,0,55,60.5,137.5
32,AND-CL,ANDREA CLIP IN EXTENSION 7 PCS ,14,TT3_613,Inch,110,0,55,60.5,137.5
32,AND-CL,ANDREA CLIP IN EXTENSION 7 PCS ,14,TT3_BURG,Inch,110,0,55,60.5,137.5
32,AND-CL,ANDREA CLIP IN EXTENSION 7 PCS ,18,1,Inch,130,0,65,71.5,162.5
32,AND-CL,ANDREA CLIP IN EXTENSION 7 PCS ,18,001B,Inch,130,0,65,71.5,162.5
32,AND-CL,ANDREA CLIP IN EXTENSION 7 PCS ,18,2,Inch,130,0,65,71.5,162.5
32,AND-CL,ANDREA CLIP IN EXTENSION 7 PCS ,18,4,Inch,130,0,65,71.5,162.5
32,AND-CL,ANDREA CLIP IN EXTENSION 7 PCS ,18,6,Inch,130,0,65,71.5,162.5
32,AND-CL,ANDREA CLIP IN EXTENSION 7 PCS ,18,16,Inch,154,0,77,84.7,192.5
32,AND-CL,,18,22,Inch,166,0,83,91.3,207.5
31,BNH-NW,NATURAL UNPROCESSED NATURAL WAVE,12,NATURAL,Inch,21,300,10.5,11.55,26.25
31,BNH-NW,NATURAL UNPROCESSED NATURAL WAVE,14,NATURAL,Inch,27,500,13.5,14.85,33.75
31,BNH-NW,NATURAL UNPROCESSED NATURAL WAVE,16,NATURAL,Inch,34,199,17,18.7,42.5
31,BNH-NW,NATURAL UNPROCESSED NATURAL WAVE,18,NATURAL,Inch,40,399,20,22,50
31,BNH-NW,NATURAL UNPROCESSED NATURAL WAVE,20,NATURAL,Inch,48,-2,24,26.4,60
31,BNH-NW,NATURAL UNPROCESSED NATURAL WAVE,22,NATURAL,Inch,56,0,28,30.8,70
31,BNH-NW,NATURAL UNPROCESSED NATURAL WAVE,24,NATURAL,Inch,64,0,32,35.2,80
31,BNH-NW,NATURAL UNPROCESSED NATURAL WAVE,26,NATURAL,Inch,72,0,36,39.6,90
31,BNH-NW,NATURAL UNPROCESSED NATURAL WAVE,28,NATURAL,Inch,80,0,40,44,100
48,IRIS,,,,,,,,,
30,BNH-BW,NATURAL UNPROCESSED BODY WAVE,12,NATURAL,Inch,21,300,10.5,11.55,26.25
30,BNH-BW,NATURAL UNPROCESSED BODY WAVE,14,NATURAL,Inch,27,-1,13.5,14.85,33.75
30,BNH-BW,NATURAL UNPROCESSED BODY WAVE,16,NATURAL,Inch,34,199,17,18.7,42.5
30,BNH-BW,NATURAL UNPROCESSED BODY WAVE,18,NATURAL,Inch,40,298,20,22,50
30,BNH-BW,NATURAL UNPROCESSED BODY WAVE,20,NATURAL,Inch,48,500,24,26.4,60
30,BNH-BW,NATURAL UNPROCESSED BODY WAVE,22,NATURAL,Inch,56,500,28,30.8,70
30,BNH-BW,NATURAL UNPROCESSED BODY WAVE,24,NATURAL,Inch,64,300,32,35.2,80
30,BNH-BW,NATURAL UNPROCESSED BODY WAVE,26,NATURAL,Inch,72,0,36,39.6,90
30,BNH-BW,NATURAL UNPROCESSED BODY WAVE,28,NATURAL,Inch,80,0,40,44,100
26,SHE-BR-BW,SHEREE BRAZILIAN REMY BODY WAVE,10,1,Inch,18,0,9,9.9,22.5
26,SHE-BR-BW,SHEREE BRAZILIAN REMY BODY WAVE,10,001B,Inch,18,49,9,9.9,22.5
26,SHE-BR-BW,SHEREE BRAZILIAN REMY BODY WAVE,10,2,Inch,18,0,9,9.9,22.5
26,SHE-BR-BW,SHEREE BRAZILIAN REMY BODY WAVE,10,4,Inch,18,0,9,9.9,22.5
26,SHE-BR-BW,SHEREE BRAZILIAN REMY BODY WAVE,10,P1B_30,Inch,21,1,10.5,11.55,26.25
26,SHE-BR-BW,SHEREE BRAZILIAN REMY BODY WAVE,10,P1B_33,Inch,21,0,10.5,11.55,26.25
26,SHE-BR-BW,SHEREE BRAZILIAN REMY BODY WAVE,10,T1B_27,Inch,21,0,10.5,11.55,26.25
26,SHE-BR-BW,SHEREE BRAZILIAN REMY BODY WAVE,10,T1B_30,Inch,21,0,10.5,11.55,26.25
26,SHE-BR-BW,SHEREE BRAZILIAN REMY BODY WAVE,12,1,Inch,26,0,13,14.3,32.5
26,SHE-BR-BW,SHEREE BRAZILIAN REMY BODY WAVE,12,001B,Inch,26,0,13,14.3,32.5
26,SHE-BR-BW,SHEREE BRAZILIAN REMY BODY WAVE,12,2,Inch,26,0,13,14.3,32.5
26,SHE-BR-BW,SHEREE BRAZILIAN REMY BODY WAVE,12,4,Inch,26,0,13,14.3,32.5
26,SHE-BR-BW,SHEREE BRAZILIAN REMY BODY WAVE,12,P1B_30,Inch,29,0,14.5,15.95,36.25
26,SHE-BR-BW,SHEREE BRAZILIAN REMY BODY WAVE,12,P1B_33,Inch,29,0,14.5,15.95,36.25
26,SHE-BR-BW,SHEREE BRAZILIAN REMY BODY WAVE,12,T1B_27,Inch,29,1,14.5,15.95,36.25
26,SHE-BR-BW,SHEREE BRAZILIAN REMY BODY WAVE,12,T1B_30,Inch,29,0,14.5,15.95,36.25
26,SHE-BR-BW,SHEREE BRAZILIAN REMY BODY WAVE,14,1,Inch,37,0,18.5,20.35,46.25
26,SHE-BR-BW,SHEREE BRAZILIAN REMY BODY WAVE,14,001B,Inch,37,0,18.5,20.35,46.25
26,SHE-BR-BW,SHEREE BRAZILIAN REMY BODY WAVE,14,2,Inch,37,0,18.5,20.35,46.25
26,SHE-BR-BW,SHEREE BRAZILIAN REMY BODY WAVE,14,4,Inch,37,-1,18.5,20.35,46.25
26,SHE-BR-BW,SHEREE BRAZILIAN REMY BODY WAVE,14,P1B_30,Inch,40,0,20,22,50
26,SHE-BR-BW,SHEREE BRAZILIAN REMY BODY WAVE,14,P1B_33,Inch,40,0,20,22,50
26,SHE-BR-BW,SHEREE BRAZILIAN REMY BODY WAVE,14,T1B_27,Inch,40,0,20,22,50
26,SHE-BR-BW,SHEREE BRAZILIAN REMY BODY WAVE,14,T1B_30,Inch,40,0,20,22,50
26,SHE-BR-BW,SHEREE BRAZILIAN REMY BODY WAVE,18,1,Inch,58,1,29,31.9,72.5
26,SHE-BR-BW,SHEREE BRAZILIAN REMY BODY WAVE,18,001B,Inch,58,1,29,31.9,72.5
26,SHE-BR-BW,SHEREE BRAZILIAN REMY BODY WAVE,18,2,Inch,58,1,29,31.9,72.5
26,SHE-BR-BW,SHEREE BRAZILIAN REMY BODY WAVE,18,4,Inch,58,1,29,31.9,72.5
26,SHE-BR-BW,SHEREE BRAZILIAN REMY BODY WAVE,18,P1B_30,Inch,62,0,31,34.1,77.5
26,SHE-BR-BW,SHEREE BRAZILIAN REMY BODY WAVE,18,P1B_33,Inch,62,1,31,34.1,77.5
26,SHE-BR-BW,SHEREE BRAZILIAN REMY BODY WAVE,18,T1B_27,Inch,62,0,31,34.1,77.5
26,SHE-BR-BW,SHEREE BRAZILIAN REMY BODY WAVE,18,T1B_30,Inch,62,1,31,34.1,77.5
27,SHE-BR-DW,SHEREE BRAZILIAN REMY DEEP WAVE,10,1,Inch,18,1,9,9.9,22.5
27,SHE-BR-DW,SHEREE BRAZILIAN REMY DEEP WAVE,10,001B,Inch,18,0,9,9.9,22.5
27,SHE-BR-DW,SHEREE BRAZILIAN REMY DEEP WAVE,10,2,Inch,18,0,9,9.9,22.5
27,SHE-BR-DW,SHEREE BRAZILIAN REMY DEEP WAVE,10,4,Inch,18,0,9,9.9,22.5
27,SHE-BR-DW,SHEREE BRAZILIAN REMY DEEP WAVE,10,P1B_30,Inch,21,0,10.5,11.55,26.25
27,SHE-BR-DW,SHEREE BRAZILIAN REMY DEEP WAVE,10,P1B_33,Inch,21,0,10.5,11.55,26.25
27,SHE-BR-DW,SHEREE BRAZILIAN REMY DEEP WAVE,10,T1B_27,Inch,21,0,10.5,11.55,26.25
27,SHE-BR-DW,SHEREE BRAZILIAN REMY DEEP WAVE,10,T1B_30,Inch,21,0,10.5,11.55,26.25
27,SHE-BR-DW,SHEREE BRAZILIAN REMY DEEP WAVE,12,1,Inch,26,0,13,14.3,32.5
27,SHE-BR-DW,SHEREE BRAZILIAN REMY DEEP WAVE,12,001B,Inch,26,0,13,14.3,32.5
27,SHE-BR-DW,SHEREE BRAZILIAN REMY DEEP WAVE,12,2,Inch,26,0,13,14.3,32.5
27,SHE-BR-DW,SHEREE BRAZILIAN REMY DEEP WAVE,12,4,Inch,26,0,13,14.3,32.5
27,SHE-BR-DW,SHEREE BRAZILIAN REMY DEEP WAVE,12,P1B_30,Inch,29,0,14.5,15.95,36.25
27,SHE-BR-DW,SHEREE BRAZILIAN REMY DEEP WAVE,12,P1B_33,Inch,29,0,14.5,15.95,36.25
27,SHE-BR-DW,SHEREE BRAZILIAN REMY DEEP WAVE,12,T1B_27,Inch,29,0,14.5,15.95,36.25
27,SHE-BR-DW,SHEREE BRAZILIAN REMY DEEP WAVE,12,T1B_30,Inch,29,0,14.5,15.95,36.25
27,SHE-BR-DW,SHEREE BRAZILIAN REMY DEEP WAVE,14,1,Inch,37,95,18.5,20.35,46.25
27,SHE-BR-DW,SHEREE BRAZILIAN REMY DEEP WAVE,14,001B,Inch,37,0,18.5,20.35,46.25
27,SHE-BR-DW,SHEREE BRAZILIAN REMY DEEP WAVE,14,2,Inch,37,0,18.5,20.35,46.25
27,SHE-BR-DW,SHEREE BRAZILIAN REMY DEEP WAVE,14,4,Inch,37,0,18.5,20.35,46.25
27,SHE-BR-DW,SHEREE BRAZILIAN REMY DEEP WAVE,14,P1B_30,Inch,40,0,20,22,50
27,SHE-BR-DW,SHEREE BRAZILIAN REMY DEEP WAVE,14,P1B_33,Inch,40,0,20,22,50
27,SHE-BR-DW,SHEREE BRAZILIAN REMY DEEP WAVE,14,T1B_27,Inch,40,0,20,22,50
27,SHE-BR-DW,SHEREE BRAZILIAN REMY DEEP WAVE,14,T1B_30,Inch,40,0,20,22,50
27,SHE-BR-DW,SHEREE BRAZILIAN REMY DEEP WAVE,18,1,Inch,58,0,29,31.9,72.5
27,SHE-BR-DW,SHEREE BRAZILIAN REMY DEEP WAVE,18,001B,Inch,58,1,29,31.9,72.5
27,SHE-BR-DW,SHEREE BRAZILIAN REMY DEEP WAVE,18,2,Inch,58,1,29,31.9,72.5
27,SHE-BR-DW,SHEREE BRAZILIAN REMY DEEP WAVE,18,4,Inch,58,1,29,31.9,72.5
27,SHE-BR-DW,SHEREE BRAZILIAN REMY DEEP WAVE,18,P1B_30,Inch,62,0,31,34.1,77.5
27,SHE-BR-DW,SHEREE BRAZILIAN REMY DEEP WAVE,18,P1B_33,Inch,62,0,31,34.1,77.5
27,SHE-BR-DW,SHEREE BRAZILIAN REMY DEEP WAVE,18,T1B_27,Inch,62,0,31,34.1,77.5
27,SHE-BR-DW,SHEREE BRAZILIAN REMY DEEP WAVE,18,T1B_30,Inch,62,0,31,34.1,77.5
28,SHE-BR-JC,SHEREE BRAZILIAN REMY JERRY CURL ,10,1,Inch,18,1,9,9.9,22.5
28,SHE-BR-JC,SHEREE BRAZILIAN REMY JERRY CURL ,10,001B,Inch,18,0,9,9.9,22.5
28,SHE-BR-JC,SHEREE BRAZILIAN REMY JERRY CURL ,10,2,Inch,18,1,9,9.9,22.5
28,SHE-BR-JC,SHEREE BRAZILIAN REMY JERRY CURL ,10,4,Inch,18,1,9,9.9,22.5
28,SHE-BR-JC,SHEREE BRAZILIAN REMY JERRY CURL ,10,P1B_30,Inch,21,1,10.5,11.55,26.25
28,SHE-BR-JC,SHEREE BRAZILIAN REMY JERRY CURL ,10,P1B_33,Inch,21,0,10.5,11.55,26.25
28,SHE-BR-JC,SHEREE BRAZILIAN REMY JERRY CURL ,10,T1B_27,Inch,21,0,10.5,11.55,26.25
28,SHE-BR-JC,SHEREE BRAZILIAN REMY JERRY CURL ,10,T1B_30,Inch,21,0,10.5,11.55,26.25
28,SHE-BR-JC,SHEREE BRAZILIAN REMY JERRY CURL ,12,1,Inch,26,0,13,14.3,32.5
28,SHE-BR-JC,SHEREE BRAZILIAN REMY JERRY CURL ,12,001B,Inch,26,0,13,14.3,32.5
28,SHE-BR-JC,SHEREE BRAZILIAN REMY JERRY CURL ,12,2,Inch,26,0,13,14.3,32.5
28,SHE-BR-JC,SHEREE BRAZILIAN REMY JERRY CURL ,12,4,Inch,26,0,13,14.3,32.5
28,SHE-BR-JC,SHEREE BRAZILIAN REMY JERRY CURL ,12,P1B_30,Inch,29,0,14.5,15.95,36.25
28,SHE-BR-JC,SHEREE BRAZILIAN REMY JERRY CURL ,12,P1B_33,Inch,29,1,14.5,15.95,36.25
28,SHE-BR-JC,SHEREE BRAZILIAN REMY JERRY CURL ,12,T1B_27,Inch,29,1,14.5,15.95,36.25
28,SHE-BR-JC,SHEREE BRAZILIAN REMY JERRY CURL ,12,T1B_30,Inch,29,0,14.5,15.95,36.25
28,SHE-BR-JC,SHEREE BRAZILIAN REMY JERRY CURL ,14,1,Inch,37,46,18.5,20.35,46.25
28,SHE-BR-JC,SHEREE BRAZILIAN REMY JERRY CURL ,14,001B,Inch,37,0,18.5,20.35,46.25
28,SHE-BR-JC,SHEREE BRAZILIAN REMY JERRY CURL ,14,2,Inch,37,0,18.5,20.35,46.25
28,SHE-BR-JC,SHEREE BRAZILIAN REMY JERRY CURL ,14,4,Inch,37,0,18.5,20.35,46.25
28,SHE-BR-JC,SHEREE BRAZILIAN REMY JERRY CURL ,14,P1B_30,Inch,40,0,20,22,50
28,SHE-BR-JC,SHEREE BRAZILIAN REMY JERRY CURL ,14,P1B_33,Inch,40,0,20,22,50
28,SHE-BR-JC,SHEREE BRAZILIAN REMY JERRY CURL ,14,T1B_27,Inch,40,0,20,22,50
28,SHE-BR-JC,SHEREE BRAZILIAN REMY JERRY CURL ,14,T1B_30,Inch,40,0,20,22,50
28,SHE-BR-JC,SHEREE BRAZILIAN REMY JERRY CURL ,18,1,Inch,58,0,29,31.9,72.5
28,SHE-BR-JC,SHEREE BRAZILIAN REMY JERRY CURL ,18,001B,Inch,58,0,29,31.9,72.5
28,SHE-BR-JC,SHEREE BRAZILIAN REMY JERRY CURL ,18,2,Inch,58,0,29,31.9,72.5
28,SHE-BR-JC,SHEREE BRAZILIAN REMY JERRY CURL ,18,4,Inch,58,0,29,31.9,72.5
28,SHE-BR-JC,SHEREE BRAZILIAN REMY JERRY CURL ,18,P1B_30,Inch,62,0,31,34.1,77.5
28,SHE-BR-JC,SHEREE BRAZILIAN REMY JERRY CURL ,18,P1B_33,Inch,62,0,31,34.1,77.5
28,SHE-BR-JC,SHER,18,T1B_27,Inch,62,0,31,34.1,77.5
28,SHE-BR-JC,,18,T1B_30,Inch,62,1,31,34.1,77.5
29,SHE-BR-YK,SHEREE BRAZILIAN REMY YAKI,8,1,Inch,13,400,6.5,7.15,16.25
29,SHE-BR-YK,SHEREE BRAZILIAN REMY YAKI,8,001B,Inch,13,400,6.5,7.15,16.25
29,SHE-BR-YK,SHEREE BRAZILIAN REMY YAKI,8,2,Inch,13,300,6.5,7.15,16.25
29,SHE-BR-YK,SHEREE BRAZILIAN REMY YAKI,8,4,Inch,13,300,6.5,7.15,16.25
29,SHE-BR-YK,SHEREE BRAZILIAN REMY YAKI,8,27,Inch,16,0,8,8.8,20
29,SHE-BR-YK,SHEREE BRAZILIAN REMY YAKI,8,30,Inch,13,100,6.5,7.15,16.25
29,SHE-BR-YK,SHEREE BRAZILIAN REMY YAKI,8,099J,Inch,20,100,10,11,25
29,SHE-BR-YK,SHEREE BRAZILIAN REMY YAKI,8,Blue,Inch,20,1,10,11,25
29,SHE-BR-YK,SHEREE BRAZILIAN REMY YAKI,8,Burg,Inch,20,0,10,11,25
29,SHE-BR-YK,SHEREE BRAZILIAN REMY YAKI,8,COPPER-350,Inch,20,0,10,11,25
29,SHE-BR-YK,SHEREE BRAZILIAN REMY YAKI,8,HOT-PINK,Inch,20,0,10,11,25
29,SHE-BR-YK,SHEREE BRAZILIAN REMY YAKI,8,LIGHT-PINK,Inch,20,0,10,11,25
29,SHE-BR-YK,SHEREE BRAZILIAN REMY YAKI,8,ORANGE,Inch,20,1,10,11,25
29,SHE-BR-YK,SHEREE BRAZILIAN REMY YAKI,8,P1B_30,Inch,16,0,8,8.8,20
29,SHE-BR-YK,SHEREE BRAZILIAN REMY YAKI,8,P4_30,Inch,16,1,8,8.8,20
29,SHE-BR-YK,SHEREE BRAZILIAN REMY YAKI,8,Purple,Inch,20,0,10,11,25
29,SHE-BR-YK,SHEREE BRAZILIAN REMY YAKI,8,RED,Inch,20,0,10,11,25
29,SHE-BR-YK,SHEREE BRAZILIAN REMY YAKI,8,Sliver,Inch,20,0,10,11,25
29,SHE-BR-YK,SHEREE BRAZILIAN REMY YAKI,8,TURQUOISE,Inch,20,0,10,11,25
29,SHE-BR-YK,SHEREE BRAZILIAN REMY YAKI,10,1,Inch,17,800,8.5,9.35,21.25
29,SHE-BR-YK,SHEREE BRAZILIAN REMY YAKI,10,001B,Inch,17,898,8.5,9.35,21.25
29,SHE-BR-YK,SHEREE BRAZILIAN REMY YAKI,10,2,Inch,17,0,8.5,9.35,21.25
29,SHE-BR-YK,SHEREE BRAZILIAN REMY YAKI,10,4,Inch,17,300,8.5,9.35,21.25
29,SHE-BR-YK,SHEREE BRAZILIAN REMY YAKI,10,27,Inch,20,0,10,11,25
29,SHE-BR-YK,SHEREE BRAZILIAN REMY YAKI,10,30,Inch,17,0,8.5,9.35,21.25
29,SHE-BR-YK,SHEREE BRAZILIAN REMY YAKI,10,099J,Inch,29,100,14.5,15.95,36.25
29,SHE-BR-YK,SHEREE BRAZILIAN REMY YAKI,10,Blue,Inch,29,0,14.5,15.95,36.25
29,SHE-BR-YK,SHEREE BRAZILIAN REMY YAKI,10,Burg,Inch,29,0,14.5,15.95,36.25
29,SHE-BR-YK,SHEREE BRAZILIAN REMY YAKI,10,COPPER-350,Inch,29,0,14.5,15.95,36.25
29,SHE-BR-YK,SHEREE BRAZILIAN REMY YAKI,10,HOT-PINK,Inch,29,0,14.5,15.95,36.25
29,SHE-BR-YK,SHEREE BRAZILIAN REMY YAKI,10,LIGHT-PINK,Inch,29,0,14.5,15.95,36.25
29,SHE-BR-YK,SHEREE BRAZILIAN REMY YAKI,10,ORANGE,Inch,29,0,14.5,15.95,36.25
29,SHE-BR-YK,SHEREE BRAZILIAN REMY YAKI,10,P1B_30,Inch,20,0,10,11,25
29,SHE-BR-YK,SHEREE BRAZILIAN REMY YAKI,10,P4_30,Inch,20,0,10,11,25
29,SHE-BR-YK,SHEREE BRAZILIAN REMY YAKI,10,Purple,Inch,29,0,14.5,15.95,36.25
29,SHE-BR-YK,SHEREE BRAZILIAN REMY YAKI,10,RED,Inch,29,0,14.5,15.95,36.25
29,SHE-BR-YK,SHEREE BRAZILIAN REMY YAKI,10,Sliver,Inch,29,0,14.5,15.95,36.25
29,SHE-BR-YK,SHEREE BRAZILIAN REMY YAK,10,TURQUOISE,Inch,29,0,14.5,15.95,36.25
29,SHE-BR-YK,,12,1,Inch,25,600,12.5,13.75,31.25
29,SHE-BR-YK,,12,001B,Inch,25,699,12.5,13.75,31.25
29,SHE-BR-YK,,12,2,Inch,25,500,12.5,13.75,31.25
29,SHE-BR-YK,,12,4,Inch,25,400,12.5,13.75,31.25
29,SHE-BR-YK,,12,27,Inch,28,0,14,15.4,35
29,SHE-BR-YK,,12,30,Inch,25,0,12.5,13.75,31.25
29,SHE-BR-YK,,12,613,Inch,44,200,22,24.2,55
29,SHE-BR-YK,,12,099J,Inch,44,0,22,24.2,55
29,SHE-BR-YK,,12,Blue,Inch,44,0,22,24.2,55
29,SHE-BR-YK,,12,Burg,Inch,44,0,22,24.2,55
29,SHE-BR-YK,,12,COPPER-350,Inch,44,0,22,24.2,55
29,SHE-BR-YK,,12,HOT-PINK,Inch,44,0,22,24.2,55
29,SHE-BR-YK,,12,LIGHT-PINK,Inch,44,0,22,24.2,55
29,SHE-BR-YK,,12,ORANGE,Inch,44,0,22,24.2,55
29,SHE-BR-YK,,12,P1B_30,Inch,28,0,14,15.4,35
29,SHE-BR-YK,,12,P4_30,Inch,28,1,14,15.4,35
29,SHE-BR-YK,,12,Purple,Inch,44,0,22,24.2,55
29,SHE-BR-YK,,12,RED,Inch,44,0,22,24.2,55
29,SHE-BR-YK,,12,Sliver,Inch,44,0,22,24.2,55
29,SHE-BR-YK,,12,TURQUOISE,Inch,44,0,22,24.2,55
29,SHE-BR-YK,,14,1,Inch,33,300,16.5,18.15,41.25
29,SHE-BR-YK,,14,001B,Inch,33,398,16.5,18.15,41.25
29,SHE-BR-YK,,14,2,Inch,33,0,16.5,18.15,41.25
29,SHE-BR-YK,,14,4,Inch,33,200,16.5,18.15,41.25
29,SHE-BR-YK,,14,27,Inch,36,0,18,19.8,45
29,SHE-BR-YK,,14,30,Inch,33,0,16.5,18.15,41.25
29,SHE-BR-YK,,14,613,Inch,60,0,30,33,75
29,SHE-BR-YK,,14,099J,Inch,60,0,30,33,75
29,SHE-BR-YK,,14,Blue,Inch,60,0,30,33,75
29,SHE-BR-YK,,14,Burg,Inch,60,0,30,33,75
29,SHE-BR-YK,,14,COPPER-350,Inch,60,0,30,33,75
29,SHE-BR-YK,,14,HOT-PINK,Inch,60,0,30,33,75
29,SHE-BR-YK,,14,LIGHT-PINK,Inch,60,1,30,33,75
29,SHE-BR-YK,,14,ORANGE,Inch,60,0,30,33,75
29,SHE-BR-YK,,14,P1B_30,Inch,36,0,18,19.8,45
29,SHE-BR-YK,,14,P4_30,Inch,36,0,18,19.8,45
29,SHE-BR-YK,,14,Purple,Inch,60,0,30,33,75
29,SHE-BR-YK,,14,RED,Inch,60,0,30,33,75
29,SHE-BR-YK,,14,Sliver,Inch,60,0,30,33,75
29,SHE-BR-YK,,14,TURQUOISE,Inch,60,0,30,33,75
29,SHE-BR-YK,,16,1,Inch,45,100,22.5,24.75,56.25
29,SHE-BR-YK,,16,001B,Inch,45,198,22.5,24.75,56.25
29,SHE-BR-YK,,16,2,Inch,45,0,22.5,24.75,56.25
29,SHE-BR-YK,,16,4,Inch,45,0,22.5,24.75,56.25
29,SHE-BR-YK,,16,27,Inch,49,0,24.5,26.95,61.25
29,SHE-BR-YK,,16,30,Inch,45,0,22.5,24.75,56.25
29,SHE-BR-YK,,16,613,Inch,80,1,40,44,100
29,SHE-BR-YK,,16,099J,Inch,80,0,40,44,100
29,SHE-BR-YK,,16,Blue,Inch,80,0,40,44,100
29,SHE-BR-YK,,16,Burg,Inch,80,1,40,44,100
29,SHE-BR-YK,,16,COPPER-350,Inch,80,0,40,44,100
29,SHE-BR-YK,,16,HOT-PINK,Inch,80,1,40,44,100
29,SHE-BR-YK,,16,LIGHT-PINK,Inch,80,0,40,44,100
29,SHE-BR-YK,,16,ORANGE,Inch,80,0,40,44,100
29,SHE-BR-YK,,16,P1B_30,Inch,49,0,24.5,26.95,61.25
29,SHE-BR-YK,,16,P4_30,Inch,49,0,24.5,26.95,61.25
29,SHE-BR-YK,,16,Purple,Inch,80,0,40,44,100
29,SHE-BR-YK,,16,RED,Inch,80,1,40,44,100
29,SHE-BR-YK,,16,Sliver,Inch,80,0,40,44,100
29,SHE-BR-YK,,16,TURQUOISE,Inch,80,0,40,44,100
29,SHE-BR-YK,,18,1,Inch,54,201,27,29.7,67.5
29,SHE-BR-YK,,18,001B,Inch,54,1,27,29.7,67.5
29,SHE-BR-YK,,18,2,Inch,54,1,27,29.7,67.5
29,SHE-BR-YK,,18,4,Inch,54,1,27,29.7,67.5
29,SHE-BR-YK,,18,27,Inch,58,0,29,31.9,72.5
29,SHE-BR-YK,,18,30,Inch,54,1,27,29.7,67.5
29,SHE-BR-YK,,18,613,Inch,92,0,46,50.6,115
1,FAC-NA,CHINESE VIRGIN SHUN FA NATURAL WAVE,10,NATURAL,Inch,25,0,12.5,13.75,31.25
1,FAC-NA,CHINESE VIRGIN SHUN FA NATURAL WAVE,12,NATURAL,Inch,33,95,16.5,18.15,41.25
1,FAC-NA,CHINESE VIRGIN SHUN FA NATURAL WAVE,14,NATURAL,Inch,48,0,24,26.4,60
1,FAC-NA,CHINESE VIRGIN SHUN FA NATURAL WAVE,16,NATURAL,Inch,60,0,30,33,75
1,FAC-NA,CHINESE VIRGIN SHUN FA NATURAL WAVE,18,NATURAL,Inch,76,0,38,41.8,95
1,FAC-NA,CHINESE VIRGIN SHUN FA NATURAL WAVE,20,NATURAL,Inch,90,0,45,49.5,112.5
1,FAC-NA,CHINESE VIRGIN SHUN FA NATURAL WAVE,22,NATURAL,Inch,100,0,50,55,125
1,FAC-NA,CHINESE VIRGIN SHUN FA NATURAL WAVE,24,NATURAL,Inch,114,0,57,62.7,142.5
1,FAC-NA,CHINESE VIRGIN SHUN FA NATURAL WAVE,26,NATURAL,Inch,128,0,64,70.4,160
2,FAC-BW, CHINESE VIRGIN SHUN FA BODY WAVE,10,NATURAL,Inch,25,0,12.5,13.75,31.25
2,FAC-BW, CHINESE VIRGIN SHUN FA BODY WAVE,12,NATURAL,Inch,33,0,16.5,18.15,41.25
2,FAC-BW, CHINESE VIRGIN SHUN FA BODY WAVE,14,NATURAL,Inch,48,95,24,26.4,60
2,FAC-BW, CHINESE VIRGIN SHUN FA BODY WAVE,16,NATURAL,Inch,60,0,30,33,75
2,FAC-BW, CHINESE VIRGIN SHUN FA BODY WAVE,18,NATURAL,Inch,76,0,38,41.8,95
2,FAC-BW, CHINESE VIRGIN SHUN FA BODY WAVE,20,NATURAL,Inch,90,0,45,49.5,112.5
49,DIANA,,,,,,,,,
33,AND-STW,ANDREA SILKY WEAVING ,16,1,,90,1,45,49.5,112.5
33,AND-STW,ANDREA SILKY WEAVING ,16,001B,,90,0,45,49.5,112.5
33,AND-STW,ANDREA SILKY WEAVING ,16,2,,90,1,45,49.5,112.5
33,AND-STW,ANDREA SILKY WEAVING ,16,4,,90,1,45,49.5,112.5
33,AND-STW,ANDREA SILKY WEAVING ,16,6,,90,1,45,49.5,112.5
33,AND-STW,ANDREA SILKY WEAVING ,16,10,,90,0,45,49.5,112.5
33,AND-STW,ANDREA SILKY WEAVING ,16,14,,90,0,45,49.5,112.5
33,AND-STW,ANDREA SILKY WEAVING ,16,16,,110,0,55,60.5,137.5
33,AND-STW,ANDREA SILKY WEAVING ,16,18,,110,0,55,60.5,137.5
33,AND-STW,ANDREA SILKY WEAVING ,16,22,,120,0,60,66,150
33,AND-STW,ANDREA SILKY WEAVING ,16,24,,120,0,60,66,150
33,AND-STW,ANDREA SILKY WEAVING ,16,27,,110,0,55,60.5,137.5
33,AND-STW,ANDREA SILKY WEAVING ,16,30,,90,0,45,49.5,112.5
33,AND-STW,ANDREA SILKY WEAVING ,16,032A,,100,1,50,55,125
33,AND-STW,ANDREA SILKY WEAVING ,16,035A,,90,1,45,49.5,112.5
33,AND-STW,ANDREA SILKY WEAVING ,16,33,,100,0,50,55,125
33,AND-STW,ANDREA SILKY WEAVING ,16,613,,120,0,60,66,150
33,AND-STW,ANDREA SILKY WEAVING ,16,613B,,120,0,60,66,150
33,AND-STW,ANDREA SILKY WEAVING ,16,LT_SILVER,,120,0,60,66,150
33,AND-STW,ANDREA SILKY WEAVING ,16,P10_16,,110,0,55,60.5,137.5
33,AND-STW,ANDREA SILKY WEAVING ,16,P14_24,,110,0,55,60.5,137.5
33,AND-STW,ANDREA SILKY WEAVING ,16,P16_24,,110,0,55,60.5,137.5
33,AND-STW,ANDREA SILKY WEAVING ,16,P18_22,,110,0,55,60.5,137.5
33,AND-STW,ANDREA SILKY WEAVING ,16,P2_27,,110,0,55,60.5,137.5
33,AND-STW,ANDREA SILKY WEAVING ,16,P2_613,,110,1,55,60.5,137.5
33,AND-STW,ANDREA SILKY WEAVING ,16,P27_613,,120,0,60,66,150
33,AND-STW,ANDREA SILKY WEAVING ,16,P4_24,,110,1,55,60.5,137.5
33,AND-STW,ANDREA SILKY WEAVING ,16,P4_27,,110,0,55,60.5,137.5
33,AND-STW,ANDREA SILKY WEAVING ,16,P4_27_30,,110,0,55,60.5,137.5
33,AND-STW,ANDREA SILKY WEAVING ,16,P4_30,,100,0,50,55,125
33,AND-STW,ANDREA SILKY WEAVING ,16,P6_613,,110,0,55,60.5,137.5
33,AND-STW,ANDREA SILKY WEAVING ,16,T4_30_27,,110,0,55,60.5,137.5
33,AND-STW,ANDREA SILKY WEAVING ,16,T6_27_613,,120,0,60,66,150
33,AND-STW,ANDREA SILKY WEAVING ,16,TT3_613,,120,0,60,66,150
33,AND-STW,ANDREA SILKY WEAVING ,16,TT3_BURG,,120,0,60,66,150
33,AND-STW,ANDREA SILKY WEAVING ,18,1,,116,0,58,63.8,145
33,AND-STW,ANDREA SILKY WEAVING ,18,001B,,116,0,58,63.8,145
33,AND-STW,ANDREA SILKY WEAVING ,18,2,,116,0,58,63.8,145
33,AND-STW,ANDREA SILKY WEAVING ,18,4,,116,0,58,63.8,145
33,AND-STW,ANDREA SILKY WEAVING ,18,6,,116,0,58,63.8,145
33,AND-STW,ANDREA SILKY WEAVING ,18,10,,116,0,58,63.8,145
33,AND-STW,ANDREA SILKY WEAVING ,18,14,,116,0,58,63.8,145
33,AND-STW,ANDREA SILKY WEAVING ,18,16,,140,1,70,77,175
33,AND-STW,ANDREA SILKY WEAVING ,18,18,,140,0,70,77,175
33,AND-STW,ANDREA SILKY WEAVING ,18,22,,152,0,76,83.6,190
33,AND-STW,ANDREA SILKY WEAVING ,18,24,,152,0,76,83.6,190
33,AND-STW,ANDREA SILKY,18,27,,140,0,70,77,175
34,BRA-YK,BRANDI CHINESE LUXURY YAKI,10,1,Inch,42,0,21,23.1,52.5
34,BRA-YK,BRANDI CHINESE LUXURY YAKI,10,001B,Inch,42,0,21,23.1,52.5
34,BRA-YK,BRANDI CHINESE LUXURY YAKI,10,2,Inch,42,100,21,23.1,52.5
34,BRA-YK,BRANDI CHINESE LUXURY YAKI,10,4,Inch,42,0,21,23.1,52.5
34,BRA-YK,BRANDI CHINESE LUXURY YAKI,12,1,Inch,56,95,28,30.8,70
34,BRA-YK,BRANDI CHINESE LUXURY YAKI,12,001B,Inch,56,0,28,30.8,70
34,BRA-YK,BRANDI CHINESE LUXURY YAKI,12,2,Inch,56,100,28,30.8,70
34,BRA-YK,BRANDI CHINESE LUXURY YAKI,12,4,Inch,56,0,28,30.8,70
34,BRA-YK,BRANDI CHINESE LUXURY YAKI,14,1,Inch,72,0,36,39.6,90
34,BRA-YK,BRANDI CHINESE LUXURY YAKI,14,001B,Inch,72,0,36,39.6,90
34,BRA-YK,BRANDI CHINESE LUXURY YAKI,14,2,Inch,72,0,36,39.6,90
34,BRA-YK,BRANDI CHINESE LUXURY YAKI,14,4,Inch,72,0,36,39.6,90
34,BRA-YK,BRANDI CHINESE LUXURY YAKI,16,1,Inch,90,0,45,49.5,112.5
34,BRA-YK,BRANDI CHINESE LUXURY YAKI,16,001B,Inch,90,0,45,49.5,112.5
34,BRA-YK,BRANDI CHINESE LUXURY YAKI,16,2,Inch,90,0,45,49.5,112.5
34,BRA-YK,BRANDI CHINESE LUXURY YAKI,16,4,Inch,90,0,45,49.5,112.5
34,BRA-YK,BRANDI CHINESE LUXURY YAKI,18,1,Inch,110,0,55,60.5,137.5
34,BRA-YK,BRANDI CHINESE LUXURY YAKI,18,001B,Inch,110,0,55,60.5,137.5
34,BRA-YK,BRANDI CHINESE LUXURY YAKI,18,2,Inch,110,0,55,60.5,137.5
34,BRA-YK,BRANDI CHINESE LUXURY YAKI,18,4,Inch,110,0,55,60.5,137.5
50,MONICA,,,,Inch,,,,,
51,LUCY,,,,Inch,,,,,
36,TFHB-001,TFHB-001,,1,Inch,120,0,60,66,150
36,TFHB-001,TFHB-001,,001B,Inch,120,0,60,66,150
36,TFHB-001,TFHB-001,,2,Inch,120,0,60,66,150
36,TFHB-001,TFHB-001,,4,Inch,120,-1,60,66,150
36,TFHB-001,TFHB-001,,27,Inch,126,0,63,69.3,157.5
36,TFHB-001,TFHB-001,,30,Inch,120,0,60,66,150
36,TFHB-001,TFHB-001,,613,Inch,130,0,65,71.5,162.5
36,TFHB-001,TFHB-001,,M4_30,Inch,126,0,63,69.3,157.5
37,TFHB-002,TFHB-002 ,,1,Inch,48,0,24,26.4,60
37,TFHB-002,TFHB-002 ,,001B,Inch,48,-1,24,26.4,60
37,TFHB-002,TFHB-002 ,,2,Inch,48,0,24,26.4,60
37,TFHB-002,TFHB-002 ,,4,Inch,48,0,24,26.4,60
37,TFHB-002,TFHB-002 ,,27,Inch,52,0,26,28.6,65
37,TFHB-002,TFHB-002 ,,30,Inch,48,0,24,26.4,60
37,TFHB-002,TFHB-002 ,,613,Inch,56,0,28,30.8,70
37,TFHB-002,TFHB-002 ,,M4_30,Inch,52,0,26,28.6,65
38,TFHB-003,TFHB-003,,1,Inch,50,-1,25,27.5,62.5
38,TFHB-003,TFHB-003,,001B,Inch,50,0,25,27.5,62.5
38,TFHB-003,TFHB-003,,2,Inch,50,0,25,27.5,62.5
38,TFHB-003,TFHB-003,,4,Inch,50,0,25,27.5,62.5
38,TFHB-003,TFHB-003,,27,Inch,54,0,27,29.7,67.5
38,TFHB-003,TFHB-003,,30,Inch,50,0,25,27.5,62.5
38,TFHB-003,TFHB-003,,613,Inch,58,0,29,31.9,72.5
38,TFHB-003,TFHB-003,,M4_30,Inch,54,0,27,29.7,67.5
39,TFHB-004,TFHB-004,,1,Inch,220,0,110,121,275
39,TFHB-004,TFHB-004,,001B,Inch,220,0,110,121,275
39,TFHB-004,TFHB-004,,2,Inch,220,0,110,121,275
39,TFHB-004,TFHB-004,,4,Inch,220,0,110,121,275
39,TFHB-004,TFHB-004,,27,Inch,230,0,115,126.5,287.5
39,TFHB-004,TFHB-004,,30,Inch,220,0,110,121,275
39,TFHB-004,TFHB-004,,613,Inch,240,0,120,132,300
39,TFHB-004,TFHB-004,,M4_30,Inch,230,-1,115,126.5,287.5
40,TFH-001,TFH-001,,1,Inch,58,0,29,31.9,72.5
40,TFH-001,TFH-001,,001B,Inch,58,0,29,31.9,72.5
40,TFH-001,TFH-001,,2,Inch,58,-1,29,31.9,72.5
40,TFH-001,TFH-001,,4,Inch,58,0,29,31.9,72.5
40,TFH-001,TFH-001,,27,Inch,62,0,31,34.1,77.5
40,TFH-001,TFH-001,,30,Inch,58,0,29,31.9,72.5
40,TFH-001,TFH-001,,613,Inch,66,0,33,36.3,82.5
40,TFH-001,TFH-001,,M4_30,Inch,62,0,31,34.1,77.5
41,TFH-002,TFH-002 ,,1,Inch,118,0,59,64.9,147.5
41,TFH-002,TFH-002 ,,001B,Inch,118,0,59,64.9,147.5
41,TFH-002,TFH-002 ,,2,Inch,118,0,59,64.9,147.5
41,TFH-002,TFH-002 ,,4,Inch,118,0,59,64.9,147.5
41,TFH-002,TFH-002 ,,27,Inch,124,0,62,68.2,155
41,TFH-002,TFH-002 ,,30,Inch,118,0,59,64.9,147.5
41,TFH-002,TFH-002 ,,613,Inch,130,-1,65,71.5,162.5
41,TFH-002,TFH-002 ,,M4_30,Inch,124,0,62,68.2,155
42,TFH-003,TFH-003,,1,Inch,102,0,51,56.1,127.5
42,TFH-003,TFH-003,,001B,Inch,102,0,51,56.1,127.5
42,TFH-003,TFH-003,,2,Inch,102,0,51,56.1,127.5
42,TFH-003,TFH-003,,4,Inch,102,-1,51,56.1,127.5
42,TFH-003,TFH-003,,27,Inch,106,0,53,58.3,132.5
42,TFH-003,TFH-003,,30,Inch,102,0,51,56.1,127.5
42,TFH-003,TFH-003,,613,Inch,110,0,55,60.5,137.5
42,TFH-003,TFH-003,,M4_30,Inch,106,0,53,58.3,132.5
43,TFH-004,TFH-004,,1,Inch,60,0,30,33,75
43,TFH-004,TFH-004,,001B,Inch,60,0,30,33,75
43,TFH-004,TFH-004,,2,Inch,60,0,30,33,75
43,TFH-004,TFH-004,,4,Inch,60,0,30,33,75
43,TFH-004,TFH-004,,27,Inch,64,0,32,35.2,80
43,TFH-004,TFH-004,,30,Inch,60,-1,30,33,75
43,TFH-004,TFH-004,,613,Inch,68,0,34,37.4,85
43,TFH-004,TFH-004,,M4_30,Inch,64,0,32,35.2,80
44,TFH-005,TFH-005 (Straight),,NATURAL,Inch,70,-1,35,38.5,87.5
45,TFH-006,TFH-006 (Curly),,NATURAL,Inch,76,-1,38,41.8,95
48,IRIS,IRIS,,1,,230,0,115.00,126.5,345
48,IRIS,IRIS,,1B,,230,0,115.00,126.5,345
48,IRIS,IRIS,,2,,230,0,115.00,126.5,345
48,IRIS,IRIS,,4,,230,0,115.00,126.5,345
48,IRIS,IRIS,,6,,230,0,115.00,126.5,345
48,IRIS,IRIS,,F10_16,,230,0,115.00,126.5,345
48,IRIS,IRIS,,F14_24,,230,0,115.00,126.5,345
48,IRIS,IRIS,,F1B_30,,230,0,115.00,126.5,345
48,IRIS,IRIS,,F1B_BURG,,230,0,115.00,126.5,345
48,IRIS,IRIS,,F27_613,,230,0,115.00,126.5,345
48,IRIS,IRIS,,F4_27,,230,0,115.00,126.5,345
48,IRIS,IRIS,,F4_30,,230,0,115.00,126.5,345
48,IRIS,IRIS,,F6_27,,230,0,115.00,126.5,345
49,DIANA,DIANA,,1,,240,0,120.00,132,360
49,DIANA,DIANA,,1B,,240,0,120.00,132,360
49,DIANA,DIANA,,2,,240,0,120.00,132,360
49,DIANA,DIANA,,4,,240,0,120.00,132,360
49,DIANA,DIANA,,6,,240,0,120.00,132,360
49,DIANA,DIANA,,F10_16,,240,0,120.00,132,360
49,DIANA,DIANA,,F14_24,,240,0,120.00,132,360
49,DIANA,DIANA,,F1B_30,,240,0,120.00,132,360
49,DIANA,DIANA,,F1B_BURG,,240,0,120.00,132,360
49,DIANA,DIANA,,F27_613,,240,0,120.00,132,360
49,DIANA,DIANA,,F4_27,,240,0,120.00,132,360
49,DIANA,DIANA,,F4_30,,240,0,120.00,132,360
49,DIANA,DIANA,,F6_27,,240,0,120.00,132,360
50,MONICA,MONICA,,1,,160,0,80.00,88,240
50,MONICA,MONICA,,1B,,160,0,80.00,88,240
50,MONICA,MONICA,,2,,160,0,80.00,88,240
50,MONICA,MONICA,,4,,160,0,80.00,88,240
50,MONICA,MONICA,,6,,160,0,80.00,88,240
50,MONICA,MONICA,,F10_16,,160,0,80.00,88,240
50,MONICA,MONICA,,F14_24,,160,0,80.00,88,240
50,MONICA,MONICA,,F1B_30,,160,0,80.00,88,240
50,MONICA,MONICA,,F1B_BURG,,160,0,80.00,88,240
50,MONICA,MONICA,,F27_613,,160,0,80.00,88,240
50,MONICA,MONICA,,F4_27,,160,0,80.00,88,240
50,MONICA,MONICA,,F4_30,,160,0,80.00,88,240
50,MONICA,MONICA,,F6_27,,160,0,80.00,88,240
51,LUCY,LUCY,,1,,190,0,95.00,104.5,285
51,LUCY,LUCY,,1B,,190,0,95.00,104.5,285
51,LUCY,LUCY,,2,,190,0,95.00,104.5,285
51,LUCY,LUCY,,4,,190,0,95.00,104.5,285
51,LUCY,LUCY,,6,,190,0,95.00,104.5,285
51,LUCY,LUCY,,F10_16,,190,0,95.00,104.5,285
51,LUCY,LUCY,,F14_24,,190,0,95.00,104.5,285
51,LUCY,LUCY,,F1B_30,,190,0,95.00,104.5,285
51,LUCY,LUCY,,F1B_BURG,,190,0,95.00,104.5,285
51,LUCY,LUCY,,F27_613,,190,0,95.00,104.5,285
51,LUCY,LUCY,,F4_27,,190,0,95.00,104.5,285
51,LUCY,LUCY,,F4_30,,190,0,95.00,104.5,285
51,LUCY,LUCY,,F6_27,,190,0,95.00,104.5,285
52,BETH,BETH,,1,,34,,17.00,18.7,51
52,BETH,BETH,,1B,,34,,17.00,18.7,51
52,BETH,BETH,,2,,34,,17.00,18.7,51
52,BETH,BETH,,280,,34,,17.00,18.7,51
52,BETH,BETH,,34,,34,,17.00,18.7,51
52,BETH,BETH,,4,,34,,17.00,18.7,51
52,BETH,BETH,,44,,34,,17.00,18.7,51
52,BETH,BETH,,51,,34,,17.00,18.7,51
52,BETH,BETH,,F1B_30,,34,,17.00,18.7,51
53,VIVIAN,VIVIAN,,1,,34,0,17.00,18.7,51
53,VIVIAN,VIVIAN,,1B,,34,0,17.00,18.7,51
53,VIVIAN,VIVIAN,,2,,34,0,17.00,18.7,51
53,VIVIAN,VIVIAN,,280,,34,0,17.00,18.7,51
53,VIVIAN,VIVIAN,,34,,34,0,17.00,18.7,51
53,VIVIAN,VIVIAN,,4,,34,0,17.00,18.7,51
53,VIVIAN,VIVIAN,,44,,34,0,17.00,18.7,51
53,VIVIAN,VIVIAN,,51,,34,0,17.00,18.7,51
53,VIVIAN,VIVIAN,,F1B_30,,34,0,17.00,18.7,51
54,MELISSA,MELISSA,,1,,36,0,18.00,19.8,54
54,MELISSA,MELISSA,,1B,,36,0,18.00,19.8,54
54,MELISSA,MELISSA,,2,,36,0,18.00,19.8,54
54,MELISSA,MELISSA,,3T1B_30,,36,0,18.00,19.8,54
54,MELISSA,MELISSA,,3T4_613,,36,0,18.00,19.8,54
54,MELISSA,MELISSA,,3T5004,,36,0,18.00,19.8,54
54,MELISSA,MELISSA,,4,,36,0,18.00,19.8,54
54,MELISSA,MELISSA,,DX2216,,36,0,18.00,19.8,54
54,MELISSA,MELISSA,,DX3147,,36,0,18.00,19.8,54
54,MELISSA,MELISSA,,DX4733,,36,0,18.00,19.8,54
54,MELISSA,MELISSA,,LX3316,,36,0,18.00,19.8,54
54,MELISSA,MELISSA,,SOM7002,,36,0,18.00,19.8,54
54,MELISSA,MELISSA,,SOM7003,,36,0,18.00,19.8,54
54,MELISSA,MELISSA,,SOM7005,,36,0,18.00,19.8,54
54,MELISSA,MELISSA,,SOM7008,,36,0,18.00,19.8,54
54,MELISSA,MELISSA,,SOM7016,,36,0,18.00,19.8,54
54,MELISSA,MELISSA,,TT BURG,,36,0,18.00,19.8,54
54,MELISSA,MELISSA,,TT1B_RED,,36,0,18.00,19.8,54
54,MELISSA,MELISSA,,TT4_27,,36,0,18.00,19.8,54
55,ANNA,ANNA,,1,,21,0,10.50,11.55,31.5
55,ANNA,ANNA,,1B,,21,0,10.50,11.55,31.5
55,ANNA,ANNA,,2,,21,0,10.50,11.55,31.5
55,ANNA,ANNA,,3T1B_30,,21,0,10.50,11.55,31.5
55,ANNA,ANNA,,3T4_613,,21,0,10.50,11.55,31.5
55,ANNA,ANNA,,3T5004,,21,0,10.50,11.55,31.5
55,ANNA,ANNA,,4,,21,0,10.50,11.55,31.5
55,ANNA,ANNA,,DX2216,,21,0,10.50,11.55,31.5
55,ANNA,ANNA,,DX3147,,21,0,10.50,11.55,31.5
55,ANNA,ANNA,,DX4733,,21,0,10.50,11.55,31.5
55,ANNA,ANNA,,LX3316,,21,0,10.50,11.55,31.5
55,ANNA,ANNA,,SOM7002,,21,0,10.50,11.55,31.5
55,ANNA,ANNA,,SOM7003,,21,0,10.50,11.55,31.5
55,ANNA,ANNA,,SOM7005,,21,0,10.50,11.55,31.5
55,ANNA,ANNA,,SOM7008,,21,0,10.50,11.55,31.5
55,ANNA,ANNA,,SOM7016,,21,0,10.50,11.55,31.5
55,ANNA,ANNA,,TT BURG,,21,0,10.50,11.55,31.5
55,ANNA,ANNA,,TT1B_RED,,21,0,10.50,11.55,31.5
55,ANNA,ANNA,,TT4_27,,21,0,10.50,11.55,31.5
56,ISABELLA,ISABELLA,,1,,36,0,18.00,19.8,54
56,ISABELLA,ISABELLA,,1B,,36,0,18.00,19.8,54
56,ISABELLA,ISABELLA,,2,,36,0,18.00,19.8,54
56,ISABELLA,ISABELLA,,3T1B_30,,36,0,18.00,19.8,54
56,ISABELLA,ISABELLA,,3T4_613,,36,0,18.00,19.8,54
56,ISABELLA,ISABELLA,,3T5004,,36,0,18.00,19.8,54
56,ISABELLA,ISABELLA,,4,,36,0,18.00,19.8,54
56,ISABELLA,ISABELLA,,DX2216,,36,0,18.00,19.8,54
56,ISABELLA,ISABELLA,,DX3147,,36,0,18.00,19.8,54
56,ISABELLA,ISABELLA,,DX4733,,36,0,18.00,19.8,54
56,ISABELLA,ISABELLA,,LX3316,,36,0,18.00,19.8,54
56,ISABELLA,ISABELLA,,SOM7002,,36,0,18.00,19.8,54
56,ISABELLA,ISABELLA,,SOM7003,,36,0,18.00,19.8,54
56,ISABELLA,ISABELLA,,SOM7005,,36,0,18.00,19.8,54
56,ISABELLA,ISABELLA,,SOM7008,,36,0,18.00,19.8,54
56,ISABELLA,ISABELLA,,SOM7016,,36,0,18.00,19.8,54
56,ISABELLA,ISABELLA,,TT BURG,,36,0,18.00,19.8,54
56,ISABELLA,ISABELLA,,TT1B_RED,,36,0,18.00,19.8,54
56,ISABELLA,ISABELLA,,TT4_27,,36,0,18.00,19.8,54
57,KAREN,KAREN,,1,,36,0,18.00,19.8,54
57,KAREN,KAREN,,1B,,36,0,18.00,19.8,54
57,KAREN,KAREN,,2,,36,0,18.00,19.8,54
57,KAREN,KAREN,,3T1B_30,,36,0,18.00,19.8,54
57,KAREN,KAREN,,3T4_613,,36,0,18.00,19.8,54
57,KAREN,KAREN,,3T5004,,36,0,18.00,19.8,54
57,KAREN,KAREN,,4,,36,0,18.00,19.8,54
57,KAREN,KAREN,,DX2216,,36,0,18.00,19.8,54
57,KAREN,KAREN,,DX3147,,36,0,18.00,19.8,54
57,KAREN,KAREN,,DX4733,,36,0,18.00,19.8,54
57,KAREN,KAREN,,LX3316,,36,0,18.00,19.8,54
57,KAREN,KAREN,,SOM7002,,36,0,18.00,19.8,54
57,KAREN,KAREN,,SOM7003,,36,0,18.00,19.8,54
57,KAREN,KAREN,,SOM7005,,36,0,18.00,19.8,54
57,KAREN,KAREN,,SOM7008,,36,0,18.00,19.8,54
57,KAREN,KAREN,,SOM7016,,36,0,18.00,19.8,54
57,KAREN,KAREN,,TT BURG,,36,0,18.00,19.8,54
57,KAREN,KAREN,,TT1B_RED,,36,0,18.00,19.8,54
57,KAREN,KAREN,,TT4_27,,36,0,18.00,19.8,54
58,JENNIFER,JENNIFER,,1,,19,0,9.50,10.45,28.5
58,JENNIFER,JENNIFER,,1B,,19,0,9.50,10.45,28.5
58,JENNIFER,JENNIFER,,2,,19,0,9.50,10.45,28.5
58,JENNIFER,JENNIFER,,3T1B_30,,19,0,9.50,10.45,28.5
58,JENNIFER,JENNIFER,,3T4_613,,19,0,9.50,10.45,28.5
58,JENNIFER,JENNIFER,,3T5004,,19,0,9.50,10.45,28.5
58,JENNIFER,JENNIFER,,4,,19,0,9.50,10.45,28.5
58,JENNIFER,JENNIFER,,DX2216,,19,0,9.50,10.45,28.5
58,JENNIFER,JENNIFER,,DX3147,,19,0,9.50,10.45,28.5
58,JENNIFER,JENNIFER,,DX4733,,19,0,9.50,10.45,28.5
58,JENNIFER,JENNIFER,,LX3316,,19,0,9.50,10.45,28.5
58,JENNIFER,JENNIFER,,SOM7002,,19,0,9.50,10.45,28.5
58,JENNIFER,JENNIFER,,SOM7003,,19,0,9.50,10.45,28.5
58,JENNIFER,JENNIFER,,SOM7005,,19,0,9.50,10.45,28.5
58,JENNIFER,JENNIFER,,SOM7008,,19,0,9.50,10.45,28.5
58,JENNIFER,JENNIFER,,SOM7016,,19,0,9.50,10.45,28.5
58,JENNIFER,JENNIFER,,TT BURG,,19,0,9.50,10.45,28.5
58,JENNIFER,JENNIFER,,TT1B_RED,,19,0,9.50,10.45,28.5
58,JENNIFER,JENNIFER,,TT4_27,,19,0,9.50,10.45,28.5
59,JULIA,JULIA,,1,,36,0,18.00,19.8,54
59,JULIA,JULIA,,1B,,36,0,18.00,19.8,54
59,JULIA,JULIA,,2,,36,0,18.00,19.8,54
59,JULIA,JULIA,,3T1B_30,,36,0,18.00,19.8,54
59,JULIA,JULIA,,3T4_613,,36,0,18.00,19.8,54
59,JULIA,JULIA,,3T5004,,36,0,18.00,19.8,54
59,JULIA,JULIA,,4,,36,0,18.00,19.8,54
59,JULIA,JULIA,,DX2216,,36,0,18.00,19.8,54
59,JULIA,JULIA,,DX3147,,36,0,18.00,19.8,54
59,JULIA,JULIA,,DX4733,,36,0,18.00,19.8,54
59,JULIA,JULIA,,LX3316,,36,0,18.00,19.8,54
59,JULIA,JULIA,,SOM7002,,36,0,18.00,19.8,54
59,JULIA,JULIA,,SOM7003,,36,0,18.00,19.8,54
59,JULIA,JULIA,,SOM7005,,36,0,18.00,19.8,54
59,JULIA,JULIA,,SOM7008,,36,0,18.00,19.8,54
59,JULIA,JULIA,,SOM7016,,36,0,18.00,19.8,54
59,JULIA,JULIA,,TT BURG,,36,0,18.00,19.8,54
59,JULIA,JULIA,,TT1B_RED,,36,0,18.00,19.8,54
59,JULIA,JULIA,,TT4_27,,36,0,18.00,19.8,54
60,EMILY,EMILY,,1,,21,0,10.50,11.55,31.5
60,EMILY,EMILY,,1B,,21,0,10.50,11.55,31.5
60,EMILY,EMILY,,2,,21,0,10.50,11.55,31.5
60,EMILY,EMILY,,3T1B_30,,21,0,10.50,11.55,31.5
60,EMILY,EMILY,,3T4_613,,21,0,10.50,11.55,31.5
60,EMILY,EMILY,,3T5004,,21,0,10.50,11.55,31.5
60,EMILY,EMILY,,4,,21,0,10.50,11.55,31.5
60,EMILY,EMILY,,DX2216,,21,0,10.50,11.55,31.5
60,EMILY,EMILY,,DX3147,,21,0,10.50,11.55,31.5
60,EMILY,EMILY,,DX4733,,21,0,10.50,11.55,31.5
60,EMILY,EMILY,,LX3316,,21,0,10.50,11.55,31.5
60,EMILY,EMILY,,SOM7002,,21,0,10.50,11.55,31.5
60,EMILY,EMILY,,SOM7003,,21,0,10.50,11.55,31.5
60,EMILY,EMILY,,SOM7005,,21,0,10.50,11.55,31.5
60,EMILY,EMILY,,SOM7008,,21,0,10.50,11.55,31.5
60,EMILY,EMILY,,SOM7016,,21,0,10.50,11.55,31.5
60,EMILY,EMILY,,TT BURG,,21,0,10.50,11.55,31.5
60,EMILY,EMILY,,TT1B_RED,,21,0,10.50,11.55,31.5
60,EMILY,EMILY,,TT4_27,,21,0,10.50,11.55,31.5
61,AMANDA,AMANDA,,1,,36,0,18.00,19.8,54
61,AMANDA,AMANDA,,1B,,36,0,18.00,19.8,54
61,AMANDA,AMANDA,,2,,36,0,18.00,19.8,54
61,AMANDA,AMANDA,,3T1B_30,,36,0,18.00,19.8,54
61,AMANDA,AMANDA,,3T1B_33,,36,0,18.00,19.8,54
61,AMANDA,AMANDA,,3T4_613,,36,0,18.00,19.8,54
61,AMANDA,AMANDA,,3T5004,,36,0,18.00,19.8,54
61,AMANDA,AMANDA,,4,,36,0,18.00,19.8,54
61,AMANDA,AMANDA,,DX2216,,36,0,18.00,19.8,54
61,AMANDA,AMANDA,,DX3147,,36,0,18.00,19.8,54
61,AMANDA,AMANDA,,DX4733,,36,0,18.00,19.8,54
61,AMANDA,AMANDA,,LX3316,,36,0,18.00,19.8,54
61,AMANDA,AMANDA,,SOM7002,,36,0,18.00,19.8,54
61,AMANDA,AMANDA,,SOM7003,,36,0,18.00,19.8,54
61,AMANDA,AMANDA,,SOM7005,,36,0,18.00,19.8,54
61,AMANDA,AMANDA,,SOM7008,,36,0,18.00,19.8,54
61,AMANDA,AMANDA,,SOM7016,,36,0,18.00,19.8,54
61,AMANDA,AMANDA,,TT BURG,,36,0,18.00,19.8,54
61,AMANDA,AMANDA,,TT1B_RED,,36,0,18.00,19.8,54
61,AMANDA,AMANDA,,TT4_27,,36,0,18.00,19.8,54
62,GLORIA,GLORIA,,1,,24,0,12.00,13.2,36
62,GLORIA,GLORIA,,1B,,24,0,12.00,13.2,36
62,GLORIA,GLORIA,,2,,24,0,12.00,13.2,36
62,GLORIA,GLORIA,,3T1B_30,,24,0,12.00,13.2,36
62,GLORIA,GLORIA,,3T1B_33,,24,0,12.00,13.2,36
62,GLORIA,GLORIA,,3T4_613,,24,0,12.00,13.2,36
62,GLORIA,GLORIA,,3T5004,,24,0,12.00,13.2,36
62,GLORIA,GLORIA,,4,,24,0,12.00,13.2,36
62,GLORIA,GLORIA,,DX2216,,24,0,12.00,13.2,36
62,GLORIA,GLORIA,,DX3147,,24,0,12.00,13.2,36
62,GLORIA,GLORIA,,DX4733,,24,0,12.00,13.2,36
62,GLORIA,GLORIA,,LX3316,,24,0,12.00,13.2,36
62,GLORIA,GLORIA,,SOM7002,,24,0,12.00,13.2,36
62,GLORIA,GLORIA,,SOM7003,,24,0,12.00,13.2,36
62,GLORIA,GLORIA,,SOM7005,,24,0,12.00,13.2,36
62,GLORIA,GLORIA,,SOM7008,,24,0,12.00,13.2,36
62,GLORIA,GLORIA,,SOM7016,,24,0,12.00,13.2,36
62,GLORIA,GLORIA,,TT BURG,,24,0,12.00,13.2,36
62,GLORIA,GLORIA,,TT1B_RED,,24,0,12.00,13.2,36
62,GLORIA,GLORIA,,TT4_27,,24,0,12.00,13.2,36
63,FRANCES,FRANCES,,1,,26,0,13.00,14.3,39
63,FRANCES,FRANCES,,1B,,26,0,13.00,14.3,39
63,FRANCES,FRANCES,,2,,26,0,13.00,14.3,39
63,FRANCES,FRANCES,,3T1B_30,,26,0,13.00,14.3,39
63,FRANCES,FRANCES,,3T4_613,,26,0,13.00,14.3,39
63,FRANCES,FRANCES,,3T5004,,26,0,13.00,14.3,39
63,FRANCES,FRANCES,,4,,26,0,13.00,14.3,39
63,FRANCES,FRANCES,,DX2216,,26,0,13.00,14.3,39
63,FRANCES,FRANCES,,DX3147,,26,0,13.00,14.3,39
63,FRANCES,FRANCES,,DX4733,,26,0,13.00,14.3,39
63,FRANCES,FRANCES,,LX3316,,26,0,13.00,14.3,39
63,FRANCES,FRANCES,,SOM7002,,26,0,13.00,14.3,39
63,FRANCES,FRANCES,,SOM7003,,26,0,13.00,14.3,39
63,FRANCES,FRANCES,,SOM7005,,26,0,13.00,14.3,39
63,FRANCES,FRANCES,,SOM7008,,26,0,13.00,14.3,39
63,FRANCES,FRANCES,,SOM7016,,26,0,13.00,14.3,39
63,FRANCES,FRANCES,,TT BURG,,26,0,13.00,14.3,39
63,FRANCES,FRANCES,,TT1B_RED,,26,0,13.00,14.3,39
63,FRANCES,FRANCES,,TT4_27,,26,0,13.00,14.3,39
