ID,PRODUCT_CODE,SKU,LENGTH,COLOR,TYPE,PRICE,STOCK,MANUFACTUREPRICE,WHOLESALEPRICE,REGULARPRICE,,
37,VIVIAN,VIVIAN,,1,Inch,27.00,98,13.5,13.5,54.00,,
37,VIVIAN,VIVIAN,,1B,Inch,27.00,148,13.5,13.5,54.00,,
37,VIVIAN,VIVIAN,,2,Inch,27.00,98,13.5,13.5,54.00,,
37,VIVIAN,VIVIAN,,280,Inch,27.00,46,13.5,13.5,54.00,,
37,VIVIAN,VIVIAN,,34,Inch,27.00,22,13.5,13.5,54.00,,
37,VIVIAN,VIVIAN,,4,Inch,27.00,21,13.5,13.5,54.00,,
37,VIVIAN,VIVIAN,,44,Inch,27.00,22,13.5,13.5,54.00,,
37,VIVIAN,VIVIAN,,51,Inch,27.00,22,13.5,13.5,54.00,,
37,VIVIAN,VIVIAN,,F1B_30,Inch,27.00,24,13.5,13.5,54.00,,
36,MONICA,MONICA,,1,Inch,258.00,45,64.5,129,516.00,,
36,MONICA,MONICA,,1B,Inch,258.00,70,64.5,129,516.00,,
36,MONICA,MONICA,,2,Inch,258.00,45,64.5,129,516.00,,
36,MONICA,MONICA,,4,Inch,258.00,27,64.5,129,516.00,,
36,MONICA,MONICA,,6,Inch,258.00,28,64.5,129,516.00,,
36,MONICA,MONICA,,F10_16,Inch,258.00,21,64.5,129,516.00,,
36,MONICA,MONICA,,F14_24,Inch,258.00,23,64.5,129,516.00,,
36,MONICA,MONICA,,F1B_30,Inch,258.00,24,64.5,129,516.00,,
36,MONICA,MONICA,,F1B_BURG,Inch,258.00,24,64.5,129,516.00,,
36,MONICA,MONICA,,F27_613,Inch,258.00,23,64.5,129,516.00,,
36,MONICA,MONICA,,F4_27,Inch,258.00,23,64.5,129,516.00,,
36,MONICA,MONICA,,F4_30,Inch,258.00,23,64.5,129,516.00,,
36,MONICA,MONICA,,F6_27,Inch,258.00,22,64.5,129,516.00,,
35,MELISSA,MELISSA,,1,Inch,35.00,107,17.5,17.5,70.00,,
35,MELISSA,MELISSA,,001B,Inch,35.00,152,17.5,17.5,70.00,,
35,MELISSA,MELISSA,,2,Inch,35.00,109,17.5,17.5,70.00,,
35,MELISSA,MELISSA,,4,Inch,35.00,109,17.5,17.5,70.00,,
35,MELISSA,MELISSA,,3T1B_30,Inch,41.00,41,20.5,20.5,82.00,,
35,MELISSA,MELISSA,,3T1B_33,Inch,41.00,0,20.5,20.5,82.00,,
35,MELISSA,MELISSA,,3T4_613,Inch,41.00,0,20.5,20.5,82.00,,
35,MELISSA,MELISSA,,3T5004,Inch,41.00,43,20.5,20.5,82.00,,
35,MELISSA,MELISSA,,DX2216,Inch,35.00,43,17.5,17.5,70.00,,
35,MELISSA,MELISSA,,DX3147,Inch,35.00,44,17.5,17.5,70.00,,
35,MELISSA,MELISSA,,DX4733,Inch,35.00,44,17.5,17.5,70.00,,
35,MELISSA,MELISSA,,LX3316,Inch,35.00,42,17.5,17.5,70.00,,
35,MELISSA,MELISSA,,SOM7002,Inch,41.00,43,20.5,20.5,82.00,,
35,MELISSA,MELISSA,,SOM7003,Inch,41.00,44,20.5,20.5,82.00,,
35,MELISSA,MELISSA,,SOM7005,Inch,41.00,44,20.5,20.5,82.00,,
35,MELISSA,MELISSA,,SOM7008,Inch,41.00,42,20.5,20.5,82.00,,
35,MELISSA,MELISSA,,SOM7016,Inch,41.00,44,20.5,20.5,82.00,,
35,MELISSA,MELISSA,,TT_BURG,Inch,41.00,43,20.5,20.5,82.00,,
35,MELISSA,MELISSA,,TT1B_RED,Inch,41.00,44,20.5,20.5,82.00,,
35,MELISSA,MELISSA,,TT4_27,Inch,41.00,41,20.5,20.5,82.00,,
33,KAREN,KAREN,,1,Inch,34.00,105,17,17,68.00,,
33,KAREN,KAREN,,001B,Inch,34.00,149,17,17,68.00,,
33,KAREN,KAREN,,2,Inch,34.00,107,17,17,68.00,,
33,KAREN,KAREN,,4,Inch,34.00,107,17,17,68.00,,
33,KAREN,KAREN,,3T1B_30,Inch,40.00,41,20,20,80.00,,
33,KAREN,KAREN,,3T1B_33,Inch,40.00,0,20,20,80.00,,
33,KAREN,KAREN,,3T4_613,Inch,40.00,0,20,20,80.00,,
33,KAREN,KAREN,,3T5004,Inch,40.00,37,20,20,80.00,,
33,KAREN,KAREN,,DX2216,Inch,34.00,41,17,17,68.00,,
33,KAREN,KAREN,,DX3147,Inch,34.00,42,17,17,68.00,,
33,KAREN,KAREN,,DX4733,Inch,34.00,42,17,17,68.00,,
33,KAREN,KAREN,,LX3316,Inch,34.00,39,17,17,68.00,,
33,KAREN,KAREN,,SOM7002,Inch,40.00,41,20,20,80.00,,
33,KAREN,KAREN,,SOM7003,Inch,40.00,42,20,20,80.00,,
33,KAREN,KAREN,,SOM7005,Inch,40.00,42,20,20,80.00,,
33,KAREN,KAREN,,SOM7008,Inch,40.00,42,20,20,80.00,,
33,KAREN,KAREN,,SOM7016,Inch,40.00,40,20,20,80.00,,
33,KAREN,KAREN,,TT_BURG,Inch,40.00,41,20,20,80.00,,
33,KAREN,KAREN,,TT1B_RED,Inch,40.00,42,20,20,80.00,,
33,KAREN,KAREN,,TT4_27,Inch,40.00,41,20,20,80.00,,
34,LUCY,LUCY,,1,Inch,131.00,38,65.5,65.5,262.00,,
34,LUCY,LUCY,,1B,Inch,131.00,61,65.5,65.5,262.00,,
34,LUCY,LUCY,,2,Inch,131.00,42,65.5,65.5,262.00,,
34,LUCY,LUCY,,4,Inch,131.00,24,65.5,65.5,262.00,,
34,LUCY,LUCY,,6,Inch,131.00,29,65.5,65.5,262.00,,
34,LUCY,LUCY,,F10_16,Inch,131.00,24,65.5,65.5,262.00,,
34,LUCY,LUCY,,F14_24,Inch,131.00,25,65.5,65.5,262.00,,
34,LUCY,LUCY,,F1B_30,Inch,131.00,19,65.5,65.5,262.00,,
34,LUCY,LUCY,,F1B_BURG,Inch,131.00,23,65.5,65.5,262.00,,
34,LUCY,LUCY,,F27_613,Inch,131.00,24,65.5,65.5,262.00,,
34,LUCY,LUCY,,F4_27,Inch,131.00,23,65.5,65.5,262.00,,
34,LUCY,LUCY,,F4_30,Inch,131.00,19,65.5,65.5,262.00,,
34,LUCY,LUCY,,F6_27,Inch,131.00,24,65.5,65.5,262.00,,
32,JULIA,JULIA,,1,Inch,36.00,105,18,18,72.00,,
32,JULIA,JULIA,,001B,Inch,36.00,150,18,18,72.00,,
32,JULIA,JULIA,,2,Inch,36.00,108,18,18,72.00,,
32,JULIA,JULIA,,4,Inch,36.00,108,18,18,72.00,,
32,JULIA,JULIA,,3T1B_30,Inch,42.00,42,21,21,84.00,,
32,JULIA,JULIA,,3T1B_33,Inch,42.00,0,21,21,84.00,,
32,JULIA,JULIA,,3T4_613,Inch,42.00,44,21,21,84.00,,
32,JULIA,JULIA,,3T5004,Inch,42.00,41,21,21,84.00,,
32,JULIA,JULIA,,DX2216,Inch,36.00,40,18,18,72.00,,
32,JULIA,JULIA,,DX3147,Inch,36.00,43,18,18,72.00,,
32,JULIA,JULIA,,DX4733,Inch,36.00,44,18,18,72.00,,
32,JULIA,JULIA,,LX3316,Inch,36.00,42,18,18,72.00,,
32,JULIA,JULIA,,SOM7002,Inch,42.00,44,21,21,84.00,,
32,JULIA,JULIA,,SOM7003,Inch,42.00,41,21,21,84.00,,
32,JULIA,JULIA,,SOM7005,Inch,42.00,42,21,21,84.00,,
32,JULIA,JULIA,,SOM7008,Inch,42.00,42,21,21,84.00,,
32,JULIA,JULIA,,SOM7016,Inch,42.00,41,21,21,84.00,,
32,JULIA,JULIA,,TT_BURG,Inch,42.00,43,21,21,84.00,,
32,JULIA,JULIA,,TT1B_RED,Inch,42.00,44,21,21,84.00,,
32,JULIA,JULIA,,TT4_27,Inch,42.00,42,21,21,84.00,,
31,JENNIFER,JENNIFER,,1,Inch,19.00,100,9.5,9.5,38.00,,
31,JENNIFER,JENNIFER,,001B,Inch,19.00,128,9.5,9.5,38.00,,
31,JENNIFER,JENNIFER,,2,Inch,19.00,102,9.5,9.5,38.00,,
31,JENNIFER,JENNIFER,,4,Inch,19.00,100,9.5,9.5,38.00,,
31,JENNIFER,JENNIFER,,3T1B_30,Inch,27.00,50,13.5,13.5,54.00,,
31,JENNIFER,JENNIFER,,3T1B_33,Inch,27.00,0,13.5,13.5,54.00,,
31,JENNIFER,JENNIFER,,3T4_613,Inch,27.00,0,13.5,13.5,54.00,,
31,JENNIFER,JENNIFER,,3T5004,Inch,27.00,50,13.5,13.5,54.00,,
31,JENNIFER,JENNIFER,,DX2216,Inch,19.00,50,9.5,9.5,38.00,,
31,JENNIFER,JENNIFER,,DX3147,Inch,19.00,52,9.5,9.5,38.00,,
31,JENNIFER,JENNIFER,,DX4733,Inch,19.00,51,9.5,9.5,38.00,,
31,JENNIFER,JENNIFER,,LX3316,Inch,19.00,51,9.5,9.5,38.00,,
31,JENNIFER,JENNIFER,,SOM7002,Inch,27.00,50,13.5,13.5,54.00,,
31,JENNIFER,JENNIFER,,SOM7003,Inch,27.00,52,13.5,13.5,54.00,,
31,JENNIFER,JENNIFER,,SOM7005,Inch,27.00,50,13.5,13.5,54.00,,
31,JENNIFER,JENNIFER,,SOM7008,Inch,27.00,51,13.5,13.5,54.00,,
31,JENNIFER,JENNIFER,,SOM7016,Inch,27.00,52,13.5,13.5,54.00,,
31,JENNIFER,JENNIFER,,TT_BURG,Inch,27.00,50,13.5,13.5,54.00,,
31,JENNIFER,JENNIFER,,TT1B_RED,Inch,27.00,52,13.5,13.5,54.00,,
31,JENNIFER,JENNIFER,,TT4_27,Inch,27.00,51,13.5,13.5,54.00,,
30,ISABELLA,ISABELLA,,1,Inch,34.00,107,17,17,51.00,,
30,ISABELLA,ISABELLA,,001B,Inch,34.00,149,17,17,51.00,,
30,ISABELLA,ISABELLA,,2,Inch,34.00,108,17,17,51.00,,
30,ISABELLA,ISABELLA,,4,Inch,34.00,109,17,17,51.00,,
30,ISABELLA,ISABELLA,,3T1B_30,Inch,40.00,42,20,20,60.00,,
30,ISABELLA,ISABELLA,,3T1B_33,Inch,40.00,0,20,20,60.00,,
30,ISABELLA,ISABELLA,,3T4_613,Inch,40.00,0,20,20,60.00,,
30,ISABELLA,ISABELLA,,3T5004,Inch,40.00,42,20,20,60.00,,
30,ISABELLA,ISABELLA,,DX2216,Inch,34.00,43,17,17,51.00,,
30,ISABELLA,ISABELLA,,DX3147,Inch,34.00,44,17,17,51.00,,
30,ISABELLA,ISABELLA,,DX4733,Inch,34.00,44,17,17,51.00,,
30,ISABELLA,ISABELLA,,LX3316,Inch,34.00,42,17,17,51.00,,
30,ISABELLA,ISABELLA,,SOM7002,Inch,40.00,43,20,20,60.00,,
30,ISABELLA,ISABELLA,,SOM7003,Inch,40.00,44,20,20,60.00,,
30,ISABELLA,ISABELLA,,SOM7005,Inch,40.00,43,20,20,60.00,,
30,ISABELLA,ISABELLA,,SOM7008,Inch,40.00,43,20,20,60.00,,
30,ISABELLA,ISABELLA,,SOM7016,Inch,40.00,44,20,20,60.00,,
30,ISABELLA,ISABELLA,,TT_BURG,Inch,40.00,42,20,20,60.00,,
30,ISABELLA,ISABELLA,,TT1B_RED,Inch,40.00,43,20,20,60.00,,
30,ISABELLA,ISABELLA,,TT4_27,Inch,40.00,43,20,20,60.00,,
27,FRANCES,FRANCES,,1,Inch,24.00,99,12,12,48.00,,
27,FRANCES,FRANCES,,001B,Inch,24.00,135,12,12,48.00,,
27,FRANCES,FRANCES,,2,Inch,24.00,100,12,12,48.00,,
27,FRANCES,FRANCES,,4,Inch,24.00,102,12,12,48.00,,
27,FRANCES,FRANCES,,3T1B_30,Inch,30.00,32,15,15,60.00,,
27,FRANCES,FRANCES,,3T1B_33,Inch,30.00,0,15,15,60.00,,
27,FRANCES,FRANCES,,3T4_613,Inch,30.00,0,15,15,60.00,,
27,FRANCES,FRANCES,,3T5004,Inch,30.00,33,15,15,60.00,,
27,FRANCES,FRANCES,,DX2216,Inch,24.00,32,12,12,48.00,,
27,FRANCES,FRANCES,,DX3147,Inch,24.00,33,12,12,48.00,,
27,FRANCES,FRANCES,,DX4733,Inch,24.00,33,12,12,48.00,,
27,FRANCES,FRANCES,,LX3316,Inch,24.00,31,12,12,48.00,,
27,FRANCES,FRANCES,,SOM7002,Inch,30.00,34,15,15,60.00,,
27,FRANCES,FRANCES,,SOM7003,Inch,30.00,34,15,15,60.00,,
27,FRANCES,FRANCES,,SOM7005,Inch,30.00,33,15,15,60.00,,
27,FRANCES,FRANCES,,SOM7008,Inch,30.00,33,15,15,60.00,,
27,FRANCES,FRANCES,,SOM7016,Inch,30.00,29,15,15,60.00,,
27,FRANCES,FRANCES,,TT_BURG,Inch,30.00,34,15,15,60.00,,
27,FRANCES,FRANCES,,TT1B_RED,Inch,30.00,33,15,15,60.00,,
27,FRANCES,FRANCES,,TT4_27,Inch,30.00,32,15,15,60.00,,
28,GLORIA,GLORIA,,1,Inch,22.00,91,11,11,44.00,,
28,GLORIA,GLORIA,,1B,Inch,22.00,124,11,11,44.00,,
28,GLORIA,GLORIA,,2,Inch,22.00,96,11,11,44.00,,
28,GLORIA,GLORIA,,3T1B_30,Inch,22.00,101,11,11,44.00,,
28,GLORIA,GLORIA,,3T1B_33,Inch,28.00,31,14,14,56.00,,
28,GLORIA,GLORIA,,3T4_613,Inch,28.00,0,14,14,56.00,,
28,GLORIA,GLORIA,,3T5004,Inch,28.00,0,14,14,56.00,,
28,GLORIA,GLORIA,,4,Inch,28.00,32,14,14,56.00,,
28,GLORIA,GLORIA,,DX2216,Inch,22.00,30,11,11,44.00,,
28,GLORIA,GLORIA,,DX3147,Inch,22.00,31,11,11,44.00,,
28,GLORIA,GLORIA,,DX4733,Inch,22.00,31,11,11,44.00,,
28,GLORIA,GLORIA,,LX3316,Inch,22.00,31,11,11,44.00,,
28,GLORIA,GLORIA,,SOM7002,Inch,28.00,31,14,14,56.00,,
28,GLORIA,GLORIA,,SOM7003,Inch,28.00,33,14,14,56.00,,
28,GLORIA,GLORIA,,SOM7005,Inch,28.00,31,14,14,56.00,,
28,GLORIA,GLORIA,,SOM7008,Inch,28.00,28,14,14,56.00,,
28,GLORIA,GLORIA,,SOM7016,Inch,28.00,32,14,14,56.00,,
28,GLORIA,GLORIA,,TT_BURG,Inch,28.00,30,14,14,56.00,,
28,GLORIA,GLORIA,,TT1B_RED,Inch,28.00,33,14,14,56.00,,
28,GLORIA,GLORIA,,TT4_27,Inch,28.00,31,14,14,56.00,,
29,IRIS,IRIS,,1,Inch,180.00,37,90,90,360.00,,
29,IRIS,IRIS,,F6_27,Inch,180.00,55,90,90,360.00,,
29,IRIS,IRIS,,1B,Inch,180.00,39,90,90,360.00,,
29,IRIS,IRIS,,2,Inch,180.00,21,90,90,360.00,,
29,IRIS,IRIS,,4,Inch,180.00,30,90,90,360.00,,
29,IRIS,IRIS,,6,Inch,180.00,22,90,90,360.00,,
29,IRIS,IRIS,,F10_16,Inch,180.00,24,90,90,360.00,,
29,IRIS,IRIS,,F14_24,Inch,180.00,20,90,90,360.00,,
29,IRIS,IRIS,,F1B_30,Inch,180.00,25,90,90,360.00,,
29,IRIS,IRIS,,F1B_BURG,Inch,180.00,22,90,90,360.00,,
29,IRIS,IRIS,,F27_613,Inch,180.00,22,90,90,360.00,,
29,IRIS,IRIS,,F4_27,Inch,180.00,19,90,90,360.00,,
29,IRIS,IRIS,,F4_30,Inch,180.00,24,90,90,360.00,,
3,HILDA,HILDA,,1,Inch,26.00,94,13,13,52.00,,
3,HILDA,HILDA,,1B,Inch,26.00,149,13,13,52.00,,
3,HILDA,HILDA,,2,Inch,26.00,99,13,13,52.00,,
3,HILDA,HILDA,,4,Inch,26.00,74,13,13,52.00,,
3,HILDA,HILDA,,F1B_30,Inch,26.00,50,13,13,52.00,,
3,HILDA,HILDA,,F1B_BURG,Inch,26.00,49,13,13,52.00,,
3,HILDA,HILDA,,F4_30,Inch,26.00,49,13,13,52.00,,
3,HILDA,HILDA,,T4_30_27,Inch,26.00,48,13,13,52.00,,
4,PAIGE,PAIGE,,1,Inch,19.00,95,9.5,9.5,38.00,,
4,PAIGE,PAIGE,,1B,Inch,19.00,148,9.5,9.5,38.00,,
4,PAIGE,PAIGE,,2,Inch,19.00,98,9.5,9.5,38.00,,
4,PAIGE,PAIGE,,4,Inch,19.00,74,9.5,9.5,38.00,,
4,PAIGE,PAIGE,,F1B_30,Inch,19.00,50,9.5,9.5,38.00,,
4,PAIGE,PAIGE,,F1B_BURG,Inch,19.00,48,9.5,9.5,38.00,,
4,PAIGE,PAIGE,,F4_30,Inch,19.00,49,9.5,9.5,38.00,,
4,PAIGE,PAIGE,,T4_30_27,Inch,19.00,50,9.5,9.5,38.00,,
5,SB001,SB001,,1,Inch,14.00,394,7,7,28.00,,
5,SB001,SB001,,1B,Inch,14.00,499,7,7,28.00,,
5,SB001,SB001,,2,Inch,14.00,299,7,7,28.00,,
5,SB001,SB001,,27,Inch,14.00,199,7,7,28.00,,
5,SB001,SB001,,30,Inch,14.00,196,7,7,28.00,,
5,SB001,SB001,,4,Inch,14.00,199,7,7,28.00,,
5,SB001,SB001,,F1B_30,Inch,14.00,199,7,7,28.00,,
5,SB001,SB001,,F4_30,Inch,14.00,198,7,7,28.00,,
6,SB002,SB002,,1,Inch,19.00,397,9.5,9.5,38.00,,
6,SB002,SB002,,1B,Inch,19.00,498,9.5,9.5,38.00,,
6,SB002,SB002,,2,Inch,19.00,300,9.5,9.5,38.00,,
6,SB002,SB002,,27,Inch,19.00,199,9.5,9.5,38.00,,
6,SB002,SB002,,30,Inch,19.00,200,9.5,9.5,38.00,,
6,SB002,SB002,,4,Inch,19.00,200,9.5,9.5,38.00,,
6,SB002,SB002,,F1B_30,Inch,19.00,199,9.5,9.5,38.00,,
6,SB002,SB002,,F4_30,Inch,19.00,198,9.5,9.5,38.00,,
7,SC001,SC001,,1,Inch,18.00,396,9,9,36.00,,
7,SC001,SC001,,1B,Inch,18.00,499,9,9,36.00,,
7,SC001,SC001,,2,Inch,18.00,300,9,9,36.00,,
7,SC001,SC001,,27,Inch,18.00,200,9,9,36.00,,
7,SC001,SC001,,30,Inch,18.00,200,9,9,36.00,,
7,SC001,SC001,,4,Inch,18.00,199,9,9,36.00,,
7,SC001,SC001,,F1B_30,Inch,18.00,199,9,9,36.00,,
7,SC001,SC001,,F4_30,Inch,18.00,198,9,9,36.00,,
8,TFH-001,TFH-001,,1,Inch,72.00,72,24,24,144.00,,
8,TFH-001,TFH-001,,1B,Inch,72.00,8,24,24,144.00,,
8,TFH-001,TFH-001,,2,Inch,72.00,1,24,24,144.00,,
8,TFH-001,TFH-001,,4,Inch,72.00,11,24,24,144.00,,
8,TFH-001,TFH-001,,27,Inch,72.00,21,24,24,144.00,,
8,TFH-001,TFH-001,,30,Inch,72.00,26,24,24,144.00,,
8,TFH-001,TFH-001,,613,Inch,72.00,20,24,24,144.00,,
8,TFH-001,TFH-001,,M4_30,Inch,72.00,21,24,24,144.00,,
26,EMILY ,EMILY,,1,Inch,23.00,91,11.5,11.5,46.00,,
26,EMILY ,EMILY,,001B,Inch,23.00,124,11.5,11.5,46.00,,
26,EMILY ,EMILY,,2,Inch,23.00,92,11.5,11.5,46.00,,
26,EMILY ,EMILY,,4,Inch,23.00,99,11.5,11.5,46.00,,
26,EMILY ,EMILY,,3T1B_30,Inch,29.00,31,14.5,14.5,58.00,,
26,EMILY ,EMILY,,3T1B_33,Inch,29.00,0,14.5,14.5,58.00,,
26,EMILY ,EMILY,,3T4_613,Inch,29.00,0,14.5,14.5,58.00,,
26,EMILY ,EMILY,,3T5004,Inch,29.00,32,14.5,14.5,58.00,,
26,EMILY ,EMILY,,DX2216,Inch,23.00,31,11.5,11.5,46.00,,
26,EMILY ,EMILY,,DX3147,Inch,23.00,30,11.5,11.5,46.00,,
26,EMILY ,EMILY,,DX4733,Inch,23.00,31,11.5,11.5,46.00,,
26,EMILY ,EMILY,,LX3316,Inch,23.00,32,11.5,11.5,46.00,,
26,EMILY ,EMILY,,SOM7002,Inch,29.00,31,14.5,14.5,58.00,,
26,EMILY ,EMILY,,SOM7003,Inch,29.00,32,14.5,14.5,58.00,,
26,EMILY ,EMILY,,SOM7005,Inch,29.00,30,14.5,14.5,58.00,,
26,EMILY ,EMILY,,SOM7008,Inch,29.00,32,14.5,14.5,58.00,,
26,EMILY ,EMILY,,SOM7016,Inch,29.00,31,14.5,14.5,58.00,,
26,EMILY ,EMILY,,TT_BURG,Inch,29.00,27,14.5,14.5,58.00,,
26,EMILY ,EMILY,,TT1B_RED,Inch,29.00,33,14.5,14.5,58.00,,
26,EMILY ,EMILY,,TT4_27,Inch,29.00,32,14.5,14.5,58.00,,
25,DIANA,DIANA,,1,Inch,170.00,46,85,85,340.00,,
25,DIANA,DIANA,,1B,Inch,170.00,73,85,85,340.00,,
25,DIANA,DIANA,,2,Inch,170.00,44,85,85,340.00,,
25,DIANA,DIANA,,4,Inch,170.00,28,85,85,340.00,,
25,DIANA,DIANA,,6,Inch,170.00,28,85,85,340.00,,
25,DIANA,DIANA,,F10_16,Inch,170.00,22,85,85,340.00,,
25,DIANA,DIANA,,F14_24,Inch,170.00,24,85,85,340.00,,
25,DIANA,DIANA,,F1B_30,Inch,170.00,25,85,85,340.00,,
25,DIANA,DIANA,,F1B_BURG,Inch,170.00,25,85,85,340.00,,
25,DIANA,DIANA,,F27_613,Inch,170.00,23,85,85,340.00,,
25,DIANA,DIANA,,F4_27,Inch,170.00,24,85,85,340.00,,
25,DIANA,DIANA,,F4_30,Inch,170.00,24,85,85,340.00,,
25,DIANA,DIANA,,F6_27,Inch,170.00,23,85,85,340.00,,
24,BETH,BETH,,1,Inch,27.00,98,13.5,13.5,54.00,,
24,BETH,BETH,,1B,Inch,27.00,146,13.5,13.5,54.00,,
24,BETH,BETH,,2,Inch,27.00,98,13.5,13.5,54.00,,
24,BETH,BETH,,280,Inch,27.00,47,13.5,13.5,54.00,,
24,BETH,BETH,,34,Inch,27.00,22,13.5,13.5,54.00,,
24,BETH,BETH,,4,Inch,27.00,22,13.5,13.5,54.00,,
24,BETH,BETH,,44,Inch,27.00,20,13.5,13.5,54.00,,
24,BETH,BETH,,51,Inch,27.00,22,13.5,13.5,54.00,,
24,BETH,BETH,,F1B_30,Inch,27.00,27,13.5,13.5,54.00,,
22,AMANDA ,AMANDA,,1,Inch,34.00,106,17,17,68.00,,
22,AMANDA ,AMANDA,,1B,Inch,34.00,149,17,17,68.00,,
22,AMANDA ,AMANDA,,2,Inch,34.00,108,17,17,68.00,,
22,AMANDA ,AMANDA,,3T1B_30,Inch,34.00,108,17,17,68.00,,
22,AMANDA ,AMANDA,,3T1B_33,Inch,40.00,42,20,20,80.00,,
22,AMANDA ,AMANDA,,3T4_613,Inch,40.00,0,20,20,80.00,,
22,AMANDA ,AMANDA,,3T5004,Inch,40.00,0,20,20,80.00,,
22,AMANDA ,AMANDA,,4,Inch,40.00,43,20,20,80.00,,
22,AMANDA ,AMANDA,,DX2216,Inch,34.00,43,17,17,68.00,,
22,AMANDA ,AMANDA,,DX3147,Inch,34.00,42,17,17,68.00,,
22,AMANDA ,AMANDA,,DX4733,Inch,34.00,41,17,17,68.00,,
22,AMANDA ,AMANDA,,LX3316,Inch,34.00,43,17,17,68.00,,
22,AMANDA ,AMANDA,,SOM7002,Inch,40.00,44,20,20,80.00,,
22,AMANDA ,AMANDA,,SOM7003,Inch,40.00,43,20,20,80.00,,
22,AMANDA ,AMANDA,,SOM7005,Inch,40.00,44,20,20,80.00,,
22,AMANDA ,AMANDA,,SOM7008,Inch,40.00,43,20,20,80.00,,
22,AMANDA ,AMANDA,,SOM7016,Inch,40.00,43,20,20,80.00,,
22,AMANDA ,AMANDA,,TT_BURG,Inch,40.00,43,20,20,80.00,,
22,AMANDA ,AMANDA,,TT1B_RED,Inch,40.00,43,20,20,80.00,,
22,AMANDA ,AMANDA,,TT4_27,Inch,40.00,42,20,20,80.00,,
23,ANNA,ANNA,,1,Inch,23.00,102,11.5,11.5,46.00,,
23,ANNA,ANNA,,001B,Inch,23.00,126,11.5,11.5,46.00,,
23,ANNA,ANNA,,2,Inch,23.00,102,11.5,11.5,46.00,,
23,ANNA,ANNA,,4,Inch,23.00,102,11.5,11.5,46.00,,
23,ANNA,ANNA,,3T1B_30,Inch,29.00,50,14.5,14.5,58.00,,
23,ANNA,ANNA,,3T1B_33,Inch,29.00,0,14.5,14.5,58.00,,
23,ANNA,ANNA,,3T4_613,Inch,29.00,0,14.5,14.5,58.00,,
23,ANNA,ANNA,,3T5004,Inch,29.00,50,14.5,14.5,58.00,,
23,ANNA,ANNA,,DX2216,Inch,23.00,50,11.5,11.5,46.00,,
23,ANNA,ANNA,,DX3147,Inch,23.00,52,11.5,11.5,46.00,,
23,ANNA,ANNA,,DX4733,Inch,23.00,50,11.5,11.5,46.00,,
23,ANNA,ANNA,,LX3316,Inch,23.00,51,11.5,11.5,46.00,,
23,ANNA,ANNA,,SOM7002,Inch,29.00,51,14.5,14.5,58.00,,
23,ANNA,ANNA,,SOM7003,Inch,29.00,52,14.5,14.5,58.00,,
23,ANNA,ANNA,,SOM7005,Inch,29.00,51,14.5,14.5,58.00,,
23,ANNA,ANNA,,SOM7008,Inch,29.00,51,14.5,14.5,58.00,,
23,ANNA,ANNA,,SOM7016,Inch,29.00,51,14.5,14.5,58.00,,
23,ANNA,ANNA,,TT_BURG,Inch,29.00,51,14.5,14.5,58.00,,
23,ANNA,ANNA,,TT1B_RED,Inch,29.00,52,14.5,14.5,58.00,,
23,ANNA,ANNA,,TT4_27,Inch,29.00,50,14.5,14.5,58.00,,
21,SHE_SY,SILKY YAKY,8,1,Inch,14.00,372,7,7,28.00,,
21,SHE_SY,SILKY YAKY,8,1B,Inch,14.00,467,7,7,28.00,,
21,SHE_SY,SILKY YAKY,8,2,Inch,14.00,384,7,7,28.00,,
21,SHE_SY,SILKY YAKY,8,4,Inch,14.00,388,7,7,28.00,,
21,SHE_SY,SILKY YAKY,8,27,Inch,16.00,200,8,8,32.00,,
21,SHE_SY,SILKY YAKY,8,30,Inch,14.00,200,7,7,28.00,,
21,SHE_SY,SILKY YAKY,8,33,Inch,14.00,200,7,7,28.00,,
21,SHE_SY,SILKY YAKY,8,P1B_27,Inch,18.00,150,9,9,36.00,,
21,SHE_SY,SILKY YAKY,8,P1B_30,Inch,18.00,150,9,9,36.00,,
21,SHE_SY,SILKY YAKY,8,P4_30,Inch,18.00,150,9,9,36.00,,
21,SHE_SY,SILKY YAKY,10,1,Inch,18.00,550,9,9,36.00,,
21,SHE_SY,SILKY YAKY,10,1B,Inch,18.00,702,9,9,36.00,,
21,SHE_SY,SILKY YAKY,10,2,Inch,18.00,478,9,9,36.00,,
21,SHE_SY,SILKY YAKY,10,4,Inch,18.00,378,9,9,36.00,,
21,SHE_SY,SILKY YAKY,10,27,Inch,20.00,194,10,10,40.00,,
21,SHE_SY,SILKY YAKY,10,30,Inch,18.00,199,9,9,36.00,,
21,SHE_SY,SILKY YAKY,10,33,Inch,18.00,200,9,9,36.00,,
21,SHE_SY,SILKY YAKY,10,P1B_27,Inch,22.00,200,11,11,44.00,,
21,SHE_SY,SILKY YAKY,10,P1B_30,Inch,22.00,194,11,11,44.00,,
21,SHE_SY,SILKY YAKY,10,P4_30,Inch,22.00,194,11,11,44.00,,
21,SHE_SY,SILKY YAKY,12,1,Inch,27.00,552,13.5,13.5,54.00,,
21,SHE_SY,SILKY YAKY,12,1B,Inch,27.00,699,13.5,13.5,54.00,,
21,SHE_SY,SILKY YAKY,12,2,Inch,27.00,478,13.5,13.5,54.00,,
21,SHE_SY,SILKY YAKY,12,4,Inch,27.00,377,13.5,13.5,54.00,,
21,SHE_SY,SILKY YAKY,12,27,Inch,29.00,193,14.5,14.5,58.00,,
21,SHE_SY,SILKY YAKY,12,30,Inch,27.00,200,13.5,13.5,54.00,,
21,SHE_SY,SILKY YAKY,12,33,Inch,27.00,200,13.5,13.5,54.00,,
21,SHE_SY,SILKY YAKY,12,P1B_27,Inch,31.00,200,15.5,15.5,62.00,,
21,SHE_SY,SILKY YAKY,12,P1B_30,Inch,31.00,192,15.5,15.5,62.00,,
21,SHE_SY,SILKY YAKY,12,P4_30,Inch,31.00,194,15.5,15.5,62.00,,
21,SHE_SY,SILKY YAKY,14,1,Inch,38.00,465,19,19,76.00,,
21,SHE_SY,SILKY YAKY,14,1B,Inch,38.00,566,19,19,76.00,,
21,SHE_SY,SILKY YAKY,14,2,Inch,38.00,482,19,19,76.00,,
21,SHE_SY,SILKY YAKY,14,4,Inch,38.00,382,19,19,76.00,,
21,SHE_SY,SILKY YAKY,14,27,Inch,40.00,194,20,20,80.00,,
21,SHE_SY,SILKY YAKY,14,30,Inch,38.00,200,19,19,76.00,,
21,SHE_SY,SILKY YAKY,14,33,Inch,38.00,199,19,19,76.00,,
21,SHE_SY,SILKY YAKY,14,P1B_27,Inch,42.00,149,21,21,84.00,,
21,SHE_SY,SILKY YAKY,14,P1B_30,Inch,42.00,143,21,21,84.00,,
21,SHE_SY,SILKY YAKY,14,P4_30,Inch,42.00,141,21,21,84.00,,
21,SHE_SY,SILKY YAKY,16,1,Inch,47.00,377,23.5,23.5,94.00,,
21,SHE_SY,SILKY YAKY,16,1B,Inch,47.00,478,23.5,23.5,94.00,,
21,SHE_SY,SILKY YAKY,16,2,Inch,47.00,388,23.5,23.5,94.00,,
21,SHE_SY,SILKY YAKY,16,4,Inch,47.00,388,23.5,23.5,94.00,,
21,SHE_SY,SILKY YAKY,16,27,Inch,49.00,200,24.5,24.5,98.00,,
21,SHE_SY,SILKY YAKY,16,30,Inch,47.00,200,23.5,23.5,94.00,,
21,SHE_SY,SILKY YAKY,16,33,Inch,47.00,200,23.5,23.5,94.00,,
21,SHE_SY,SILKY YAKY,16,P1B_27,Inch,51.00,150,25.5,25.5,102.00,,
21,SHE_SY,SILKY YAKY,16,P1B_30,Inch,51.00,150,25.5,25.5,102.00,,
21,SHE_SY,SILKY YAKY,16,P4_30,Inch,51.00,148,25.5,25.5,102.00,,
20,FAC-NA,CHINESE VIRGIN SHUN FA NATURAL WAVE,10,NATURAL,Inch,28.00,871,14,14,47.00,,
20,FAC-NA,CHINESE VIRGIN SHUN FA NATURAL WAVE,12,NATURAL,Inch,39.00,970,19.5,19.5,62.00,,
20,FAC-NA,CHINESE VIRGIN SHUN FA NATURAL WAVE,14,NATURAL,Inch,57.00,651,28.5,28.5,90.00,,
20,FAC-NA,CHINESE VIRGIN SHUN FA NATURAL WAVE,16,NATURAL,Inch,71.00,565,35.5,35.5,113.00,,
20,FAC-NA,CHINESE VIRGIN SHUN FA NATURAL WAVE,18,NATURAL,Inch,86.00,573,43,43,143.00,,
20,FAC-NA,CHINESE VIRGIN SHUN FA NATURAL WAVE,20,NATURAL,Inch,101.00,0,50.5,50.5,169.00,,
20,FAC-NA,CHINESE VIRGIN SHUN FA NATURAL WAVE,22,NATURAL,Inch,116.00,0,58,58,188.00,,
20,FAC-NA,CHINESE VIRGIN SHUN FA NATURAL WAVE,24,NATURAL,Inch,126.00,0,63,63,214.00,,
20,FAC-NA,CHINESE VIRGIN SHUN FA NATURAL WAVE,26,NATURAL,Inch,136.00,0,68,68,240.00,,
19,FAC-BW, CHINESE VIRGIN SHUN FA BODY WAVE,10,NATURAL,Inch,28.00,221,14,14,56.00,,
19,FAC-BW, CHINESE VIRGIN SHUN FA BODY WAVE,12,NATURAL,Inch,39.00,412,19.5,19.5,78.00,,
19,FAC-BW, CHINESE VIRGIN SHUN FA BODY WAVE,14,NATURAL,Inch,57.00,210,28.5,28.5,114.00,,
19,FAC-BW, CHINESE VIRGIN SHUN FA BODY WAVE,16,NATURAL,Inch,71.00,628,35.5,35.5,142.00,,
19,FAC-BW, CHINESE VIRGIN SHUN FA BODY WAVE,18,NATURAL,Inch,86.00,314,43,43,172.00,,
19,FAC-BW, CHINESE VIRGIN SHUN FA BODY WAVE,20,NATURAL,Inch,101.00,0,50.5,50.5,202.00,,
18,AND-STW,AND-STW,16,1,Inch,82.00,297,41,41,164.00,,
18,AND-STW,AND-STW,16,001B,Inch,82.00,297,41,41,164.00,,
18,AND-STW,AND-STW,16,2,Inch,82.00,98,41,41,164.00,,
18,AND-STW,AND-STW,16,4,Inch,82.00,98,41,41,164.00,,
18,AND-STW,AND-STW,16,6,Inch,82.00,1,41,41,164.00,,
18,AND-STW,AND-STW,16,10,Inch,82.00,0,41,41,164.00,,
18,AND-STW,AND-STW,16,14,Inch,92.00,0,46,46,184.00,,
18,AND-STW,AND-STW,16,16,Inch,92.00,1,46,46,184.00,,
18,AND-STW,AND-STW,16,18,Inch,122.00,0,61,61,244.00,,
18,AND-STW,AND-STW,16,22,Inch,122.00,196,61,61,244.00,,
18,AND-STW,AND-STW,16,24,Inch,122.00,97,61,61,244.00,,
18,AND-STW,AND-STW,16,27,Inch,92.00,96,46,46,184.00,,
18,AND-STW,AND-STW,16,30,Inch,82.00,99,41,41,164.00,,
18,AND-STW,AND-STW,16,32A,Inch,82.00,99,41,41,164.00,,
18,AND-STW,AND-STW,16,33,Inch,82.00,100,41,41,164.00,,
18,AND-STW,AND-STW,16,35A,Inch,82.00,98,41,41,164.00,,
18,AND-STW,AND-STW,16,613,Inch,122.00,0,61,61,244.00,,
18,AND-STW,AND-STW,16,613B,Inch,122.00,393,61,61,244.00,,
18,AND-STW,AND-STW,16,LT.SILVER,Inch,122.00,86,61,61,244.00,,
18,AND-STW,AND-STW,16,P10_16,Inch,92.00,193,46,46,184.00,,
18,AND-STW,AND-STW,16,P14_24,Inch,92.00,191,46,46,184.00,,
18,AND-STW,AND-STW,16,P16_24,Inch,92.00,95,46,46,184.00,,
18,AND-STW,AND-STW,16,P18_22,Inch,122.00,190,61,61,244.00,,
18,AND-STW,AND-STW,16,P2_27,Inch,92.00,99,46,46,184.00,,
18,AND-STW,AND-STW,16,P2_613,Inch,92.00,98,46,46,184.00,,
18,AND-STW,AND-STW,16,P27_613,Inch,92.00,94,46,46,184.00,,
18,AND-STW,AND-STW,16,P4_24,Inch,92.00,97,46,46,184.00,,
18,AND-STW,AND-STW,16,P4_27,Inch,92.00,92,46,46,184.00,,
18,AND-STW,AND-STW,16,P4_27_30,Inch,92.00,97,46,46,184.00,,
18,AND-STW,AND-STW,16,P4_30,Inch,92.00,98,46,46,184.00,,
18,AND-STW,AND-STW,16,P6_613,Inch,92.00,96,46,46,184.00,,
18,AND-STW,AND-STW,16,T4_30_27,Inch,92.00,92,46,46,184.00,,
18,AND-STW,AND-STW,16,T6_27_613,Inch,122.00,0,61,61,244.00,,
18,AND-STW,AND-STW,16,TT3_613,Inch,122.00,0,61,61,244.00,,
18,AND-STW,AND-STW,16,TT3_BURG,Inch,122.00,0,61,61,244.00,,
18,AND-STW,AND-STW,18,1,Inch,101.00,190,50.5,50.5,202.00,,
18,AND-STW,AND-STW,18,001B,Inch,101.00,285,50.5,50.5,202.00,,
18,AND-STW,AND-STW,18,2,Inch,101.00,190,50.5,50.5,202.00,,
18,AND-STW,AND-STW,18,4,Inch,101.00,189,50.5,50.5,202.00,,
18,AND-STW,AND-STW,18,6,Inch,101.00,190,50.5,50.5,202.00,,
18,AND-STW,AND-STW,18,10,Inch,101.00,97,50.5,50.5,202.00,,
18,AND-STW,AND-STW,18,14,Inch,111.00,96,55.5,55.5,222.00,,
18,AND-STW,AND-STW,18,16,Inch,111.00,89,55.5,55.5,222.00,,
18,AND-STW,AND-STW,18,18,Inch,141.00,87,70.5,70.5,282.00,,
18,AND-STW,AND-STW,18,22,Inch,141.00,288,70.5,70.5,282.00,,
18,AND-STW,AND-STW,18,24,Inch,141.00,0,70.5,70.5,282.00,,
18,AND-STW,AND-STW,18,27,Inch,111.00,149,55.5,55.5,222.00,,
18,AND-STW,AND-STW,18,30,Inch,101.00,97,50.5,50.5,202.00,,
18,AND-STW,AND-STW,18,32A,Inch,101.00,92,50.5,50.5,202.00,,
18,AND-STW,AND-STW,18,33,Inch,101.00,97,50.5,50.5,202.00,,
18,AND-STW,AND-STW,18,35A,Inch,111.00,91,55.5,55.5,222.00,,
18,AND-STW,AND-STW,18,613,Inch,141.00,273,70.5,70.5,282.00,,
18,AND-STW,AND-STW,18,613B,Inch,141.00,0,70.5,70.5,282.00,,
18,AND-STW,AND-STW,18,LT.SILVER,Inch,141.00,174,70.5,70.5,282.00,,
18,AND-STW,AND-STW,18,P10_16,Inch,142.00,286,71,71,284.00,,
18,AND-STW,AND-STW,18,P14_24,Inch,142.00,85,71,71,284.00,,
18,AND-STW,AND-STW,18,P16_24,Inch,142.00,184,71,71,284.00,,
18,AND-STW,AND-STW,18,P18_22,Inch,141.00,280,70.5,70.5,282.00,,
18,AND-STW,AND-STW,18,P2_27,Inch,111.00,97,55.5,55.5,222.00,,
18,AND-STW,AND-STW,18,P2_613,Inch,111.00,0,55.5,55.5,222.00,,
18,AND-STW,AND-STW,18,P27_613,Inch,111.00,282,55.5,55.5,222.00,,
18,AND-STW,AND-STW,18,P4_24,Inch,111.00,190,55.5,55.5,222.00,,
18,AND-STW,AND-STW,18,P4_27,Inch,111.00,93,55.5,55.5,222.00,,
18,AND-STW,AND-STW,18,P4_27_30,Inch,111.00,192,55.5,55.5,222.00,,
18,AND-STW,AND-STW,18,P4_30,Inch,111.00,200,55.5,55.5,222.00,,
18,AND-STW,AND-STW,18,P6_613,Inch,111.00,0,55.5,55.5,222.00,,
18,AND-STW,AND-STW,18,T4_30_27,Inch,111.00,130,55.5,55.5,222.00,,
18,AND-STW,AND-STW,18,T6_27_613,Inch,141.00,181,70.5,70.5,282.00,,
18,AND-STW,AND-STW,18,TT3_613,Inch,141.00,182,70.5,70.5,282.00,,
18,AND-STW,AND-STW,18,TT3_BURG,Inch,141.00,0,70.5,70.5,282.00,,
18,AND-STW,AND-STW,20,1,Inch,121.00,200,60.5,60.5,242.00,,
18,AND-STW,AND-STW,20,001B,Inch,121.00,299,60.5,60.5,242.00,,
18,AND-STW,AND-STW,20,2,Inch,121.00,98,60.5,60.5,242.00,,
18,AND-STW,AND-STW,20,4,Inch,121.00,98,60.5,60.5,242.00,,
18,AND-STW,AND-STW,20,613,Inch,161.00,298,80.5,80.5,322.00,,
18,AND-STW,AND-STW,20,613B,Inch,161.00,397,80.5,80.5,322.00,,
18,AND-STW,AND-STW,20,P10_16,Inch,131.00,199,65.5,65.5,262.00,,
18,AND-STW,AND-STW,20,P14_24,Inch,131.00,0,65.5,65.5,262.00,,
18,AND-STW,AND-STW,20,P16_24,Inch,131.00,0,65.5,65.5,262.00,,
18,AND-STW,AND-STW,20,P18_22,Inch,161.00,199,80.5,80.5,322.00,,
18,AND-STW,AND-STW,20,P4_27_30,Inch,131.00,0,65.5,65.5,262.00,,
18,AND-STW,AND-STW,22,1,Inch,136.00,98,68,68,272.00,,
18,AND-STW,AND-STW,22,001B,Inch,136.00,97,68,68,272.00,,
18,AND-STW,AND-STW,22,2,Inch,136.00,96,68,68,272.00,,
18,AND-STW,AND-STW,22,4,Inch,136.00,96,68,68,272.00,,
18,AND-STW,AND-STW,22,613,Inch,176.00,199,88,88,352.00,,
18,AND-STW,AND-STW,22,613B,Inch,176.00,299,88,88,352.00,,
18,AND-STW,AND-STW,22,P10_16,Inch,146.00,200,73,73,292.00,,
18,AND-STW,AND-STW,22,P14_24,Inch,146.00,0,73,73,292.00,,
18,AND-STW,AND-STW,22,P16_24,Inch,146.00,0,73,73,292.00,,
18,AND-STW,AND-STW,22,P18_22,Inch,176.00,200,88,88,352.00,,
18,AND-STW,AND-STW,22,P4_27_30,Inch,146.00,0,73,73,292.00,,
18,AND-STW,AND-STW,24,1,Inch,146.00,100,73,73,292.00,,
18,AND-STW,AND-STW,24,001B,Inch,146.00,150,73,73,292.00,,
18,AND-STW,AND-STW,24,2,Inch,146.00,150,73,73,292.00,,
18,AND-STW,AND-STW,24,4,Inch,146.00,100,73,73,292.00,,
17,TFHB-004,TFHB-004,,1,Inch,255.00,85,85,85,510.00,,
17,TFHB-004,TFHB-004,,1B,Inch,255.00,85,85,85,510.00,,
17,TFHB-004,TFHB-004,,2,Inch,255.00,85,85,85,510.00,,
17,TFHB-004,TFHB-004,,4,Inch,255.00,85,85,85,510.00,,
17,TFHB-004,TFHB-004,,27,Inch,255.00,85,85,85,510.00,,
17,TFHB-004,TFHB-004,,30,Inch,255.00,85,85,85,510.00,,
17,TFHB-004,TFHB-004,,613,Inch,255.00,85,85,85,510.00,,
17,TFHB-004,TFHB-004,,M4_30,Inch,255.00,85,85,85,510.00,,
15,TFHB-002,TFHB-002 ,,1,Inch,60.00,41,20,20,120.00,,
15,TFHB-002,TFHB-002 ,,1B,Inch,60.00,31,20,20,120.00,,
15,TFHB-002,TFHB-002 ,,2,Inch,60.00,3,20,20,120.00,,
15,TFHB-002,TFHB-002 ,,4,Inch,60.00,9,20,20,120.00,,
15,TFHB-002,TFHB-002 ,,27,Inch,60.00,22,20,20,120.00,,
15,TFHB-002,TFHB-002 ,,30,Inch,60.00,20,20,20,120.00,,
15,TFHB-002,TFHB-002 ,,613,Inch,60.00,20,20,20,120.00,,
15,TFHB-002,TFHB-002 ,,M4_30,Inch,60.00,21,20,20,120.00,,
16,TFHB-003,TFHB-003,,1,Inch,64.50,44,21.5,21.5,129.00,,
16,TFHB-003,TFHB-003,,1B,Inch,64.50,39,21.5,21.5,129.00,,
16,TFHB-003,TFHB-003,,2,Inch,64.50,0,21.5,21.5,129.00,,
16,TFHB-003,TFHB-003,,4,Inch,64.50,19,21.5,21.5,129.00,,
16,TFHB-003,TFHB-003,,27,Inch,64.50,25,21.5,21.5,129.00,,
16,TFHB-003,TFHB-003,,30,Inch,64.50,25,21.5,21.5,129.00,,
16,TFHB-003,TFHB-003,,613,Inch,64.50,25,21.5,21.5,129.00,,
16,TFHB-003,TFHB-003,,M4_30,Inch,64.50,26,21.5,21.5,129.00,,
9,TFH-002,TFH-002 ,,1,Inch,141.00,45,47,47,282.00,,
9,TFH-002,TFH-002 ,,1B,Inch,141.00,94,47,47,282.00,,
9,TFH-002,TFH-002 ,,2,Inch,141.00,42,47,47,282.00,,
9,TFH-002,TFH-002 ,,4,Inch,141.00,24,47,47,282.00,,
9,TFH-002,TFH-002 ,,27,Inch,141.00,27,47,47,282.00,,
9,TFH-002,TFH-002 ,,30,Inch,141.00,28,47,47,282.00,,
9,TFH-002,TFH-002 ,,613,Inch,141.00,25,47,47,282.00,,
9,TFH-002,TFH-002 ,,M4_30,Inch,141.00,24,47,47,282.00,,
10,TFH-003,TFH-003,,1,Inch,121.50,48,40.5,40.5,243.00,,
10,TFH-003,TFH-003,,1B,Inch,121.50,99,40.5,40.5,243.00,,
10,TFH-003,TFH-003,,2,Inch,121.50,49,40.5,40.5,243.00,,
10,TFH-003,TFH-003,,4,Inch,121.50,28,40.5,40.5,243.00,,
10,TFH-003,TFH-003,,27,Inch,121.50,26,40.5,40.5,243.00,,
10,TFH-003,TFH-003,,30,Inch,121.50,30,40.5,40.5,243.00,,
10,TFH-003,TFH-003,,613,Inch,121.50,28,40.5,40.5,243.00,,
10,TFH-003,TFH-003,,M4_30,Inch,121.50,30,40.5,40.5,243.00,,
11,TFH-004,TFH-004,,1,Inch,75.00,44,25,25,150.00,,
11,TFH-004,TFH-004,,1B,Inch,75.00,83,25,25,150.00,,
11,TFH-004,TFH-004,,2,Inch,75.00,33,25,25,150.00,,
11,TFH-004,TFH-004,,4,Inch,75.00,21,25,25,150.00,,
11,TFH-004,TFH-004,,27,Inch,75.00,22,25,25,150.00,,
11,TFH-004,TFH-004,,30,Inch,75.00,24,25,25,150.00,,
11,TFH-004,TFH-004,,613,Inch,75.00,18,25,25,150.00,,
11,TFH-004,TFH-004,,M4_30,Inch,75.00,24,25,25,150.00,,
12,TFH-005,TFH-005 (Straight),,NATURAL,Inch,94.50,316,31.5,31.5,189.00,,
13,TFH-006,TFH-006 (Curly),,NATURAL,Inch,96.00,328,32,32,192.00,,
14,TFHB-001,TFHB-001,,1,Inch,139.50,39,46.5,46.5,279.00,,
14,TFHB-001,TFHB-001,,1B,Inch,139.50,74,46.5,46.5,279.00,,
14,TFHB-001,TFHB-001,,2,Inch,139.50,25,46.5,46.5,279.00,,
14,TFHB-001,TFHB-001,,4,Inch,139.50,19,46.5,46.5,279.00,,
14,TFHB-001,TFHB-001,,27,Inch,139.50,26,46.5,46.5,279.00,,
14,TFHB-001,TFHB-001,,30,Inch,139.50,28,46.5,46.5,279.00,,
14,TFHB-001,TFHB-001,,613,Inch,139.50,26,46.5,46.5,279.00,,
14,TFHB-001,TFHB-001,,M4_30,Inch,139.50,26,46.5,46.5,279.00,,
2,AMBER,AMBER,,1,Inch,22.00,95,11,11,44.00,,
2,AMBER,AMBER,,1B,Inch,22.00,148,11,11,44.00,,
2,AMBER,AMBER,,2,Inch,22.00,98,11,11,44.00,,
2,AMBER,AMBER,,4,Inch,22.00,74,11,11,44.00,,
2,AMBER,AMBER,,F1B_30,Inch,22.00,50,11,11,44.00,,
2,AMBER,AMBER,,F1B_BURG,Inch,22.00,49,11,11,44.00,,
2,AMBER,AMBER,,F4_30,Inch,22.00,49,11,11,44.00,,
2,AMBER,AMBER,,T4_30_27,Inch,22.00,47,11,11,44.00,,
1,ALYSSA,ALYSSA,,1,Inch,20.00,96,10,10,40.00,,
1,ALYSSA,ALYSSA,,1B,Inch,20.00,149,10,10,40.00,,
1,ALYSSA,ALYSSA,,2,Inch,20.00,97,10,10,40.00,,
1,ALYSSA,ALYSSA,,4,Inch,20.00,74,10,10,40.00,,
1,ALYSSA,ALYSSA,,F1B_30,Inch,20.00,48,10,10,40.00,,
1,ALYSSA,ALYSSA,,F1B_BURG,Inch,20.00,48,10,10,40.00,,
1,ALYSSA,ALYSSA,,F4_30,Inch,20.00,49,10,10,40.00,,
1,ALYSSA,ALYSSA,,T4_30_27,Inch,20.00,49,10,10,40.00,,
1024,TRINA,TRINA,,1,Inch,17.40,0,14.50,14.50,52.20,,
1024,TRINA,TRINA,,1B,Inch,17.40,0,14.50,14.50,52.20,,
1024,TRINA,TRINA,,2,Inch,17.40,0,14.50,14.50,52.20,,
1024,TRINA,TRINA,,4,Inch,17.40,0,14.50,14.50,52.20,,
1024,TRINA,TRINA,,27,Inch,17.40,0,14.50,14.50,52.20,,
1024,TRINA,TRINA,,30,Inch,17.40,0,14.50,14.50,52.20,,
1024,TRINA,TRINA,,33,Inch,17.40,0,14.50,14.50,52.20,,
1024,TRINA,TRINA,,F1B_30,Inch,17.40,0,14.50,14.50,52.20,,
1024,TRINA,TRINA,,F4_27,Inch,17.40,0,14.50,14.50,52.20,,
1024,TRINA,TRINA,,F4_30,Inch,17.40,0,14.50,14.50,52.20,,
1023,STACY,STACY,,1,Inch,76.20,,63.50,63.50,228.60,,
1023,STACY,STACY,,1B,Inch,76.20,,63.50,63.50,228.60,,
1023,STACY,STACY,,2,Inch,76.20,,63.50,63.50,228.60,,
1023,STACY,STACY,,4,Inch,76.20,,63.50,63.50,228.60,,
1023,STACY,STACY,,27,Inch,76.20,,63.50,63.50,228.60,,
1023,STACY,STACY,,30,Inch,76.20,,63.50,63.50,228.60,,
1023,STACY,STACY,,33,Inch,76.20,,63.50,63.50,228.60,,
1023,STACY,STACY,,F1B_30,Inch,76.20,,63.50,63.50,228.60,,
1023,STACY,STACY,,F4_27,Inch,76.20,,63.50,63.50,228.60,,
1023,STACY,STACY,,F4_30,Inch,76.20,,63.50,63.50,228.60,,
1022,SIMONE,SIMONE,,1,Inch,18.60,,15.50,15.50,55.80,,
1022,SIMONE,SIMONE,,1B,Inch,18.60,,15.50,15.50,55.80,,
1022,SIMONE,SIMONE,,2,Inch,18.60,,15.50,15.50,55.80,,
1022,SIMONE,SIMONE,,4,Inch,18.60,,15.50,15.50,55.80,,
1022,SIMONE,SIMONE,,27,Inch,18.60,,15.50,15.50,55.80,,
1022,SIMONE,SIMONE,,30,Inch,18.60,,15.50,15.50,55.80,,
1022,SIMONE,SIMONE,,33,Inch,18.60,,15.50,15.50,55.80,,
1022,SIMONE,SIMONE,,F1B_30,Inch,18.60,,15.50,15.50,55.80,,
1022,SIMONE,SIMONE,,F4_27,Inch,18.60,,15.50,15.50,55.80,,
1022,SIMONE,SIMONE,,F4_30,Inch,18.60,,15.50,15.50,55.80,,
1021,ONNA,ONNA,,1,Inch,20.40,,17.00,17.00,61.20,,
1021,ONNA,ONNA,,1B,Inch,20.40,,17.00,17.00,61.20,,
1021,ONNA,ONNA,,2,Inch,20.40,,17.00,17.00,61.20,,
1021,ONNA,ONNA,,4,Inch,20.40,,17.00,17.00,61.20,,
1021,ONNA,ONNA,,27,Inch,20.40,,17.00,17.00,61.20,,
1021,ONNA,ONNA,,30,Inch,20.40,,17.00,17.00,61.20,,
1021,ONNA,ONNA,,33,Inch,20.40,,17.00,17.00,61.20,,
1021,ONNA,ONNA,,F1B_30,Inch,20.40,,17.00,17.00,61.20,,
1021,ONNA,ONNA,,F4_27,Inch,20.40,,17.00,17.00,61.20,,
1021,ONNA,ONNA,,F4_30,Inch,20.40,,17.00,17.00,61.20,,
1020,MIYA,MIYA,,1,Inch,78.00,,65.00,65.00,234.00,,
1020,MIYA,MIYA,,1B,Inch,78.00,,65.00,65.00,234.00,,
1020,MIYA,MIYA,,2,Inch,78.00,,65.00,65.00,234.00,,
1020,MIYA,MIYA,,4,Inch,78.00,,65.00,65.00,234.00,,
1020,MIYA,MIYA,,27,Inch,78.00,,65.00,65.00,234.00,,
1020,MIYA,MIYA,,30,Inch,78.00,,65.00,65.00,234.00,,
1020,MIYA,MIYA,,33,Inch,78.00,,65.00,65.00,234.00,,
1020,MIYA,MIYA,,F1B_30,Inch,78.00,,65.00,65.00,234.00,,
1020,MIYA,MIYA,,F4_27,Inch,78.00,,65.00,65.00,234.00,,
1020,MIYA,MIYA,,F4_30,Inch,78.00,,65.00,65.00,234.00,,
1019,MARIE,MARIE,,1,Inch,19.80,,16.50,16.50,59.40,,
1019,MARIE,MARIE,,1B,Inch,19.80,,16.50,16.50,59.40,,
1019,MARIE,MARIE,,2,Inch,19.80,,16.50,16.50,59.40,,
1019,MARIE,MARIE,,4,Inch,19.80,,16.50,16.50,59.40,,
1019,MARIE,MARIE,,27,Inch,19.80,,16.50,16.50,59.40,,
1019,MARIE,MARIE,,30,Inch,19.80,,16.50,16.50,59.40,,
1019,MARIE,MARIE,,33,Inch,19.80,,16.50,16.50,59.40,,
1019,MARIE,MARIE,,F1B_30,Inch,19.80,,16.50,16.50,59.40,,
1019,MARIE,MARIE,,F4_27,Inch,19.80,,16.50,16.50,59.40,,
1019,MARIE,MARIE,,F4_30,Inch,19.80,,16.50,16.50,59.40,,
1018,LIYAH,LIYAH,,1,Inch,21.00,,17.50,17.50,63.00,,
1018,LIYAH,LIYAH,,1B,Inch,21.00,,17.50,17.50,63.00,,
1018,LIYAH,LIYAH,,2,Inch,21.00,,17.50,17.50,63.00,,
1018,LIYAH,LIYAH,,4,Inch,21.00,,17.50,17.50,63.00,,
1018,LIYAH,LIYAH,,27,Inch,21.00,,17.50,17.50,63.00,,
1018,LIYAH,LIYAH,,30,Inch,21.00,,17.50,17.50,63.00,,
1018,LIYAH,LIYAH,,33,Inch,21.00,,17.50,17.50,63.00,,
1018,LIYAH,LIYAH,,F1B_30,Inch,21.00,,17.50,17.50,63.00,,
1018,LIYAH,LIYAH,,F4_27,Inch,21.00,,17.50,17.50,63.00,,
1018,LIYAH,LIYAH,,F4_30,Inch,21.00,,17.50,17.50,63.00,,
1017,CAROLYN,CAROLYN,,1,Inch,19.80,,16.50,16.50,59.40,,
1017,CAROLYN,CAROLYN,,1B,Inch,19.80,,16.50,16.50,59.40,,
1017,CAROLYN,CAROLYN,,2,Inch,19.80,,16.50,16.50,59.40,,
1017,CAROLYN,CAROLYN,,4,Inch,19.80,,16.50,16.50,59.40,,
1017,CAROLYN,CAROLYN,,27,Inch,19.80,,16.50,16.50,59.40,,
1017,CAROLYN,CAROLYN,,30,Inch,19.80,,16.50,16.50,59.40,,
1017,CAROLYN,CAROLYN,,33,Inch,19.80,,16.50,16.50,59.40,,
1017,CAROLYN,CAROLYN,,34,Inch,19.80,,16.50,16.50,59.40,,
1017,CAROLYN,CAROLYN,,44,Inch,19.80,,16.50,16.50,59.40,,
1017,CAROLYN,CAROLYN,,280,Inch,19.80,,16.50,16.50,59.40,,
1017,CAROLYN,CAROLYN,,F1B_30,Inch,19.80,,16.50,16.50,59.40,,
1017,CAROLYN,CAROLYN,,F4_27,Inch,19.80,,16.50,16.50,59.40,,
1017,CAROLYN,CAROLYN,,F4_30,Inch,19.80,,16.50,16.50,59.40,,
1016,ALICIA,ALICIA,,1,Inch,16.80,,14.00,14.00,50.40,,
1016,ALICIA,ALICIA,,1B,Inch,16.80,,14.00,14.00,50.40,,
1016,ALICIA,ALICIA,,2,Inch,16.80,,14.00,14.00,50.40,,
1016,ALICIA,ALICIA,,4,Inch,16.80,,14.00,14.00,50.40,,
1016,ALICIA,ALICIA,,27,Inch,16.80,,14.00,14.00,50.40,,
1016,ALICIA,ALICIA,,30,Inch,16.80,,14.00,14.00,50.40,,
1016,ALICIA,ALICIA,,33,Inch,16.80,,14.00,14.00,50.40,,
1016,ALICIA,ALICIA,,F1B_30,Inch,16.80,,14.00,14.00,50.40,,
1016,ALICIA,ALICIA,,F4_27,Inch,16.80,,14.00,14.00,50.40,,
1016,ALICIA,ALICIA,,F4_30,Inch,16.80,,14.00,14.00,50.40,,
1015,AALAHNI,AALAHNI,,1,Inch,45.60,,38.00,38.00,136.80,,
1015,AALAHNI,AALAHNI,,1B,Inch,45.60,,38.00,38.00,136.80,,
1015,AALAHNI,AALAHNI,,2,Inch,45.60,,38.00,38.00,136.80,,
1015,AALAHNI,AALAHNI,,4,Inch,45.60,,38.00,38.00,136.80,,
1015,AALAHNI,AALAHNI,,27,Inch,45.60,,38.00,38.00,136.80,,
1015,AALAHNI,AALAHNI,,30,Inch,45.60,,38.00,38.00,136.80,,
1015,AALAHNI,AALAHNI,,33,Inch,45.60,,38.00,38.00,136.80,,
1015,AALAHNI,AALAHNI,,F1B_30,Inch,45.60,,38.00,38.00,136.80,,
1015,AALAHNI,AALAHNI,,F4_27,Inch,45.60,,38.00,38.00,136.80,,
1015,AALAHNI,AALAHNI,,F4_30,Inch,45.60,,38.00,38.00,136.80,,
1014,SP-BRD-001,SP-BRD-001,,1,Inch,0.60,,0.50,0.50,1.80,,
1014,SP-BRD-001,SP-BRD-001,,1B,Inch,0.60,,0.50,0.50,1.80,,
1014,SP-BRD-001,SP-BRD-001,,2,Inch,0.60,,0.50,0.50,1.80,,
1014,SP-BRD-001,SP-BRD-001,,4,Inch,0.60,,0.50,0.50,1.80,,
1014,SP-BRD-001,SP-BRD-001,,27,Inch,0.60,,0.50,0.50,1.80,,
1014,SP-BRD-001,SP-BRD-001,,30,Inch,0.60,,0.50,0.50,1.80,,
1014,SP-BRD-001,SP-BRD-001,,33,Inch,0.60,,0.50,0.50,1.80,,
1014,SP-BRD-001,SP-BRD-001,,P4_30,Inch,0.60,,0.50,0.50,1.80,,
1014,SP-BRD-001,SP-BRD-001,,P1B_33,Inch,0.60,,0.50,0.50,1.80,,
1014,SP-BRD-001,SP-BRD-001,,P1B_118,Inch,0.60,,0.50,0.50,1.80,,
1013,KK-BRD-001,KK-BRD-001,,1,Inch,1.20,,1.00,1.00,3.60,,
1013,KK-BRD-001,KK-BRD-001,,1B,Inch,1.20,,1.00,1.00,3.60,,
1013,KK-BRD-001,KK-BRD-001,,2,Inch,1.20,,1.00,1.00,3.60,,
1013,KK-BRD-001,KK-BRD-001,,4,Inch,1.20,,1.00,1.00,3.60,,
1013,KK-BRD-001,KK-BRD-001,,27,Inch,1.20,,1.00,1.00,3.60,,
1013,KK-BRD-001,KK-BRD-001,,30,Inch,1.20,,1.00,1.00,3.60,,
1013,KK-BRD-001,KK-BRD-001,,33,Inch,1.20,,1.00,1.00,3.60,,
1013,KK-BRD-001,KK-BRD-001,,P4_30,Inch,1.20,,1.00,1.00,3.60,,
1013,KK-BRD-001,KK-BRD-001,,P1B_33,Inch,1.20,,1.00,1.00,3.60,,
1013,KK-BRD-001,KK-BRD-001,,P1B_118,Inch,1.20,,1.00,1.00,3.60,,
1011,AFRO-BRD-001,AFRO-BRD-001,,1,Inch,4.20,,3.50,3.50,12.60,,
1011,AFRO-BRD-001,AFRO-BRD-001,,1B,Inch,4.20,,3.50,3.50,12.60,,
1011,AFRO-BRD-001,AFRO-BRD-001,,2,Inch,4.20,,3.50,3.50,12.60,,
1011,AFRO-BRD-001,AFRO-BRD-001,,4,Inch,4.20,,3.50,3.50,12.60,,
1011,AFRO-BRD-001,AFRO-BRD-001,,27,Inch,4.20,,3.50,3.50,12.60,,
1011,AFRO-BRD-001,AFRO-BRD-001,,30,Inch,4.20,,3.50,3.50,12.60,,
1011,AFRO-BRD-001,AFRO-BRD-001,,33,Inch,4.20,,3.50,3.50,12.60,,
1011,AFRO-BRD-001,AFRO-BRD-001,,P4_30,Inch,4.20,,3.50,3.50,12.60,,
1011,AFRO-BRD-001,AFRO-BRD-001,,P1B_33,Inch,4.20,,3.50,3.50,12.60,,
1011,AFRO-BRD-001,AFRO-BRD-001,,P1B_118,Inch,4.20,,3.50,3.50,12.60,,
1012,MARLEY-BRD-001,MARLEY-BRD-001,,1,Inch,3.00,,2.50,2.50,9.00,,
1012,MARLEY-BRD-001,MARLEY-BRD-001,,1B,Inch,3.00,,2.50,2.50,9.00,,
1012,MARLEY-BRD-001,MARLEY-BRD-001,,2,Inch,3.00,,2.50,2.50,9.00,,
1012,MARLEY-BRD-001,MARLEY-BRD-001,,4,Inch,3.00,,2.50,2.50,9.00,,
1012,MARLEY-BRD-001,MARLEY-BRD-001,,27,Inch,3.00,,2.50,2.50,9.00,,
1012,MARLEY-BRD-001,MARLEY-BRD-001,,30,Inch,3.00,,2.50,2.50,9.00,,
1012,MARLEY-BRD-001,MARLEY-BRD-001,,33,Inch,3.00,,2.50,2.50,9.00,,
1012,MARLEY-BRD-001,MARLEY-BRD-001,,P4_30,Inch,3.00,,2.50,2.50,9.00,,
1012,MARLEY-BRD-001,MARLEY-BRD-001,,P1B_33,Inch,3.00,,2.50,2.50,9.00,,
1012,MARLEY-BRD-001,MARLEY-BRD-001,,P1B_118,Inch,3.00,,2.50,2.50,9.00,,
1010,DEJA-SY ,DEJA-SY ,8,1,Inch,9.00,,7.50,7.50,27.00,,
1010,DEJA-SY ,DEJA-SY ,8,1B,Inch,9.00,,7.50,7.50,27.00,,
1010,DEJA-SY ,DEJA-SY ,8,2,Inch,9.00,,7.50,7.50,27.00,,
1010,DEJA-SY ,DEJA-SY ,8,4,Inch,9.00,,7.50,7.50,27.00,,
1010,DEJA-SY ,DEJA-SY ,8,27,Inch,10.20,,8.50,8.50,30.60,,
1010,DEJA-SY ,DEJA-SY ,8,30,Inch,9.00,,7.50,7.50,27.00,,
1010,DEJA-SY ,DEJA-SY ,8,33,Inch,9.00,,7.50,7.50,27.00,,
1010,DEJA-SY ,DEJA-SY ,8,P1B_27,Inch,11.40,,9.50,9.50,34.20,,
1010,DEJA-SY ,DEJA-SY ,8,P1B_30,Inch,11.40,,9.50,9.50,34.20,,
1010,DEJA-SY ,DEJA-SY ,8,P4_27,Inch,11.40,,9.50,9.50,34.20,,
1010,DEJA-SY ,DEJA-SY ,8,P4_30,Inch,11.40,,9.50,9.50,34.20,,
1010,DEJA-SY ,DEJA-SY ,10,1,Inch,12.00,,10.00,10.00,36.00,,
1010,DEJA-SY ,DEJA-SY ,10,1B,Inch,12.00,,10.00,10.00,36.00,,
1010,DEJA-SY ,DEJA-SY ,10,2,Inch,12.00,,10.00,10.00,36.00,,
1010,DEJA-SY ,DEJA-SY ,10,4,Inch,12.00,,10.00,10.00,36.00,,
1010,DEJA-SY ,DEJA-SY ,10,27,Inch,13.20,,11.00,11.00,39.60,,
1010,DEJA-SY ,DEJA-SY ,10,30,Inch,12.00,,10.00,10.00,36.00,,
1010,DEJA-SY ,DEJA-SY ,10,33,Inch,12.00,,10.00,10.00,36.00,,
1010,DEJA-SY ,DEJA-SY ,10,P1B_27,Inch,14.40,,12.00,12.00,43.20,,
1010,DEJA-SY ,DEJA-SY ,10,P1B_30,Inch,14.40,,12.00,12.00,43.20,,
1010,DEJA-SY ,DEJA-SY ,10,P4_27,Inch,14.40,,12.00,12.00,43.20,,
1010,DEJA-SY ,DEJA-SY ,10,P4_30,Inch,14.40,,12.00,12.00,43.20,,
1010,DEJA-SY ,DEJA-SY ,12,1,Inch,17.40,,14.50,14.50,52.20,,
1010,DEJA-SY ,DEJA-SY ,12,1B,Inch,17.40,,14.50,14.50,52.20,,
1010,DEJA-SY ,DEJA-SY ,12,2,Inch,17.40,,14.50,14.50,52.20,,
1010,DEJA-SY ,DEJA-SY ,12,4,Inch,17.40,,14.50,14.50,52.20,,
1010,DEJA-SY ,DEJA-SY ,12,27,Inch,18.60,,15.50,15.50,55.80,,
1010,DEJA-SY ,DEJA-SY ,12,30,Inch,17.40,,14.50,14.50,52.20,,
1010,DEJA-SY ,DEJA-SY ,12,33,Inch,17.40,,14.50,14.50,52.20,,
1010,DEJA-SY ,DEJA-SY ,12,P1B_27,Inch,19.80,,16.50,16.50,59.40,,
1010,DEJA-SY ,DEJA-SY ,12,P1B_30,Inch,19.80,,16.50,16.50,59.40,,
1010,DEJA-SY ,DEJA-SY ,12,P4_27,Inch,19.80,,16.50,16.50,59.40,,
1010,DEJA-SY ,DEJA-SY ,12,P4_30,Inch,19.80,,16.50,16.50,59.40,,
1010,DEJA-SY ,DEJA-SY ,14,1,Inch,25.20,,21.00,21.00,75.60,,
1010,DEJA-SY ,DEJA-SY ,14,1B,Inch,25.20,,21.00,21.00,75.60,,
1010,DEJA-SY ,DEJA-SY ,14,2,Inch,25.20,,21.00,21.00,75.60,,
1010,DEJA-SY ,DEJA-SY ,14,4,Inch,25.20,,21.00,21.00,75.60,,
1010,DEJA-SY ,DEJA-SY ,14,27,Inch,26.40,,22.00,22.00,79.20,,
1010,DEJA-SY ,DEJA-SY ,14,30,Inch,25.20,,21.00,21.00,75.60,,
1010,DEJA-SY ,DEJA-SY ,14,33,Inch,25.20,,21.00,21.00,75.60,,
1010,DEJA-SY ,DEJA-SY ,14,P1B_27,Inch,27.60,,23.00,23.00,82.80,,
1010,DEJA-SY ,DEJA-SY ,14,P1B_30,Inch,27.60,,23.00,23.00,82.80,,
1010,DEJA-SY ,DEJA-SY ,14,P4_27,Inch,27.60,,23.00,23.00,82.80,,
1010,DEJA-SY ,DEJA-SY ,14,P4_30,Inch,27.60,,23.00,23.00,82.80,,
1010,DEJA-SY ,DEJA-SY ,16,1,Inch,30.60,,25.50,25.50,91.80,,
1010,DEJA-SY ,DEJA-SY ,16,1B,Inch,30.60,,25.50,25.50,91.80,,
1010,DEJA-SY ,DEJA-SY ,16,2,Inch,30.60,,25.50,25.50,91.80,,
1010,DEJA-SY ,DEJA-SY ,16,4,Inch,30.60,,25.50,25.50,91.80,,
1010,DEJA-SY ,DEJA-SY ,16,27,Inch,31.80,,26.50,26.50,95.40,,
1010,DEJA-SY ,DEJA-SY ,16,30,Inch,30.60,,25.50,25.50,91.80,,
1010,DEJA-SY ,DEJA-SY ,16,33,Inch,30.60,,25.50,25.50,91.80,,
1010,DEJA-SY ,DEJA-SY ,16,P1B_27,Inch,33.00,,27.50,27.50,99.00,,
1010,DEJA-SY ,DEJA-SY ,16,P1B_30,Inch,33.00,,27.50,27.50,99.00,,
1010,DEJA-SY ,DEJA-SY ,16,P4_27,Inch,33.00,,27.50,27.50,99.00,,
1010,DEJA-SY ,DEJA-SY ,16,P4_30,Inch,33.00,,27.50,27.50,99.00,,
1010,DEJA-SY ,DEJA-SY ,18,1,Inch,39.00,,32.50,32.50,117.00,,
1010,DEJA-SY ,DEJA-SY ,18,1B,Inch,39.00,,32.50,32.50,117.00,,
1010,DEJA-SY ,DEJA-SY ,18,2,Inch,39.00,,32.50,32.50,117.00,,
1010,DEJA-SY ,DEJA-SY ,18,4,Inch,39.00,,32.50,32.50,117.00,,
1010,DEJA-SY ,DEJA-SY ,18,27,Inch,40.20,,33.50,33.50,120.60,,
1010,DEJA-SY ,DEJA-SY ,18,30,Inch,39.00,,32.50,32.50,117.00,,
1010,DEJA-SY ,DEJA-SY ,18,33,Inch,39.00,,32.50,32.50,117.00,,
1010,DEJA-SY ,DEJA-SY ,18,P1B_27,Inch,41.40,,34.50,34.50,124.20,,
1010,DEJA-SY ,DEJA-SY ,18,P1B_30,Inch,41.40,,34.50,34.50,124.20,,
1010,DEJA-SY ,DEJA-SY ,18,P4_27,Inch,41.40,,34.50,34.50,124.20,,
1010,DEJA-SY ,DEJA-SY ,18,P4_30,Inch,41.40,,34.50,34.50,124.20,,
1008,DEJA-DW,DEJA-DW,10,1,Inch,13.80,,11.50,11.50,41.40,,
1008,DEJA-DW,DEJA-DW,10,1B,Inch,13.80,,11.50,11.50,41.40,,
1008,DEJA-DW,DEJA-DW,10,2,Inch,13.80,,11.50,11.50,41.40,,
1008,DEJA-DW,DEJA-DW,10,4,Inch,13.80,,11.50,11.50,41.40,,
1008,DEJA-DW,DEJA-DW,10,27,Inch,15.00,,12.50,12.50,45.00,,
1008,DEJA-DW,DEJA-DW,10,30,Inch,13.80,,11.50,11.50,41.40,,
1008,DEJA-DW,DEJA-DW,10,33,Inch,13.80,,11.50,11.50,41.40,,
1008,DEJA-DW,DEJA-DW,10,P1B_27,Inch,16.20,,13.50,13.50,48.60,,
1008,DEJA-DW,DEJA-DW,10,P1B_30,Inch,16.20,,13.50,13.50,48.60,,
1008,DEJA-DW,DEJA-DW,10,P4_27,Inch,16.20,,13.50,13.50,48.60,,
1008,DEJA-DW,DEJA-DW,10,P4_30,Inch,16.20,,13.50,13.50,48.60,,
1008,DEJA-DW,DEJA-DW,12,1,Inch,19.80,,16.50,16.50,59.40,,
1008,DEJA-DW,DEJA-DW,12,1B,Inch,19.80,,16.50,16.50,59.40,,
1008,DEJA-DW,DEJA-DW,12,2,Inch,19.80,,16.50,16.50,59.40,,
1008,DEJA-DW,DEJA-DW,12,4,Inch,19.80,,16.50,16.50,59.40,,
1008,DEJA-DW,DEJA-DW,12,27,Inch,21.00,,17.50,17.50,63.00,,
1008,DEJA-DW,DEJA-DW,12,30,Inch,19.80,,16.50,16.50,59.40,,
1008,DEJA-DW,DEJA-DW,12,33,Inch,19.80,,16.50,16.50,59.40,,
1008,DEJA-DW,DEJA-DW,12,P1B_27,Inch,22.20,,18.50,18.50,66.60,,
1008,DEJA-DW,DEJA-DW,12,P1B_30,Inch,22.20,,18.50,18.50,66.60,,
1008,DEJA-DW,DEJA-DW,12,P4_27,Inch,22.20,,18.50,18.50,66.60,,
1008,DEJA-DW,DEJA-DW,12,P4_30,Inch,22.20,,18.50,18.50,66.60,,
1008,DEJA-DW,DEJA-DW,14,1,Inch,27.00,,22.50,22.50,81.00,,
1008,DEJA-DW,DEJA-DW,14,1B,Inch,27.00,,22.50,22.50,81.00,,
1008,DEJA-DW,DEJA-DW,14,2,Inch,27.00,,22.50,22.50,81.00,,
1008,DEJA-DW,DEJA-DW,14,4,Inch,27.00,,22.50,22.50,81.00,,
1008,DEJA-DW,DEJA-DW,14,27,Inch,28.20,,23.50,23.50,84.60,,
1008,DEJA-DW,DEJA-DW,14,30,Inch,27.00,,22.50,22.50,81.00,,
1008,DEJA-DW,DEJA-DW,14,33,Inch,27.00,,22.50,22.50,81.00,,
1008,DEJA-DW,DEJA-DW,14,P1B_27,Inch,29.40,,24.50,24.50,88.20,,
1008,DEJA-DW,DEJA-DW,14,P1B_30,Inch,29.40,,24.50,24.50,88.20,,
1008,DEJA-DW,DEJA-DW,14,P4_27,Inch,29.40,,24.50,24.50,88.20,,
1008,DEJA-DW,DEJA-DW,14,P4_30,Inch,29.40,,24.50,24.50,88.20,,
1008,DEJA-DW,DEJA-DW,16,1,Inch,33.00,,27.50,27.50,99.00,,
1008,DEJA-DW,DEJA-DW,16,1B,Inch,33.00,,27.50,27.50,99.00,,
1008,DEJA-DW,DEJA-DW,16,2,Inch,33.00,,27.50,27.50,99.00,,
1008,DEJA-DW,DEJA-DW,16,4,Inch,33.00,,27.50,27.50,99.00,,
1008,DEJA-DW,DEJA-DW,16,27,Inch,34.20,,28.50,28.50,102.60,,
1008,DEJA-DW,DEJA-DW,16,30,Inch,33.00,,27.50,27.50,99.00,,
1008,DEJA-DW,DEJA-DW,16,33,Inch,33.00,,27.50,27.50,99.00,,
1008,DEJA-DW,DEJA-DW,16,P1B_27,Inch,35.40,,29.50,29.50,106.20,,
1008,DEJA-DW,DEJA-DW,16,P1B_30,Inch,35.40,,29.50,29.50,106.20,,
1008,DEJA-DW,DEJA-DW,16,P4_27,Inch,35.40,,29.50,29.50,106.20,,
1008,DEJA-DW,DEJA-DW,16,P4_30,Inch,35.40,,29.50,29.50,106.20,,
1008,DEJA-DW,DEJA-DW,18,1,Inch,40.80,,34.00,34.00,122.40,,
1008,DEJA-DW,DEJA-DW,18,1B,Inch,40.80,,34.00,34.00,122.40,,
1008,DEJA-DW,DEJA-DW,18,2,Inch,40.80,,34.00,34.00,122.40,,
1008,DEJA-DW,DEJA-DW,18,4,Inch,40.80,,34.00,34.00,122.40,,
1008,DEJA-DW,DEJA-DW,18,27,Inch,42.00,,35.00,35.00,126.00,,
1008,DEJA-DW,DEJA-DW,18,30,Inch,40.80,,34.00,34.00,122.40,,
1008,DEJA-DW,DEJA-DW,18,33,Inch,40.80,,34.00,34.00,122.40,,
1008,DEJA-DW,DEJA-DW,18,P1B_27,Inch,43.20,,36.00,36.00,129.60,,
1008,DEJA-DW,DEJA-DW,18,P1B_30,Inch,43.20,,36.00,36.00,129.60,,
1008,DEJA-DW,DEJA-DW,18,P4_27,Inch,43.20,,36.00,36.00,129.60,,
1008,DEJA-DW,DEJA-DW,18,P4_30,Inch,43.20,,36.00,36.00,129.60,,
1009,DEJA-SC,DEJA-SC,10,1,Inch,14.40,,12.00,12.00,43.20,,
1009,DEJA-SC,DEJA-SC,10,1B,Inch,14.40,,12.00,12.00,43.20,,
1009,DEJA-SC,DEJA-SC,10,2,Inch,14.40,,12.00,12.00,43.20,,
1009,DEJA-SC,DEJA-SC,10,4,Inch,14.40,,12.00,12.00,43.20,,
1009,DEJA-SC,DEJA-SC,10,27,Inch,15.60,,13.00,13.00,46.80,,
1009,DEJA-SC,DEJA-SC,10,30,Inch,14.40,,12.00,12.00,43.20,,
1009,DEJA-SC,DEJA-SC,10,33,Inch,14.40,,12.00,12.00,43.20,,
1009,DEJA-SC,DEJA-SC,10,P1B_27,Inch,16.80,,14.00,14.00,50.40,,
1009,DEJA-SC,DEJA-SC,10,P1B_30,Inch,16.80,,14.00,14.00,50.40,,
1009,DEJA-SC,DEJA-SC,10,P4_27,Inch,16.80,,14.00,14.00,50.40,,
1009,DEJA-SC,DEJA-SC,10,P4_30,Inch,16.80,,14.00,14.00,50.40,,
1009,DEJA-SC,DEJA-SC,12,1,Inch,20.40,,17.00,17.00,61.20,,
1009,DEJA-SC,DEJA-SC,12,1B,Inch,20.40,,17.00,17.00,61.20,,
1009,DEJA-SC,DEJA-SC,12,2,Inch,20.40,,17.00,17.00,61.20,,
1009,DEJA-SC,DEJA-SC,12,4,Inch,20.40,,17.00,17.00,61.20,,
1009,DEJA-SC,DEJA-SC,12,27,Inch,21.60,,18.00,18.00,64.80,,
1009,DEJA-SC,DEJA-SC,12,30,Inch,20.40,,17.00,17.00,61.20,,
1009,DEJA-SC,DEJA-SC,12,33,Inch,20.40,,17.00,17.00,61.20,,
1009,DEJA-SC,DEJA-SC,12,P1B_27,Inch,22.80,,19.00,19.00,68.40,,
1009,DEJA-SC,DEJA-SC,12,P1B_30,Inch,22.80,,19.00,19.00,68.40,,
1009,DEJA-SC,DEJA-SC,12,P4_27,Inch,22.80,,19.00,19.00,68.40,,
1009,DEJA-SC,DEJA-SC,12,P4_30,Inch,22.80,,19.00,19.00,68.40,,
1009,DEJA-SC,DEJA-SC,14,1,Inch,27.60,,23.00,23.00,82.80,,
1009,DEJA-SC,DEJA-SC,14,1B,Inch,27.60,,23.00,23.00,82.80,,
1009,DEJA-SC,DEJA-SC,14,2,Inch,27.60,,23.00,23.00,82.80,,
1009,DEJA-SC,DEJA-SC,14,4,Inch,27.60,,23.00,23.00,82.80,,
1009,DEJA-SC,DEJA-SC,14,27,Inch,28.80,,24.00,24.00,86.40,,
1009,DEJA-SC,DEJA-SC,14,30,Inch,27.60,,23.00,23.00,82.80,,
1009,DEJA-SC,DEJA-SC,14,33,Inch,27.60,,23.00,23.00,82.80,,
1009,DEJA-SC,DEJA-SC,14,P1B_27,Inch,30.00,,25.00,25.00,90.00,,
1009,DEJA-SC,DEJA-SC,14,P1B_30,Inch,30.00,,25.00,25.00,90.00,,
1009,DEJA-SC,DEJA-SC,14,P4_27,Inch,30.00,,25.00,25.00,90.00,,
1009,DEJA-SC,DEJA-SC,14,P4_30,Inch,30.00,,25.00,25.00,90.00,,
1009,DEJA-SC,DEJA-SC,16,1,Inch,33.60,,28.00,28.00,100.80,,
1009,DEJA-SC,DEJA-SC,16,1B,Inch,33.60,,28.00,28.00,100.80,,
1009,DEJA-SC,DEJA-SC,16,2,Inch,33.60,,28.00,28.00,100.80,,
1009,DEJA-SC,DEJA-SC,16,4,Inch,33.60,,28.00,28.00,100.80,,
1009,DEJA-SC,DEJA-SC,16,27,Inch,34.80,,29.00,29.00,104.40,,
1009,DEJA-SC,DEJA-SC,16,30,Inch,33.60,,28.00,28.00,100.80,,
1009,DEJA-SC,DEJA-SC,16,33,Inch,33.60,,28.00,28.00,100.80,,
1009,DEJA-SC,DEJA-SC,16,P1B_27,Inch,36.00,,30.00,30.00,108.00,,
1009,DEJA-SC,DEJA-SC,16,P1B_30,Inch,36.00,,30.00,30.00,108.00,,
1009,DEJA-SC,DEJA-SC,16,P4_27,Inch,36.00,,30.00,30.00,108.00,,
1009,DEJA-SC,DEJA-SC,16,P4_30,Inch,36.00,,30.00,30.00,108.00,,
1009,DEJA-SC,DEJA-SC,18,1,Inch,41.40,,34.50,34.50,124.20,,
1009,DEJA-SC,DEJA-SC,18,1B,Inch,41.40,,34.50,34.50,124.20,,
1009,DEJA-SC,DEJA-SC,18,2,Inch,41.40,,34.50,34.50,124.20,,
1009,DEJA-SC,DEJA-SC,18,4,Inch,41.40,,34.50,34.50,124.20,,
1009,DEJA-SC,DEJA-SC,18,27,Inch,42.60,,35.50,35.50,127.80,,
1009,DEJA-SC,DEJA-SC,18,30,Inch,41.40,,34.50,34.50,124.20,,
1009,DEJA-SC,DEJA-SC,18,33,Inch,41.40,,34.50,34.50,124.20,,
1009,DEJA-SC,DEJA-SC,18,P1B_27,Inch,43.80,,36.50,36.50,131.40,,
1009,DEJA-SC,DEJA-SC,18,P1B_30,Inch,43.80,,36.50,36.50,131.40,,
1009,DEJA-SC,DEJA-SC,18,P4_27,Inch,43.80,,36.50,36.50,131.40,,
1009,DEJA-SC,DEJA-SC,18,P4_30,Inch,43.80,,36.50,36.50,131.40,,
1007,DEJA-BW,DEJA-BW,10,1,Inch,12.60,,10.50,10.50,37.80,,
1007,DEJA-BW,DEJA-BW,10,1B,Inch,12.60,,10.50,10.50,37.80,,
1007,DEJA-BW,DEJA-BW,10,2,Inch,12.60,,10.50,10.50,37.80,,
1007,DEJA-BW,DEJA-BW,10,4,Inch,12.60,,10.50,10.50,37.80,,
1007,DEJA-BW,DEJA-BW,10,27,Inch,13.80,,11.50,11.50,41.40,,
1007,DEJA-BW,DEJA-BW,10,30,Inch,12.60,,10.50,10.50,37.80,,
1007,DEJA-BW,DEJA-BW,10,33,Inch,12.60,,10.50,10.50,37.80,,
1007,DEJA-BW,DEJA-BW,10,P1B_27,Inch,15.00,,12.50,12.50,45.00,,
1007,DEJA-BW,DEJA-BW,10,P1B_30,Inch,15.00,,12.50,12.50,45.00,,
1007,DEJA-BW,DEJA-BW,10,P4_27,Inch,15.00,,12.50,12.50,45.00,,
1007,DEJA-BW,DEJA-BW,10,P4_30,Inch,15.00,,12.50,12.50,45.00,,
1007,DEJA-BW,DEJA-BW,12,1,Inch,18.00,,15.00,15.00,54.00,,
1007,DEJA-BW,DEJA-BW,12,1B,Inch,18.00,,15.00,15.00,54.00,,
1007,DEJA-BW,DEJA-BW,12,2,Inch,18.00,,15.00,15.00,54.00,,
1007,DEJA-BW,DEJA-BW,12,4,Inch,18.00,,15.00,15.00,54.00,,
1007,DEJA-BW,DEJA-BW,12,27,Inch,19.20,,16.00,16.00,57.60,,
1007,DEJA-BW,DEJA-BW,12,30,Inch,18.00,,15.00,15.00,54.00,,
1007,DEJA-BW,DEJA-BW,12,33,Inch,18.00,,15.00,15.00,54.00,,
1007,DEJA-BW,DEJA-BW,12,P1B_27,Inch,20.40,,17.00,17.00,61.20,,
1007,DEJA-BW,DEJA-BW,12,P1B_30,Inch,20.40,,17.00,17.00,61.20,,
1007,DEJA-BW,DEJA-BW,12,P4_27,Inch,20.40,,17.00,17.00,61.20,,
1007,DEJA-BW,DEJA-BW,12,P4_30,Inch,20.40,,17.00,17.00,61.20,,
1007,DEJA-BW,DEJA-BW,14,1,Inch,25.80,,21.50,21.50,77.40,,
1007,DEJA-BW,DEJA-BW,14,1B,Inch,25.80,,21.50,21.50,77.40,,
1007,DEJA-BW,DEJA-BW,14,2,Inch,25.80,,21.50,21.50,77.40,,
1007,DEJA-BW,DEJA-BW,14,4,Inch,25.80,,21.50,21.50,77.40,,
1007,DEJA-BW,DEJA-BW,14,27,Inch,27.00,,22.50,22.50,81.00,,
1007,DEJA-BW,DEJA-BW,14,30,Inch,25.80,,21.50,21.50,77.40,,
1007,DEJA-BW,DEJA-BW,14,33,Inch,25.80,,21.50,21.50,77.40,,
1007,DEJA-BW,DEJA-BW,14,P1B_27,Inch,28.20,,23.50,23.50,84.60,,
1007,DEJA-BW,DEJA-BW,14,P1B_30,Inch,28.20,,23.50,23.50,84.60,,
1007,DEJA-BW,DEJA-BW,14,P4_27,Inch,28.20,,23.50,23.50,84.60,,
1007,DEJA-BW,DEJA-BW,14,P4_30,Inch,28.20,,23.50,23.50,84.60,,
1007,DEJA-BW,DEJA-BW,16,1,Inch,31.80,,26.50,26.50,95.40,,
1007,DEJA-BW,DEJA-BW,16,1B,Inch,31.80,,26.50,26.50,95.40,,
1007,DEJA-BW,DEJA-BW,16,2,Inch,31.80,,26.50,26.50,95.40,,
1007,DEJA-BW,DEJA-BW,16,4,Inch,31.80,,26.50,26.50,95.40,,
1007,DEJA-BW,DEJA-BW,16,27,Inch,33.00,,27.50,27.50,99.00,,
1007,DEJA-BW,DEJA-BW,16,30,Inch,31.80,,26.50,26.50,95.40,,
1007,DEJA-BW,DEJA-BW,16,33,Inch,31.80,,26.50,26.50,95.40,,
1007,DEJA-BW,DEJA-BW,16,P1B_27,Inch,34.20,,28.50,28.50,102.60,,
1007,DEJA-BW,DEJA-BW,16,P1B_30,Inch,34.20,,28.50,28.50,102.60,,
1007,DEJA-BW,DEJA-BW,16,P4_27,Inch,34.20,,28.50,28.50,102.60,,
1007,DEJA-BW,DEJA-BW,16,P4_30,Inch,34.20,,28.50,28.50,102.60,,
1007,DEJA-BW,DEJA-BW,18,1,Inch,39.60,,33.00,33.00,118.80,,
1007,DEJA-BW,DEJA-BW,18,1B,Inch,39.60,,33.00,33.00,118.80,,
1007,DEJA-BW,DEJA-BW,18,2,Inch,39.60,,33.00,33.00,118.80,,
1007,DEJA-BW,DEJA-BW,18,4,Inch,39.60,,33.00,33.00,118.80,,
1007,DEJA-BW,DEJA-BW,18,27,Inch,40.80,,34.00,34.00,122.40,,
1007,DEJA-BW,DEJA-BW,18,30,Inch,39.60,,33.00,33.00,118.80,,
1007,DEJA-BW,DEJA-BW,18,33,Inch,39.60,,33.00,33.00,118.80,,
1007,DEJA-BW,DEJA-BW,18,P1B_27,Inch,42.00,,35.00,35.00,126.00,,
1007,DEJA-BW,DEJA-BW,18,P1B_30,Inch,42.00,,35.00,35.00,126.00,,
1007,DEJA-BW,DEJA-BW,18,P4_27,Inch,42.00,,35.00,35.00,126.00,,
1007,DEJA-BW,DEJA-BW,18,P4_30,Inch,42.00,,35.00,35.00,126.00,,
1006,SHUNFA-ST,SHUNFA-ST,10,Natural,Inch,42.60,,35.50,35.50,127.80,,
1006,SHUNFA-ST,SHUNFA-ST,12,Natural,Inch,49.80,,41.50,41.50,149.40,,
1006,SHUNFA-ST,SHUNFA-ST,14,Natural,Inch,54.60,,45.50,45.50,163.80,,
1006,SHUNFA-ST,SHUNFA-ST,16,Natural,Inch,61.80,,51.50,51.50,185.40,,
1006,SHUNFA-ST,SHUNFA-ST,18,Natural,Inch,81.00,,67.50,67.50,243.00,,
1006,SHUNFA-ST,SHUNFA-ST,20,Natural,Inch,84.60,,70.50,70.50,253.80,,
1006,SHUNFA-ST,SHUNFA-ST,22,Natural,Inch,91.80,,76.50,76.50,275.40,,
1006,SHUNFA-ST,SHUNFA-ST,24,Natural,Inch,105.00,,87.50,87.50,315.00,,
1006,SHUNFA-ST,SHUNFA-ST,26,Natural,Inch,113.40,,94.50,94.50,340.20,,
1004,SHUNFA-NW ,SHUNFA-NW ,10,Natural,Inch,42.60,,35.50,35.50,127.80,,
1004,SHUNFA-NW ,SHUNFA-NW ,12,Natural,Inch,49.80,,41.50,41.50,149.40,,
1004,SHUNFA-NW ,SHUNFA-NW ,14,Natural,Inch,54.60,,45.50,45.50,163.80,,
1004,SHUNFA-NW ,SHUNFA-NW ,16,Natural,Inch,61.80,,51.50,51.50,185.40,,
1004,SHUNFA-NW ,SHUNFA-NW ,18,Natural,Inch,81.00,,67.50,67.50,243.00,,
1004,SHUNFA-NW ,SHUNFA-NW ,20,Natural,Inch,84.60,,70.50,70.50,253.80,,
1004,SHUNFA-NW ,SHUNFA-NW ,22,Natural,Inch,91.80,,76.50,76.50,275.40,,
1004,SHUNFA-NW ,SHUNFA-NW ,24,Natural,Inch,105.00,,87.50,87.50,315.00,,
1004,SHUNFA-NW ,SHUNFA-NW ,26,Natural,Inch,113.40,,94.50,94.50,340.20,,
1005,SHUNFA-BW ,SHUNFA-BW ,10,Natural,Inch,43.20,,36.00,36.00,129.60,,
1005,SHUNFA-BW ,SHUNFA-BW ,12,Natural,Inch,49.80,,41.50,41.50,149.40,,
1005,SHUNFA-BW ,SHUNFA-BW ,14,Natural,Inch,55.20,,46.00,46.00,165.60,,
1005,SHUNFA-BW ,SHUNFA-BW ,16,Natural,Inch,61.80,,51.50,51.50,185.40,,
1005,SHUNFA-BW ,SHUNFA-BW ,18,Natural,Inch,81.00,,67.50,67.50,243.00,,
1005,SHUNFA-BW ,SHUNFA-BW ,20,Natural,Inch,84.60,,70.50,70.50,253.80,,
1005,SHUNFA-BW ,SHUNFA-BW ,22,Natural,Inch,92.40,,77.00,77.00,277.20,,
1005,SHUNFA-BW ,SHUNFA-BW ,24,Natural,Inch,105.60,,88.00,88.00,316.80,,
1005,SHUNFA-BW ,SHUNFA-BW ,26,Natural,Inch,114.00,,95.00,95.00,342.00,,
1000,MYANMAR-NW,MYANMAR-NW,10,Natural,Inch,24.60,,20.50,20.50,73.80,,
1000,MYANMAR-NW,MYANMAR-NW,12,Natural,Inch,29.40,,24.50,24.50,88.20,,
1000,MYANMAR-NW,MYANMAR-NW,14,Natural,Inch,34.80,,29.00,29.00,104.40,,
1000,MYANMAR-NW,MYANMAR-NW,16,Natural,Inch,40.20,,33.50,33.50,120.60,,
1000,MYANMAR-NW,MYANMAR-NW,18,Natural,Inch,45.00,,37.50,37.50,135.00,,
1000,MYANMAR-NW,MYANMAR-NW,20,Natural,Inch,49.80,,41.50,41.50,149.40,,
1000,MYANMAR-NW,MYANMAR-NW,22,Natural,Inch,55.80,,46.50,46.50,167.40,,
1000,MYANMAR-NW,MYANMAR-NW,24,Natural,Inch,60.00,,50.00,50.00,180.00,,
1000,MYANMAR-NW,MYANMAR-NW,26,Natural,Inch,65.40,,54.50,54.50,196.20,,
1001,MYANMAR-BD,MYANMAR-BD,10,Natural,Inch,25.20,,21.00,21.00,75.60,,
1001,MYANMAR-BD,MYANMAR-BD,12,Natural,Inch,30.00,,25.00,25.00,90.00,,
1001,MYANMAR-BD,MYANMAR-BD,14,Natural,Inch,35.40,,29.50,29.50,106.20,,
1001,MYANMAR-BD,MYANMAR-BD,16,Natural,Inch,40.20,,33.50,33.50,120.60,,
1001,MYANMAR-BD,MYANMAR-BD,18,Natural,Inch,45.60,,38.00,38.00,136.80,,
1001,MYANMAR-BD,MYANMAR-BD,20,Natural,Inch,51.00,,42.50,42.50,153.00,,
1001,MYANMAR-BD,MYANMAR-BD,22,Natural,Inch,55.80,,46.50,46.50,167.40,,
1001,MYANMAR-BD,MYANMAR-BD,24,Natural,Inch,60.60,,50.50,50.50,181.80,,
1001,MYANMAR-BD,MYANMAR-BD,26,Natural,Inch,66.00,,55.00,55.00,198.00,,
1002,MYANMAR-SC,MYANMAR-SC,10,Natural,Inch,27.00,,22.50,22.50,81.00,,
1002,MYANMAR-SC,MYANMAR-SC,12,Natural,Inch,32.40,,27.00,27.00,97.20,,
1002,MYANMAR-SC,MYANMAR-SC,14,Natural,Inch,37.80,,31.50,31.50,113.40,,
1002,MYANMAR-SC,MYANMAR-SC,16,Natural,Inch,42.60,,35.50,35.50,127.80,,
1002,MYANMAR-SC,MYANMAR-SC,18,Natural,Inch,47.40,,39.50,39.50,142.20,,
1002,MYANMAR-SC,MYANMAR-SC,20,Natural,Inch,52.80,,44.00,44.00,158.40,,
1002,MYANMAR-SC,MYANMAR-SC,22,Natural,Inch,58.20,,48.50,48.50,174.60,,
1002,MYANMAR-SC,MYANMAR-SC,24,Natural,Inch,63.00,,52.50,52.50,189.00,,
1002,MYANMAR-SC,MYANMAR-SC,26,Natural,Inch,67.80,,56.50,56.50,203.40,,
1003,MYANMAR-ST,MYANMAR-ST,10,Natural,Inch,24.60,,20.50,20.50,73.80,,
1003,MYANMAR-ST,MYANMAR-ST,12,Natural,Inch,29.40,,24.50,24.50,88.20,,
1003,MYANMAR-ST,MYANMAR-ST,14,Natural,Inch,34.80,,29.00,29.00,104.40,,
1003,MYANMAR-ST,MYANMAR-ST,16,Natural,Inch,40.20,,33.50,33.50,120.60,,
1003,MYANMAR-ST,MYANMAR-ST,18,Natural,Inch,45.00,,37.50,37.50,135.00,,
1003,MYANMAR-ST,MYANMAR-ST,20,Natural,Inch,49.80,,41.50,41.50,149.40,,
1003,MYANMAR-ST,MYANMAR-ST,22,Natural,Inch,55.80,,46.50,46.50,167.40,,
1003,MYANMAR-ST,MYANMAR-ST,24,Natural,Inch,60.00,,50.00,50.00,180.00,,
1003,MYANMAR-ST,MYANMAR-ST,26,Natural,Inch,65.40,,54.50,54.50,196.20,,
