ID,PRODUCT_CODE,SKU,LENGTH,COLOR,TYPE,PRICE,STOCK,MANUFACTUREPRICE,WHOLESALEPRICE,REGULARPRICE,,,,
1015,AALAHNI,AALAHNI,,1,Inch,48.50,20,41.00,41.00,97.00,,,,
1015,AALAHNI,AALAHNI,,1B,Inch,48.50,20,41.00,41.00,97.00,,,,
1015,AALAHNI,AALAHNI,,2,Inch,48.50,20,41.00,41.00,97.00,,,,
1015,AALAHNI,AALAHNI,,4,Inch,48.50,20,41.00,41.00,97.00,,,,
1015,AALAHNI,AALAHNI,,27,Inch,48.50,10,41.00,41.00,97.00,,,,
1015,AALAHNI,AALAHNI,,30,Inch,48.50,10,41.00,41.00,97.00,,,,
1015,AALAHNI,AALAHNI,,33,Inch,48.50,10,41.00,41.00,97.00,,,,
1015,AALAHNI,AALAHNI,,F1B_30,Inch,48.50,10,41.00,41.00,97.00,,,,
1015,AALAHNI,AALAHNI,,F4_27,Inch,48.50,10,41.00,41.00,97.00,,,,
1015,AALAHNI,AALAHNI,,F4_30,Inch,48.50,10,41.00,41.00,97.00,,,,
1011,AFRO-BRD-001,AFRO-BRD-001,,1,Inch,4.40,0,3.70,3.70,8.80,,,,
1011,AFRO-BRD-001,AFRO-BRD-001,,1B,Inch,4.40,0,3.70,3.70,8.80,,,,
1011,AFRO-BRD-001,AFRO-BRD-001,,2,Inch,4.40,0,3.70,3.70,8.80,,,,
1011,AFRO-BRD-001,AFRO-BRD-001,,4,Inch,4.40,0,3.70,3.70,8.80,,,,
1011,AFRO-BRD-001,AFRO-BRD-001,,27,Inch,4.40,0,3.70,3.70,8.80,,,,
1011,AFRO-BRD-001,AFRO-BRD-001,,30,Inch,4.40,0,3.70,3.70,8.80,,,,
1011,AFRO-BRD-001,AFRO-BRD-001,,33,Inch,4.40,0,3.70,3.70,8.80,,,,
1011,AFRO-BRD-001,AFRO-BRD-001,,P4_30,Inch,4.40,0,3.70,3.70,8.80,,,,
1011,AFRO-BRD-001,AFRO-BRD-001,,P1B_33,Inch,4.40,0,3.70,3.70,8.80,,,,
1011,AFRO-BRD-001,AFRO-BRD-001,,P1B_118,Inch,4.40,0,3.70,3.70,8.80,,,,
1016,ALICIA,ALICIA,,1,Inch,17.65,20.00,15.00,15.00,35.29,,,,
1016,ALICIA,ALICIA,,1B,Inch,17.65,20.00,15.00,15.00,35.29,,,,
1016,ALICIA,ALICIA,,2,Inch,17.65,20.00,15.00,15.00,35.29,,,,
1016,ALICIA,ALICIA,,4,Inch,17.65,20.00,15.00,15.00,35.29,,,,
1016,ALICIA,ALICIA,,27,Inch,17.65,10.00,15.00,15.00,35.29,,,,
1016,ALICIA,ALICIA,,30,Inch,17.65,10.00,15.00,15.00,35.29,,,,
1016,ALICIA,ALICIA,,33,Inch,17.65,10.00,15.00,15.00,35.29,,,,
1016,ALICIA,ALICIA,,F1B_30,Inch,17.65,10.00,15.00,15.00,35.29,,,,
1016,ALICIA,ALICIA,,F4_27,Inch,17.65,10.00,15.00,15.00,35.29,,,,
1016,ALICIA,ALICIA,,F4_30,Inch,17.65,10.00,15.00,15.00,35.29,,,,
1,ALYSSA,ALYSSA,,1,Inch,12.35,96,10.50,10.50,24.71,,,,
1,ALYSSA,ALYSSA,,1B,Inch,12.35,149,10.50,10.50,24.71,,,,
1,ALYSSA,ALYSSA,,2,Inch,12.35,97,10.50,10.50,24.71,,,,
1,ALYSSA,ALYSSA,,4,Inch,12.35,74,10.50,10.50,24.71,,,,
1,ALYSSA,ALYSSA,,F1B_30,Inch,12.35,48,10.50,10.50,24.71,,,,
1,ALYSSA,ALYSSA,,F1B_BURG,Inch,12.35,48,10.50,10.50,24.71,,,,
1,ALYSSA,ALYSSA,,F4_30,Inch,12.35,49,10.50,10.50,24.71,,,,
1,ALYSSA,ALYSSA,,T4_30_27,Inch,12.35,49,10.50,10.50,24.71,,,,
22,AMANDA ,AMANDA,,1,Inch,20.59,106,17.50,17.50,41.18,,,,
22,AMANDA ,AMANDA,,1B,Inch,20.59,149,17.50,17.50,41.18,,,,
22,AMANDA ,AMANDA,,2,Inch,20.59,108,17.50,17.50,41.18,,,,
22,AMANDA ,AMANDA,,3T1B_30,Inch,20.59,108,17.50,17.50,41.18,,,,
22,AMANDA ,AMANDA,,3T1B_33,Inch,24.12,42,20.50,20.50,48.24,,,,
22,AMANDA ,AMANDA,,3T4_613,Inch,24.12,0,20.50,20.50,48.24,,,,
22,AMANDA ,AMANDA,,3T5004,Inch,24.12,0,20.50,20.50,48.24,,,,
22,AMANDA ,AMANDA,,4,Inch,24.12,43,20.50,20.50,48.24,,,,
22,AMANDA ,AMANDA,,DX2216,Inch,20.59,43,17.50,17.50,41.18,,,,
22,AMANDA ,AMANDA,,DX3147,Inch,20.59,42,17.50,17.50,41.18,,,,
22,AMANDA ,AMANDA,,DX4733,Inch,20.59,41,17.50,17.50,41.18,,,,
22,AMANDA ,AMANDA,,LX3316,Inch,20.59,43,17.50,17.50,41.18,,,,
22,AMANDA ,AMANDA,,SOM7002,Inch,24.12,44,20.50,20.50,48.24,,,,
22,AMANDA ,AMANDA,,SOM7003,Inch,24.12,43,20.50,20.50,48.24,,,,
22,AMANDA ,AMANDA,,SOM7005,Inch,24.12,44,20.50,20.50,48.24,,,,
22,AMANDA ,AMANDA,,SOM7008,Inch,24.12,43,20.50,20.50,48.24,,,,
22,AMANDA ,AMANDA,,SOM7016,Inch,24.12,43,20.50,20.50,48.24,,,,
22,AMANDA ,AMANDA,,TT_BURG,Inch,24.12,43,20.50,20.50,48.24,,,,
22,AMANDA ,AMANDA,,TT1B_RED,Inch,24.12,43,20.50,20.50,48.24,,,,
22,AMANDA ,AMANDA,,TT4_27,Inch,24.12,42,20.50,20.50,48.24,,,,
2,AMBER,AMBER,,1,Inch,13.53,95,11.50,11.50,27.06,,,,
2,AMBER,AMBER,,1B,Inch,13.53,148,11.50,11.50,27.06,,,,
2,AMBER,AMBER,,2,Inch,13.53,98,11.50,11.50,27.06,,,,
2,AMBER,AMBER,,4,Inch,13.53,74,11.50,11.50,27.06,,,,
2,AMBER,AMBER,,F1B_30,Inch,13.53,50,11.50,11.50,27.06,,,,
2,AMBER,AMBER,,F1B_BURG,Inch,13.53,49,11.50,11.50,27.06,,,,
2,AMBER,AMBER,,F4_30,Inch,13.53,49,11.50,11.50,27.06,,,,
2,AMBER,AMBER,,T4_30_27,Inch,13.53,47,11.50,11.50,27.06,,,,
18,AND-STW,AND-STW,16,1,Inch,50.00,297,42.50,42.50,100.00,,,,
18,AND-STW,AND-STW,16,001B,Inch,50.00,297,42.50,42.50,100.00,,,,
18,AND-STW,AND-STW,16,2,Inch,50.00,98,42.50,42.50,100.00,,,,
18,AND-STW,AND-STW,16,4,Inch,50.00,98,42.50,42.50,100.00,,,,
18,AND-STW,AND-STW,16,6,Inch,50.00,1,42.50,42.50,100.00,,,,
18,AND-STW,AND-STW,16,10,Inch,50.00,0,42.50,42.50,100.00,,,,
18,AND-STW,AND-STW,16,14,Inch,55.88,0,47.50,47.50,111.76,,,,
18,AND-STW,AND-STW,16,16,Inch,55.88,1,47.50,47.50,111.76,,,,
18,AND-STW,AND-STW,16,18,Inch,73.53,0,62.50,62.50,147.06,,,,
18,AND-STW,AND-STW,16,22,Inch,73.53,196,62.50,62.50,147.06,,,,
18,AND-STW,AND-STW,16,24,Inch,73.53,97,62.50,62.50,147.06,,,,
18,AND-STW,AND-STW,16,27,Inch,55.88,96,47.50,47.50,111.76,,,,
18,AND-STW,AND-STW,16,30,Inch,50.00,99,42.50,42.50,100.00,,,,
18,AND-STW,AND-STW,16,32A,Inch,50.00,99,42.50,42.50,100.00,,,,
18,AND-STW,AND-STW,16,33,Inch,50.00,100,42.50,42.50,100.00,,,,
18,AND-STW,AND-STW,16,35A,Inch,55.88,98,47.50,47.50,111.76,,,,
18,AND-STW,AND-STW,16,613,Inch,73.53,0,62.50,62.50,147.06,,,,
18,AND-STW,AND-STW,16,613B,Inch,73.53,393,62.50,62.50,147.06,,,,
18,AND-STW,AND-STW,16,LT.SILVER,Inch,73.53,86,62.50,62.50,147.06,,,,
18,AND-STW,AND-STW,16,P10_16,Inch,55.88,193,47.50,47.50,111.76,,,,
18,AND-STW,AND-STW,16,P14_24,Inch,55.88,191,47.50,47.50,111.76,,,,
18,AND-STW,AND-STW,16,P16_24,Inch,55.88,95,47.50,47.50,111.76,,,,
18,AND-STW,AND-STW,16,P18_22,Inch,73.53,190,62.50,62.50,147.06,,,,
18,AND-STW,AND-STW,16,P2_27,Inch,55.88,99,47.50,47.50,111.76,,,,
18,AND-STW,AND-STW,16,P2_613,Inch,55.88,98,47.50,47.50,111.76,,,,
18,AND-STW,AND-STW,16,P27_613,Inch,55.88,94,47.50,47.50,111.76,,,,
18,AND-STW,AND-STW,16,P4_24,Inch,55.88,97,47.50,47.50,111.76,,,,
18,AND-STW,AND-STW,16,P4_27,Inch,55.88,92,47.50,47.50,111.76,,,,
18,AND-STW,AND-STW,16,P4_27_30,Inch,55.88,97,47.50,47.50,111.76,,,,
18,AND-STW,AND-STW,16,P4_30,Inch,55.88,98,47.50,47.50,111.76,,,,
18,AND-STW,AND-STW,16,P6_613,Inch,55.88,96,47.50,47.50,111.76,,,,
18,AND-STW,AND-STW,16,T4_30_27,Inch,55.88,92,47.50,47.50,111.76,,,,
18,AND-STW,AND-STW,16,T6_27_613,Inch,73.53,0,62.50,62.50,147.06,,,,
18,AND-STW,AND-STW,16,TT3_613,Inch,73.53,0,62.50,62.50,147.06,,,,
18,AND-STW,AND-STW,16,TT3_BURG,Inch,73.53,0,62.50,62.50,147.06,,,,
18,AND-STW,AND-STW,18,1,Inch,61.18,190,52.00,52.00,122.35,,,,
18,AND-STW,AND-STW,18,001B,Inch,61.18,285,52.00,52.00,122.35,,,,
18,AND-STW,AND-STW,18,2,Inch,61.18,190,52.00,52.00,122.35,,,,
18,AND-STW,AND-STW,18,4,Inch,61.18,189,52.00,52.00,122.35,,,,
18,AND-STW,AND-STW,18,6,Inch,61.18,190,52.00,52.00,122.35,,,,
18,AND-STW,AND-STW,18,10,Inch,61.18,97,52.00,52.00,122.35,,,,
18,AND-STW,AND-STW,18,14,Inch,67.06,96,57.00,57.00,134.12,,,,
18,AND-STW,AND-STW,18,16,Inch,67.06,89,57.00,57.00,134.12,,,,
18,AND-STW,AND-STW,18,18,Inch,84.71,87,72.00,72.00,169.41,,,,
18,AND-STW,AND-STW,18,22,Inch,84.71,288,72.00,72.00,169.41,,,,
18,AND-STW,AND-STW,18,24,Inch,84.71,0,72.00,72.00,169.41,,,,
18,AND-STW,AND-STW,18,27,Inch,67.06,149,57.00,57.00,134.12,,,,
18,AND-STW,AND-STW,18,30,Inch,61.18,97,52.00,52.00,122.35,,,,
18,AND-STW,AND-STW,18,32A,Inch,61.18,92,52.00,52.00,122.35,,,,
18,AND-STW,AND-STW,18,33,Inch,61.18,97,52.00,52.00,122.35,,,,
18,AND-STW,AND-STW,18,35A,Inch,67.06,91,57.00,57.00,134.12,,,,
18,AND-STW,AND-STW,18,613,Inch,84.71,273,72.00,72.00,169.41,,,,
18,AND-STW,AND-STW,18,613B,Inch,84.71,0,72.00,72.00,169.41,,,,
18,AND-STW,AND-STW,18,LT.SILVER,Inch,84.71,174,72.00,72.00,169.41,,,,
18,AND-STW,AND-STW,18,P10_16,Inch,67.06,286,57.00,57.00,134.12,,,,
18,AND-STW,AND-STW,18,P14_24,Inch,67.06,85,57.00,57.00,134.12,,,,
18,AND-STW,AND-STW,18,P16_24,Inch,67.06,184,57.00,57.00,134.12,,,,
18,AND-STW,AND-STW,18,P18_22,Inch,84.71,280,72.00,72.00,169.41,,,,
18,AND-STW,AND-STW,18,P2_27,Inch,67.06,97,57.00,57.00,134.12,,,,
18,AND-STW,AND-STW,18,P2_613,Inch,67.06,0,57.00,57.00,134.12,,,,
18,AND-STW,AND-STW,18,P27_613,Inch,67.06,282,57.00,57.00,134.12,,,,
18,AND-STW,AND-STW,18,P4_24,Inch,67.06,190,57.00,57.00,134.12,,,,
18,AND-STW,AND-STW,18,P4_27,Inch,67.06,93,57.00,57.00,134.12,,,,
18,AND-STW,AND-STW,18,P4_27_30,Inch,67.06,192,57.00,57.00,134.12,,,,
18,AND-STW,AND-STW,18,P4_30,Inch,67.06,200,57.00,57.00,134.12,,,,
18,AND-STW,AND-STW,18,P6_613,Inch,67.06,0,57.00,57.00,134.12,,,,
18,AND-STW,AND-STW,18,T4_30_27,Inch,67.06,130,57.00,57.00,134.12,,,,
18,AND-STW,AND-STW,18,T6_27_613,Inch,84.71,181,72.00,72.00,169.41,,,,
18,AND-STW,AND-STW,18,TT3_613,Inch,84.71,182,72.00,72.00,169.41,,,,
18,AND-STW,AND-STW,18,TT3_BURG,Inch,84.71,0,72.00,72.00,169.41,,,,
18,AND-STW,AND-STW,20,1,Inch,73.53,200,62.50,62.50,147.06,,,,
18,AND-STW,AND-STW,20,001B,Inch,73.53,299,62.50,62.50,147.06,,,,
18,AND-STW,AND-STW,20,2,Inch,73.53,98,62.50,62.50,147.06,,,,
18,AND-STW,AND-STW,20,4,Inch,73.53,98,62.50,62.50,147.06,,,,
18,AND-STW,AND-STW,20,613,Inch,97.06,298,82.50,82.50,194.12,,,,
18,AND-STW,AND-STW,20,613B,Inch,97.06,397,82.50,82.50,194.12,,,,
18,AND-STW,AND-STW,20,P10_16,Inch,79.41,199,67.50,67.50,158.82,,,,
18,AND-STW,AND-STW,20,P14_24,Inch,79.41,0,67.50,67.50,158.82,,,,
18,AND-STW,AND-STW,20,P16_24,Inch,79.41,0,67.50,67.50,158.82,,,,
18,AND-STW,AND-STW,20,P18_22,Inch,97.06,199,82.50,82.50,194.12,,,,
18,AND-STW,AND-STW,20,P4_27_30,Inch,79.41,0,67.50,67.50,158.82,,,,
18,AND-STW,AND-STW,22,1,Inch,82.35,98,70.00,70.00,164.71,,,,
18,AND-STW,AND-STW,22,001B,Inch,82.35,97,70.00,70.00,164.71,,,,
18,AND-STW,AND-STW,22,2,Inch,82.35,96,70.00,70.00,164.71,,,,
18,AND-STW,AND-STW,22,4,Inch,82.35,96,70.00,70.00,164.71,,,,
18,AND-STW,AND-STW,22,613,Inch,105.88,199,90.00,90.00,211.76,,,,
18,AND-STW,AND-STW,22,613B,Inch,105.88,299,90.00,90.00,211.76,,,,
18,AND-STW,AND-STW,22,P10_16,Inch,88.24,200,75.00,75.00,176.47,,,,
18,AND-STW,AND-STW,22,P14_24,Inch,88.24,0,75.00,75.00,176.47,,,,
18,AND-STW,AND-STW,22,P16_24,Inch,88.24,0,75.00,75.00,176.47,,,,
18,AND-STW,AND-STW,22,P18_22,Inch,105.88,200,90.00,90.00,211.76,,,,
18,AND-STW,AND-STW,22,P4_27_30,Inch,88.24,0,75.00,75.00,176.47,,,,
18,AND-STW,AND-STW,24,1,Inch,88.82,100,75.50,75.50,177.65,,,,
18,AND-STW,AND-STW,24,001B,Inch,88.82,150,75.50,75.50,177.65,,,,
18,AND-STW,AND-STW,24,2,Inch,88.82,150,75.50,75.50,177.65,,,,
18,AND-STW,AND-STW,24,4,Inch,88.82,100,75.50,75.50,177.65,,,,
23,ANNA,ANNA,,1,Inch,13.53,102,11.50,11.50,27.06,,,,
23,ANNA,ANNA,,001B,Inch,13.53,126,11.50,11.50,27.06,,,,
23,ANNA,ANNA,,2,Inch,13.53,102,11.50,11.50,27.06,,,,
23,ANNA,ANNA,,4,Inch,13.53,102,11.50,11.50,27.06,,,,
23,ANNA,ANNA,,3T1B_30,Inch,17.06,50,14.50,14.50,34.12,,,,
23,ANNA,ANNA,,3T1B_33,Inch,17.06,0,14.50,14.50,34.12,,,,
23,ANNA,ANNA,,3T4_613,Inch,17.06,0,14.50,14.50,34.12,,,,
23,ANNA,ANNA,,3T5004,Inch,17.06,50,14.50,14.50,34.12,,,,
23,ANNA,ANNA,,DX2216,Inch,13.53,50,11.50,11.50,27.06,,,,
23,ANNA,ANNA,,DX3147,Inch,13.53,52,11.50,11.50,27.06,,,,
23,ANNA,ANNA,,DX4733,Inch,13.53,50,11.50,11.50,27.06,,,,
23,ANNA,ANNA,,LX3316,Inch,13.53,51,11.50,11.50,27.06,,,,
23,ANNA,ANNA,,SOM7002,Inch,17.06,51,14.50,14.50,34.12,,,,
23,ANNA,ANNA,,SOM7003,Inch,17.06,52,14.50,14.50,34.12,,,,
23,ANNA,ANNA,,SOM7005,Inch,17.06,51,14.50,14.50,34.12,,,,
23,ANNA,ANNA,,SOM7008,Inch,17.06,51,14.50,14.50,34.12,,,,
23,ANNA,ANNA,,SOM7016,Inch,17.06,51,14.50,14.50,34.12,,,,
23,ANNA,ANNA,,TT_BURG,Inch,17.06,51,14.50,14.50,34.12,,,,
23,ANNA,ANNA,,TT1B_RED,Inch,17.06,52,14.50,14.50,34.12,,,,
23,ANNA,ANNA,,TT4_27,Inch,17.06,50,14.50,14.50,34.12,,,,
24,BETH,BETH,,1,Inch,16.47,98,14.00,14.00,32.94,,,,
24,BETH,BETH,,1B,Inch,16.47,146,14.00,14.00,32.94,,,,
24,BETH,BETH,,2,Inch,16.47,98,14.00,14.00,32.94,,,,
24,BETH,BETH,,280,Inch,16.47,47,14.00,14.00,32.94,,,,
24,BETH,BETH,,34,Inch,16.47,22,14.00,14.00,32.94,,,,
24,BETH,BETH,,4,Inch,16.47,22,14.00,14.00,32.94,,,,
24,BETH,BETH,,44,Inch,16.47,20,14.00,14.00,32.94,,,,
24,BETH,BETH,,51,Inch,16.47,22,14.00,14.00,32.94,,,,
24,BETH,BETH,,F1B_30,Inch,16.47,27,14.00,14.00,32.94,,,,
1017,CAROLYN,CAROLYN,,1,Inch,20.71,20.00,17.6,17.6,41.42,,,,
1017,CAROLYN,CAROLYN,,1B,Inch,20.71,20.00,17.6,17.6,41.42,,,,
1017,CAROLYN,CAROLYN,,2,Inch,20.71,20.00,17.6,17.6,41.42,,,,
1017,CAROLYN,CAROLYN,,4,Inch,20.71,20.00,17.6,17.6,41.42,,,,
1017,CAROLYN,CAROLYN,,27,Inch,20.71,10.00,17.6,17.6,41.42,,,,
1017,CAROLYN,CAROLYN,,30,Inch,20.71,10.00,17.6,17.6,41.42,,,,
1017,CAROLYN,CAROLYN,,33,Inch,20.71,10.00,17.6,17.6,41.42,,,,
1017,CAROLYN,CAROLYN,,34,Inch,20.71,10.00,17.6,17.6,41.42,,,,
1017,CAROLYN,CAROLYN,,44,Inch,20.71,10.00,17.6,17.6,41.42,,,,
1017,CAROLYN,CAROLYN,,280,Inch,20.71,10.00,17.6,17.6,41.42,,,,
1017,CAROLYN,CAROLYN,,F1B_30,Inch,20.71,10.00,17.6,17.6,41.42,,,,
1017,CAROLYN,CAROLYN,,F4_27,Inch,20.71,10.00,17.6,17.6,41.42,,,,
1017,CAROLYN,CAROLYN,,F4_30,Inch,20.71,10.00,17.6,17.6,41.42,,,,
1007,DEJA-BW,DEJA-BW,10,1,Inch,13.00,200.00,11.00,11.00,26.00,,,,
1007,DEJA-BW,DEJA-BW,10,1B,Inch,13.00,300.00,11.00,11.00,26.00,,,,
1007,DEJA-BW,DEJA-BW,10,2,Inch,13.00,100.00,11.00,11.00,26.00,,,,
1007,DEJA-BW,DEJA-BW,10,4,Inch,13.00,100.00,11.00,11.00,26.00,,,,
1007,DEJA-BW,DEJA-BW,10,27,Inch,14.00,100.00,12.00,12.00,28.00,,,,
1007,DEJA-BW,DEJA-BW,10,30,Inch,13.00,100.00,11.00,11.00,26.00,,,,
1007,DEJA-BW,DEJA-BW,10,33,Inch,13.00,100.00,11.00,11.00,26.00,,,,
1007,DEJA-BW,DEJA-BW,10,P1B_27,Inch,15.00,50.00,13.00,13.00,30.00,,,,
1007,DEJA-BW,DEJA-BW,10,P1B_30,Inch,15.00,50.00,13.00,13.00,30.00,,,,
1007,DEJA-BW,DEJA-BW,10,P4_27,Inch,15.00,50.00,13.00,13.00,30.00,,,,
1007,DEJA-BW,DEJA-BW,10,P4_30,Inch,15.00,50.00,13.00,13.00,30.00,,,,
1007,DEJA-BW,DEJA-BW,12,1,Inch,19.00,200.00,16.50,16.50,38.00,,,,
1007,DEJA-BW,DEJA-BW,12,1B,Inch,19.00,300.00,16.50,16.50,38.00,,,,
1007,DEJA-BW,DEJA-BW,12,2,Inch,19.00,100.00,16.50,16.50,38.00,,,,
1007,DEJA-BW,DEJA-BW,12,4,Inch,19.00,100.00,16.50,16.50,38.00,,,,
1007,DEJA-BW,DEJA-BW,12,27,Inch,20.00,100.00,17.50,17.50,40.00,,,,
1007,DEJA-BW,DEJA-BW,12,30,Inch,19.00,100.00,16.50,16.50,38.00,,,,
1007,DEJA-BW,DEJA-BW,12,33,Inch,19.00,100.00,16.50,16.50,38.00,,,,
1007,DEJA-BW,DEJA-BW,12,P1B_27,Inch,21.00,50.00,18.50,18.50,42.00,,,,
1007,DEJA-BW,DEJA-BW,12,P1B_30,Inch,21.00,50.00,18.50,18.50,42.00,,,,
1007,DEJA-BW,DEJA-BW,12,P4_27,Inch,21.00,50.00,18.50,18.50,42.00,,,,
1007,DEJA-BW,DEJA-BW,12,P4_30,Inch,21.00,50.00,18.50,18.50,42.00,,,,
1007,DEJA-BW,DEJA-BW,14,1,Inch,27.00,200.00,23.00,23.00,54.00,,,,
1007,DEJA-BW,DEJA-BW,14,1B,Inch,27.00,300.00,23.00,23.00,54.00,,,,
1007,DEJA-BW,DEJA-BW,14,2,Inch,27.00,100.00,23.00,23.00,54.00,,,,
1007,DEJA-BW,DEJA-BW,14,4,Inch,27.00,100.00,23.00,23.00,54.00,,,,
1007,DEJA-BW,DEJA-BW,14,27,Inch,28.00,100.00,24.00,24.00,56.00,,,,
1007,DEJA-BW,DEJA-BW,14,30,Inch,27.00,100.00,23.00,23.00,54.00,,,,
1007,DEJA-BW,DEJA-BW,14,33,Inch,27.00,100.00,23.00,23.00,54.00,,,,
1007,DEJA-BW,DEJA-BW,14,P1B_27,Inch,29.00,50.00,25.00,25.00,58.00,,,,
1007,DEJA-BW,DEJA-BW,14,P1B_30,Inch,29.00,50.00,25.00,25.00,58.00,,,,
1007,DEJA-BW,DEJA-BW,14,P4_27,Inch,29.00,50.00,25.00,25.00,58.00,,,,
1007,DEJA-BW,DEJA-BW,14,P4_30,Inch,29.00,50.00,25.00,25.00,58.00,,,,
1007,DEJA-BW,DEJA-BW,16,1,Inch,33.50,199.00,28.50,28.50,67.00,,,,
1007,DEJA-BW,DEJA-BW,16,1B,Inch,33.50,299.00,28.50,28.50,67.00,,,,
1007,DEJA-BW,DEJA-BW,16,2,Inch,33.50,99.00,28.50,28.50,67.00,,,,
1007,DEJA-BW,DEJA-BW,16,4,Inch,33.50,99.00,28.50,28.50,67.00,,,,
1007,DEJA-BW,DEJA-BW,16,27,Inch,34.50,99.00,29.50,29.50,69.00,,,,
1007,DEJA-BW,DEJA-BW,16,30,Inch,33.50,99.00,28.50,28.50,67.00,,,,
1007,DEJA-BW,DEJA-BW,16,33,Inch,33.50,99.00,28.50,28.50,67.00,,,,
1007,DEJA-BW,DEJA-BW,16,P1B_27,Inch,35.50,49.00,30.50,30.50,71.00,,,,
1007,DEJA-BW,DEJA-BW,16,P1B_30,Inch,35.50,49.00,30.50,30.50,71.00,,,,
1007,DEJA-BW,DEJA-BW,16,P4_27,Inch,35.50,49.00,30.50,30.50,71.00,,,,
1007,DEJA-BW,DEJA-BW,16,P4_30,Inch,35.50,49.00,30.50,30.50,71.00,,,,
1007,DEJA-BW,DEJA-BW,18,1,Inch,41.50,200.00,35.50,35.50,83.00,,,,
1007,DEJA-BW,DEJA-BW,18,1B,Inch,41.50,300.00,35.50,35.50,83.00,,,,
1007,DEJA-BW,DEJA-BW,18,2,Inch,41.50,100.00,35.50,35.50,83.00,,,,
1007,DEJA-BW,DEJA-BW,18,4,Inch,41.50,100.00,35.50,35.50,83.00,,,,
1007,DEJA-BW,DEJA-BW,18,27,Inch,42.50,100.00,36.50,36.50,85.00,,,,
1007,DEJA-BW,DEJA-BW,18,30,Inch,41.50,100.00,35.50,35.50,83.00,,,,
1007,DEJA-BW,DEJA-BW,18,33,Inch,41.50,100.00,35.50,35.50,83.00,,,,
1007,DEJA-BW,DEJA-BW,18,P1B_27,Inch,43.50,50.00,37.50,37.50,87.00,,,,
1007,DEJA-BW,DEJA-BW,18,P1B_30,Inch,43.50,50.00,37.50,37.50,87.00,,,,
1007,DEJA-BW,DEJA-BW,18,P4_27,Inch,43.50,50.00,37.50,37.50,87.00,,,,
1007,DEJA-BW,DEJA-BW,18,P4_30,Inch,43.50,50.00,37.50,37.50,87.00,,,,
1008,DEJA-DW,DEJA-DW,10,1,Inch,14.50,200.00,12.50,12.50,29.00,,,,
1008,DEJA-DW,DEJA-DW,10,1B,Inch,14.50,300.00,12.50,12.50,29.00,,,,
1008,DEJA-DW,DEJA-DW,10,2,Inch,14.50,100.00,12.50,12.50,29.00,,,,
1008,DEJA-DW,DEJA-DW,10,4,Inch,14.50,100.00,12.50,12.50,29.00,,,,
1008,DEJA-DW,DEJA-DW,10,27,Inch,15.50,100.00,13.50,13.50,31.00,,,,
1008,DEJA-DW,DEJA-DW,10,30,Inch,14.50,100.00,12.50,12.50,29.00,,,,
1008,DEJA-DW,DEJA-DW,10,33,Inch,14.50,100.00,12.50,12.50,29.00,,,,
1008,DEJA-DW,DEJA-DW,10,P1B_27,Inch,16.50,50.00,14.50,14.50,33.00,,,,
1008,DEJA-DW,DEJA-DW,10,P1B_30,Inch,16.50,50.00,14.50,14.50,33.00,,,,
1008,DEJA-DW,DEJA-DW,10,P4_27,Inch,16.50,50.00,14.50,14.50,33.00,,,,
1008,DEJA-DW,DEJA-DW,10,P4_30,Inch,16.50,50.00,14.50,14.50,33.00,,,,
1008,DEJA-DW,DEJA-DW,12,1,Inch,20.50,200.00,17.50,17.50,41.00,,,,
1008,DEJA-DW,DEJA-DW,12,1B,Inch,20.50,300.00,17.50,17.50,41.00,,,,
1008,DEJA-DW,DEJA-DW,12,2,Inch,20.50,100.00,17.50,17.50,41.00,,,,
1008,DEJA-DW,DEJA-DW,12,4,Inch,20.50,100.00,17.50,17.50,41.00,,,,
1008,DEJA-DW,DEJA-DW,12,27,Inch,21.50,100.00,18.50,18.50,43.00,,,,
1008,DEJA-DW,DEJA-DW,12,30,Inch,20.50,100.00,17.50,17.50,41.00,,,,
1008,DEJA-DW,DEJA-DW,12,33,Inch,20.50,100.00,17.50,17.50,41.00,,,,
1008,DEJA-DW,DEJA-DW,12,P1B_27,Inch,22.50,50.00,19.50,19.50,45.00,,,,
1008,DEJA-DW,DEJA-DW,12,P1B_30,Inch,22.50,50.00,19.50,19.50,45.00,,,,
1008,DEJA-DW,DEJA-DW,12,P4_27,Inch,22.50,50.00,19.50,19.50,45.00,,,,
1008,DEJA-DW,DEJA-DW,12,P4_30,Inch,22.50,50.00,19.50,19.50,45.00,,,,
1008,DEJA-DW,DEJA-DW,14,1,Inch,28.50,199.00,24.00,24.00,57.00,,,,
1008,DEJA-DW,DEJA-DW,14,1B,Inch,28.50,299.00,24.00,24.00,57.00,,,,
1008,DEJA-DW,DEJA-DW,14,2,Inch,28.50,99.00,24.00,24.00,57.00,,,,
1008,DEJA-DW,DEJA-DW,14,4,Inch,28.50,99.00,24.00,24.00,57.00,,,,
1008,DEJA-DW,DEJA-DW,14,27,Inch,29.50,99.00,25.00,25.00,59.00,,,,
1008,DEJA-DW,DEJA-DW,14,30,Inch,28.50,99.00,24.00,24.00,57.00,,,,
1008,DEJA-DW,DEJA-DW,14,33,Inch,28.50,99.00,24.00,24.00,57.00,,,,
1008,DEJA-DW,DEJA-DW,14,P1B_27,Inch,30.50,49.00,26.00,26.00,61.00,,,,
1008,DEJA-DW,DEJA-DW,14,P1B_30,Inch,30.50,49.00,26.00,26.00,61.00,,,,
1008,DEJA-DW,DEJA-DW,14,P4_27,Inch,30.50,49.00,26.00,26.00,61.00,,,,
1008,DEJA-DW,DEJA-DW,14,P4_30,Inch,30.50,49.00,26.00,26.00,61.00,,,,
1008,DEJA-DW,DEJA-DW,16,1,Inch,34.50,200.00,29.50,29.50,69.00,,,,
1008,DEJA-DW,DEJA-DW,16,1B,Inch,34.50,300.00,29.50,29.50,69.00,,,,
1008,DEJA-DW,DEJA-DW,16,2,Inch,34.50,100.00,29.50,29.50,69.00,,,,
1008,DEJA-DW,DEJA-DW,16,4,Inch,34.50,100.00,29.50,29.50,69.00,,,,
1008,DEJA-DW,DEJA-DW,16,27,Inch,35.50,100.00,30.50,30.50,71.00,,,,
1008,DEJA-DW,DEJA-DW,16,30,Inch,34.50,100.00,29.50,29.50,69.00,,,,
1008,DEJA-DW,DEJA-DW,16,33,Inch,34.50,100.00,29.50,29.50,69.00,,,,
1008,DEJA-DW,DEJA-DW,16,P1B_27,Inch,36.50,50.00,31.50,31.50,73.00,,,,
1008,DEJA-DW,DEJA-DW,16,P1B_30,Inch,36.50,50.00,31.50,31.50,73.00,,,,
1008,DEJA-DW,DEJA-DW,16,P4_27,Inch,36.50,50.00,31.50,31.50,73.00,,,,
1008,DEJA-DW,DEJA-DW,16,P4_30,Inch,36.50,50.00,31.50,31.50,73.00,,,,
1008,DEJA-DW,DEJA-DW,18,1,Inch,43.00,200.00,36.50,36.50,86.00,,,,
1008,DEJA-DW,DEJA-DW,18,1B,Inch,43.00,300.00,36.50,36.50,86.00,,,,
1008,DEJA-DW,DEJA-DW,18,2,Inch,43.00,100.00,36.50,36.50,86.00,,,,
1008,DEJA-DW,DEJA-DW,18,4,Inch,43.00,100.00,36.50,36.50,86.00,,,,
1008,DEJA-DW,DEJA-DW,18,27,Inch,44.00,100.00,37.50,37.50,88.00,,,,
1008,DEJA-DW,DEJA-DW,18,30,Inch,43.00,100.00,36.50,36.50,86.00,,,,
1008,DEJA-DW,DEJA-DW,18,33,Inch,43.00,100.00,36.50,36.50,86.00,,,,
1008,DEJA-DW,DEJA-DW,18,P1B_27,Inch,45.00,50.00,38.50,38.50,90.00,,,,
1008,DEJA-DW,DEJA-DW,18,P1B_30,Inch,45.00,50.00,38.50,38.50,90.00,,,,
1008,DEJA-DW,DEJA-DW,18,P4_27,Inch,45.00,50.00,38.50,38.50,90.00,,,,
1008,DEJA-DW,DEJA-DW,18,P4_30,Inch,45.00,50.00,38.50,38.50,90.00,,,,
1009,DEJA-SC,DEJA-SC,10,1,Inch,15.00,200.00,13.00,13.00,30.00,,,,
1009,DEJA-SC,DEJA-SC,10,1B,Inch,15.00,300.00,13.00,13.00,30.00,,,,
1009,DEJA-SC,DEJA-SC,10,2,Inch,15.00,100.00,13.00,13.00,30.00,,,,
1009,DEJA-SC,DEJA-SC,10,4,Inch,15.00,100.00,13.00,13.00,30.00,,,,
1009,DEJA-SC,DEJA-SC,10,27,Inch,16.00,100.00,14.00,14.00,32.00,,,,
1009,DEJA-SC,DEJA-SC,10,30,Inch,15.00,100.00,13.00,13.00,30.00,,,,
1009,DEJA-SC,DEJA-SC,10,33,Inch,15.00,100.00,13.00,13.00,30.00,,,,
1009,DEJA-SC,DEJA-SC,10,P1B_27,Inch,17.00,50.00,15.00,15.00,34.00,,,,
1009,DEJA-SC,DEJA-SC,10,P1B_30,Inch,17.00,50.00,15.00,15.00,34.00,,,,
1009,DEJA-SC,DEJA-SC,10,P4_27,Inch,17.00,50.00,15.00,15.00,34.00,,,,
1009,DEJA-SC,DEJA-SC,10,P4_30,Inch,17.00,50.00,15.00,15.00,34.00,,,,
1009,DEJA-SC,DEJA-SC,12,1,Inch,21.00,200.00,18.00,18.00,42.00,,,,
1009,DEJA-SC,DEJA-SC,12,1B,Inch,21.00,300.00,18.00,18.00,42.00,,,,
1009,DEJA-SC,DEJA-SC,12,2,Inch,21.00,100.00,18.00,18.00,42.00,,,,
1009,DEJA-SC,DEJA-SC,12,4,Inch,21.00,100.00,18.00,18.00,42.00,,,,
1009,DEJA-SC,DEJA-SC,12,27,Inch,22.00,100.00,19.00,19.00,44.00,,,,
1009,DEJA-SC,DEJA-SC,12,30,Inch,21.00,100.00,18.00,18.00,42.00,,,,
1009,DEJA-SC,DEJA-SC,12,33,Inch,21.00,100.00,18.00,18.00,42.00,,,,
1009,DEJA-SC,DEJA-SC,12,P1B_27,Inch,23.00,50.00,20.00,20.00,46.00,,,,
1009,DEJA-SC,DEJA-SC,12,P1B_30,Inch,23.00,50.00,20.00,20.00,46.00,,,,
1009,DEJA-SC,DEJA-SC,12,P4_27,Inch,23.00,50.00,20.00,20.00,46.00,,,,
1009,DEJA-SC,DEJA-SC,12,P4_30,Inch,23.00,50.00,20.00,20.00,46.00,,,,
1009,DEJA-SC,DEJA-SC,14,1,Inch,29.00,200.00,24.50,24.50,58.00,,,,
1009,DEJA-SC,DEJA-SC,14,1B,Inch,29.00,300.00,24.50,24.50,58.00,,,,
1009,DEJA-SC,DEJA-SC,14,2,Inch,29.00,100.00,24.50,24.50,58.00,,,,
1009,DEJA-SC,DEJA-SC,14,4,Inch,29.00,100.00,24.50,24.50,58.00,,,,
1009,DEJA-SC,DEJA-SC,14,27,Inch,30.00,100.00,25.50,25.50,60.00,,,,
1009,DEJA-SC,DEJA-SC,14,30,Inch,29.00,100.00,24.50,24.50,58.00,,,,
1009,DEJA-SC,DEJA-SC,14,33,Inch,29.00,100.00,24.50,24.50,58.00,,,,
1009,DEJA-SC,DEJA-SC,14,P1B_27,Inch,31.00,50.00,26.50,26.50,62.00,,,,
1009,DEJA-SC,DEJA-SC,14,P1B_30,Inch,31.00,50.00,26.50,26.50,62.00,,,,
1009,DEJA-SC,DEJA-SC,14,P4_27,Inch,31.00,50.00,26.50,26.50,62.00,,,,
1009,DEJA-SC,DEJA-SC,14,P4_30,Inch,31.00,50.00,26.50,26.50,62.00,,,,
1009,DEJA-SC,DEJA-SC,16,1,Inch,35.50,200.00,30.00,30.00,71.00,,,,
1009,DEJA-SC,DEJA-SC,16,1B,Inch,35.50,300.00,30.00,30.00,71.00,,,,
1009,DEJA-SC,DEJA-SC,16,2,Inch,35.50,100.00,30.00,30.00,71.00,,,,
1009,DEJA-SC,DEJA-SC,16,4,Inch,35.50,100.00,30.00,30.00,71.00,,,,
1009,DEJA-SC,DEJA-SC,16,27,Inch,36.50,100.00,31.00,31.00,73.00,,,,
1009,DEJA-SC,DEJA-SC,16,30,Inch,35.50,100.00,30.00,30.00,71.00,,,,
1009,DEJA-SC,DEJA-SC,16,33,Inch,35.50,100.00,30.00,30.00,71.00,,,,
1009,DEJA-SC,DEJA-SC,16,P1B_27,Inch,37.50,50.00,32.00,32.00,75.00,,,,
1009,DEJA-SC,DEJA-SC,16,P1B_30,Inch,37.50,50.00,32.00,32.00,75.00,,,,
1009,DEJA-SC,DEJA-SC,16,P4_27,Inch,37.50,50.00,32.00,32.00,75.00,,,,
1009,DEJA-SC,DEJA-SC,16,P4_30,Inch,37.50,50.00,32.00,32.00,75.00,,,,
1009,DEJA-SC,DEJA-SC,18,1,Inch,44.00,199.00,37.50,37.50,88.00,,,,
1009,DEJA-SC,DEJA-SC,18,1B,Inch,44.00,299.00,37.50,37.50,88.00,,,,
1009,DEJA-SC,DEJA-SC,18,2,Inch,44.00,99.00,37.50,37.50,88.00,,,,
1009,DEJA-SC,DEJA-SC,18,4,Inch,44.00,99.00,37.50,37.50,88.00,,,,
1009,DEJA-SC,DEJA-SC,18,27,Inch,45.00,99.00,38.50,38.50,90.00,,,,
1009,DEJA-SC,DEJA-SC,18,30,Inch,44.00,99.00,37.50,37.50,88.00,,,,
1009,DEJA-SC,DEJA-SC,18,33,Inch,44.00,99.00,37.50,37.50,88.00,,,,
1009,DEJA-SC,DEJA-SC,18,P1B_27,Inch,46.00,49.00,39.50,39.50,92.00,,,,
1009,DEJA-SC,DEJA-SC,18,P1B_30,Inch,46.00,49.00,39.50,39.50,92.00,,,,
1009,DEJA-SC,DEJA-SC,18,P4_27,Inch,46.00,49.00,39.50,39.50,92.00,,,,
1009,DEJA-SC,DEJA-SC,18,P4_30,Inch,46.00,49.00,39.50,39.50,92.00,,,,
1010,DEJA-SY ,DEJA-SY ,8,1,Inch,9.50,400.00,8.50,8.50,19.00,,,,
1010,DEJA-SY ,DEJA-SY ,8,1B,Inch,9.50,500.00,8.50,8.50,19.00,,,,
1010,DEJA-SY ,DEJA-SY ,8,2,Inch,9.50,300.00,8.50,8.50,19.00,,,,
1010,DEJA-SY ,DEJA-SY ,8,4,Inch,9.50,200.00,8.50,8.50,19.00,,,,
1010,DEJA-SY ,DEJA-SY ,8,27,Inch,10.50,200.00,9.50,9.50,21.00,,,,
1010,DEJA-SY ,DEJA-SY ,8,30,Inch,9.50,100.00,8.50,8.50,19.00,,,,
1010,DEJA-SY ,DEJA-SY ,8,33,Inch,9.50,100.00,8.50,8.50,19.00,,,,
1010,DEJA-SY ,DEJA-SY ,8,P1B_27,Inch,11.50,50.00,10.50,10.50,23.00,,,,
1010,DEJA-SY ,DEJA-SY ,8,P1B_30,Inch,11.50,50.00,10.50,10.50,23.00,,,,
1010,DEJA-SY ,DEJA-SY ,8,P4_27,Inch,11.50,50.00,10.50,10.50,23.00,,,,
1010,DEJA-SY ,DEJA-SY ,8,P4_30,Inch,11.50,50.00,10.50,10.50,23.00,,,,
1010,DEJA-SY ,DEJA-SY ,10,1,Inch,12.50,400.00,10.50,10.50,25.00,,,,
1010,DEJA-SY ,DEJA-SY ,10,1B,Inch,12.50,500.00,10.50,10.50,25.00,,,,
1010,DEJA-SY ,DEJA-SY ,10,2,Inch,12.50,300.00,10.50,10.50,25.00,,,,
1010,DEJA-SY ,DEJA-SY ,10,4,Inch,12.50,200.00,10.50,10.50,25.00,,,,
1010,DEJA-SY ,DEJA-SY ,10,27,Inch,13.50,200.00,11.50,11.50,27.00,,,,
1010,DEJA-SY ,DEJA-SY ,10,30,Inch,12.50,100.00,10.50,10.50,25.00,,,,
1010,DEJA-SY ,DEJA-SY ,10,33,Inch,12.50,100.00,10.50,10.50,25.00,,,,
1010,DEJA-SY ,DEJA-SY ,10,P1B_27,Inch,14.50,50.00,12.50,12.50,29.00,,,,
1010,DEJA-SY ,DEJA-SY ,10,P1B_30,Inch,14.50,50.00,12.50,12.50,29.00,,,,
1010,DEJA-SY ,DEJA-SY ,10,P4_27,Inch,14.50,50.00,12.50,12.50,29.00,,,,
1010,DEJA-SY ,DEJA-SY ,10,P4_30,Inch,14.50,50.00,12.50,12.50,29.00,,,,
1010,DEJA-SY ,DEJA-SY ,12,1,Inch,18.50,399.00,15.50,15.50,37.00,,,,
1010,DEJA-SY ,DEJA-SY ,12,1B,Inch,18.50,499.00,15.50,15.50,37.00,,,,
1010,DEJA-SY ,DEJA-SY ,12,2,Inch,18.50,299.00,15.50,15.50,37.00,,,,
1010,DEJA-SY ,DEJA-SY ,12,4,Inch,18.50,199.00,15.50,15.50,37.00,,,,
1010,DEJA-SY ,DEJA-SY ,12,27,Inch,19.50,199.00,16.50,16.50,39.00,,,,
1010,DEJA-SY ,DEJA-SY ,12,30,Inch,18.50,99.00,15.50,15.50,37.00,,,,
1010,DEJA-SY ,DEJA-SY ,12,33,Inch,18.50,99.00,15.50,15.50,37.00,,,,
1010,DEJA-SY ,DEJA-SY ,12,P1B_27,Inch,20.50,49.00,17.50,17.50,41.00,,,,
1010,DEJA-SY ,DEJA-SY ,12,P1B_30,Inch,20.50,49.00,17.50,17.50,41.00,,,,
1010,DEJA-SY ,DEJA-SY ,12,P4_27,Inch,20.50,49.00,17.50,17.50,41.00,,,,
1010,DEJA-SY ,DEJA-SY ,12,P4_30,Inch,20.50,49.00,17.50,17.50,41.00,,,,
1010,DEJA-SY ,DEJA-SY ,14,1,Inch,26.50,200.00,22.50,22.50,53.00,,,,
1010,DEJA-SY ,DEJA-SY ,14,1B,Inch,26.50,299.00,22.50,22.50,53.00,,,,
1010,DEJA-SY ,DEJA-SY ,14,2,Inch,26.50,200.00,22.50,22.50,53.00,,,,
1010,DEJA-SY ,DEJA-SY ,14,4,Inch,26.50,100.00,22.50,22.50,53.00,,,,
1010,DEJA-SY ,DEJA-SY ,14,27,Inch,27.50,100.00,23.50,23.50,55.00,,,,
1010,DEJA-SY ,DEJA-SY ,14,30,Inch,26.50,100.00,22.50,22.50,53.00,,,,
1010,DEJA-SY ,DEJA-SY ,14,33,Inch,26.50,100.00,22.50,22.50,53.00,,,,
1010,DEJA-SY ,DEJA-SY ,14,P1B_27,Inch,28.50,50.00,24.50,24.50,57.00,,,,
1010,DEJA-SY ,DEJA-SY ,14,P1B_30,Inch,28.50,50.00,24.50,24.50,57.00,,,,
1010,DEJA-SY ,DEJA-SY ,14,P4_27,Inch,28.50,50.00,24.50,24.50,57.00,,,,
1010,DEJA-SY ,DEJA-SY ,14,P4_30,Inch,28.50,50.00,24.50,24.50,57.00,,,,
1010,DEJA-SY ,DEJA-SY ,16,1,Inch,32.50,200.00,27.50,27.50,65.00,,,,
1010,DEJA-SY ,DEJA-SY ,16,1B,Inch,32.50,299.00,27.50,27.50,65.00,,,,
1010,DEJA-SY ,DEJA-SY ,16,2,Inch,32.50,200.00,27.50,27.50,65.00,,,,
1010,DEJA-SY ,DEJA-SY ,16,4,Inch,32.50,100.00,27.50,27.50,65.00,,,,
1010,DEJA-SY ,DEJA-SY ,16,27,Inch,33.50,100.00,28.50,28.50,67.00,,,,
1010,DEJA-SY ,DEJA-SY ,16,30,Inch,32.50,100.00,27.50,27.50,65.00,,,,
1010,DEJA-SY ,DEJA-SY ,16,33,Inch,32.50,100.00,27.50,27.50,65.00,,,,
1010,DEJA-SY ,DEJA-SY ,16,P1B_27,Inch,34.50,50.00,29.50,29.50,69.00,,,,
1010,DEJA-SY ,DEJA-SY ,16,P1B_30,Inch,34.50,50.00,29.50,29.50,69.00,,,,
1010,DEJA-SY ,DEJA-SY ,16,P4_27,Inch,34.50,50.00,29.50,29.50,69.00,,,,
1010,DEJA-SY ,DEJA-SY ,16,P4_30,Inch,34.50,50.00,29.50,29.50,69.00,,,,
1010,DEJA-SY ,DEJA-SY ,18,1,Inch,41.00,200.00,35.00,35.00,82.00,,,,
1010,DEJA-SY ,DEJA-SY ,18,1B,Inch,41.00,300.00,35.00,35.00,82.00,,,,
1010,DEJA-SY ,DEJA-SY ,18,2,Inch,41.00,100.00,35.00,35.00,82.00,,,,
1010,DEJA-SY ,DEJA-SY ,18,4,Inch,41.00,100.00,35.00,35.00,82.00,,,,
1010,DEJA-SY ,DEJA-SY ,18,27,Inch,42.00,100.00,36.00,36.00,84.00,,,,
1010,DEJA-SY ,DEJA-SY ,18,30,Inch,41.00,100.00,35.00,35.00,82.00,,,,
1010,DEJA-SY ,DEJA-SY ,18,33,Inch,41.00,100.00,35.00,35.00,82.00,,,,
1010,DEJA-SY ,DEJA-SY ,18,P1B_27,Inch,43.00,50.00,37.00,37.00,86.00,,,,
1010,DEJA-SY ,DEJA-SY ,18,P1B_30,Inch,43.00,50.00,37.00,37.00,86.00,,,,
1010,DEJA-SY ,DEJA-SY ,18,P4_27,Inch,43.00,50.00,37.00,37.00,86.00,,,,
1010,DEJA-SY ,DEJA-SY ,18,P4_30,Inch,43.00,50.00,37.00,37.00,86.00,,,,
25,DIANA,DIANA,,1,Inch,102.94,46,87.50,87.50,205.88,,,,
25,DIANA,DIANA,,1B,Inch,102.94,73,87.50,87.50,205.88,,,,
25,DIANA,DIANA,,2,Inch,102.94,44,87.50,87.50,205.88,,,,
25,DIANA,DIANA,,4,Inch,102.94,28,87.50,87.50,205.88,,,,
25,DIANA,DIANA,,6,Inch,102.94,28,87.50,87.50,205.88,,,,
25,DIANA,DIANA,,F10_16,Inch,102.94,22,87.50,87.50,205.88,,,,
25,DIANA,DIANA,,F14_24,Inch,102.94,24,87.50,87.50,205.88,,,,
25,DIANA,DIANA,,F1B_30,Inch,102.94,25,87.50,87.50,205.88,,,,
25,DIANA,DIANA,,F1B_BURG,Inch,102.94,25,87.50,87.50,205.88,,,,
25,DIANA,DIANA,,F27_613,Inch,102.94,23,87.50,87.50,205.88,,,,
25,DIANA,DIANA,,F4_27,Inch,102.94,24,87.50,87.50,205.88,,,,
25,DIANA,DIANA,,F4_30,Inch,102.94,24,87.50,87.50,205.88,,,,
25,DIANA,DIANA,,F6_27,Inch,102.94,23,87.50,87.50,205.88,,,,
26,EMILY ,EMILY,,1,Inch,13.53,91,11.50,11.50,27.06,,,,
26,EMILY ,EMILY,,001B,Inch,13.53,124,11.50,11.50,27.06,,,,
26,EMILY ,EMILY,,2,Inch,13.53,92,11.50,11.50,27.06,,,,
26,EMILY ,EMILY,,4,Inch,13.53,99,11.50,11.50,27.06,,,,
26,EMILY ,EMILY,,3T1B_30,Inch,17.06,31,14.50,14.50,34.12,,,,
26,EMILY ,EMILY,,3T1B_33,Inch,17.06,0,14.50,14.50,34.12,,,,
26,EMILY ,EMILY,,3T4_613,Inch,17.06,0,14.50,14.50,34.12,,,,
26,EMILY ,EMILY,,3T5004,Inch,17.06,32,14.50,14.50,34.12,,,,
26,EMILY ,EMILY,,DX2216,Inch,13.53,31,11.50,11.50,27.06,,,,
26,EMILY ,EMILY,,DX3147,Inch,13.53,30,11.50,11.50,27.06,,,,
26,EMILY ,EMILY,,DX4733,Inch,13.53,31,11.50,11.50,27.06,,,,
26,EMILY ,EMILY,,LX3316,Inch,13.53,32,11.50,11.50,27.06,,,,
26,EMILY ,EMILY,,SOM7002,Inch,17.06,31,14.50,14.50,34.12,,,,
26,EMILY ,EMILY,,SOM7003,Inch,17.06,32,14.50,14.50,34.12,,,,
26,EMILY ,EMILY,,SOM7005,Inch,17.06,30,14.50,14.50,34.12,,,,
26,EMILY ,EMILY,,SOM7008,Inch,17.06,32,14.50,14.50,34.12,,,,
26,EMILY ,EMILY,,SOM7016,Inch,17.06,31,14.50,14.50,34.12,,,,
26,EMILY ,EMILY,,TT_BURG,Inch,17.06,27,14.50,14.50,34.12,,,,
26,EMILY ,EMILY,,TT1B_RED,Inch,17.06,33,14.50,14.50,34.12,,,,
26,EMILY ,EMILY,,TT4_27,Inch,17.06,32,14.50,14.50,34.12,,,,
19,FAC-BW, CHINESE VIRGIN SHUN FA BODY WAVE,10,NATURAL,Inch,17.06,221,14.50,14.50,34.12,,,,
19,FAC-BW, CHINESE VIRGIN SHUN FA BODY WAVE,12,NATURAL,Inch,23.53,412,20.00,20.00,47.06,,,,
19,FAC-BW, CHINESE VIRGIN SHUN FA BODY WAVE,14,NATURAL,Inch,34.12,210,29.00,29.00,68.24,,,,
19,FAC-BW, CHINESE VIRGIN SHUN FA BODY WAVE,16,NATURAL,Inch,42.94,628,36.50,36.50,85.88,,,,
19,FAC-BW, CHINESE VIRGIN SHUN FA BODY WAVE,18,NATURAL,Inch,52.35,314,44.50,44.50,104.71,,,,
19,FAC-BW, CHINESE VIRGIN SHUN FA BODY WAVE,20,NATURAL,Inch,61.18,0,52.00,52.00,122.35,,,,
20,FAC-NA,CHINESE VIRGIN SHUN FA NATURAL WAVE,10,NATURAL,Inch,17.06,871,14.50,14.50,34.12,,,,
20,FAC-NA,CHINESE VIRGIN SHUN FA NATURAL WAVE,12,NATURAL,Inch,23.53,970,20.00,20.00,47.06,,,,
20,FAC-NA,CHINESE VIRGIN SHUN FA NATURAL WAVE,14,NATURAL,Inch,34.12,651,29.00,29.00,68.24,,,,
20,FAC-NA,CHINESE VIRGIN SHUN FA NATURAL WAVE,16,NATURAL,Inch,42.94,565,36.50,36.50,85.88,,,,
20,FAC-NA,CHINESE VIRGIN SHUN FA NATURAL WAVE,18,NATURAL,Inch,52.35,573,44.50,44.50,104.71,,,,
20,FAC-NA,CHINESE VIRGIN SHUN FA NATURAL WAVE,20,NATURAL,Inch,61.18,370,52.00,52.00,122.35,,,,
20,FAC-NA,CHINESE VIRGIN SHUN FA NATURAL WAVE,22,NATURAL,Inch,70.59,364,60.00,60.00,141.18,,,,
20,FAC-NA,CHINESE VIRGIN SHUN FA NATURAL WAVE,24,NATURAL,Inch,76.47,281,65.00,65.00,152.94,,,,
20,FAC-NA,CHINESE VIRGIN SHUN FA NATURAL WAVE,26,NATURAL,Inch,82.94,384,70.50,70.50,165.88,,,,
27,FRANCES,FRANCES,,1,Inch,14.71,99,12.50,12.50,29.41,,,,
27,FRANCES,FRANCES,,001B,Inch,14.71,135,12.50,12.50,29.41,,,,
27,FRANCES,FRANCES,,2,Inch,14.71,100,12.50,12.50,29.41,,,,
27,FRANCES,FRANCES,,4,Inch,14.71,102,12.50,12.50,29.41,,,,
27,FRANCES,FRANCES,,3T1B_30,Inch,18.24,32,15.50,15.50,36.47,,,,
27,FRANCES,FRANCES,,3T1B_33,Inch,18.24,0,15.50,15.50,36.47,,,,
27,FRANCES,FRANCES,,3T4_613,Inch,18.24,0,15.50,15.50,36.47,,,,
27,FRANCES,FRANCES,,3T5004,Inch,18.24,33,15.50,15.50,36.47,,,,
27,FRANCES,FRANCES,,DX2216,Inch,14.71,32,12.50,12.50,29.41,,,,
27,FRANCES,FRANCES,,DX3147,Inch,14.71,33,12.50,12.50,29.41,,,,
27,FRANCES,FRANCES,,DX4733,Inch,14.71,33,12.50,12.50,29.41,,,,
27,FRANCES,FRANCES,,LX3316,Inch,14.71,31,12.50,12.50,29.41,,,,
27,FRANCES,FRANCES,,SOM7002,Inch,18.24,34,15.50,15.50,36.47,,,,
27,FRANCES,FRANCES,,SOM7003,Inch,18.24,34,15.50,15.50,36.47,,,,
27,FRANCES,FRANCES,,SOM7005,Inch,18.24,33,15.50,15.50,36.47,,,,
27,FRANCES,FRANCES,,SOM7008,Inch,18.24,33,15.50,15.50,36.47,,,,
27,FRANCES,FRANCES,,SOM7016,Inch,18.24,29,15.50,15.50,36.47,,,,
27,FRANCES,FRANCES,,TT_BURG,Inch,18.24,34,15.50,15.50,36.47,,,,
27,FRANCES,FRANCES,,TT1B_RED,Inch,18.24,33,15.50,15.50,36.47,,,,
27,FRANCES,FRANCES,,TT4_27,Inch,18.24,32,15.50,15.50,36.47,,,,
28,GLORIA,GLORIA,,1,Inch,13.53,91,11.50,11.50,27.06,,,,
28,GLORIA,GLORIA,,1B,Inch,13.53,124,11.50,11.50,27.06,,,,
28,GLORIA,GLORIA,,2,Inch,13.53,96,11.50,11.50,27.06,,,,
28,GLORIA,GLORIA,,3T1B_30,Inch,13.53,101,11.50,11.50,27.06,,,,
28,GLORIA,GLORIA,,3T1B_33,Inch,17.06,31,14.50,14.50,34.12,,,,
28,GLORIA,GLORIA,,3T4_613,Inch,17.06,0,14.50,14.50,34.12,,,,
28,GLORIA,GLORIA,,3T5004,Inch,17.06,0,14.50,14.50,34.12,,,,
28,GLORIA,GLORIA,,4,Inch,17.06,32,14.50,14.50,34.12,,,,
28,GLORIA,GLORIA,,DX2216,Inch,13.53,30,11.50,11.50,27.06,,,,
28,GLORIA,GLORIA,,DX3147,Inch,13.53,31,11.50,11.50,27.06,,,,
28,GLORIA,GLORIA,,DX4733,Inch,13.53,31,11.50,11.50,27.06,,,,
28,GLORIA,GLORIA,,LX3316,Inch,13.53,31,11.50,11.50,27.06,,,,
28,GLORIA,GLORIA,,SOM7002,Inch,17.06,31,14.50,14.50,34.12,,,,
28,GLORIA,GLORIA,,SOM7003,Inch,17.06,33,14.50,14.50,34.12,,,,
28,GLORIA,GLORIA,,SOM7005,Inch,17.06,31,14.50,14.50,34.12,,,,
28,GLORIA,GLORIA,,SOM7008,Inch,17.06,28,14.50,14.50,34.12,,,,
28,GLORIA,GLORIA,,SOM7016,Inch,17.06,32,14.50,14.50,34.12,,,,
28,GLORIA,GLORIA,,TT_BURG,Inch,17.06,30,14.50,14.50,34.12,,,,
28,GLORIA,GLORIA,,TT1B_RED,Inch,17.06,33,14.50,14.50,34.12,,,,
28,GLORIA,GLORIA,,TT4_27,Inch,17.06,31,14.50,14.50,34.12,,,,
3,HILDA,HILDA,,1,Inch,15.29,94,13.00,13.00,30.59,,,,
3,HILDA,HILDA,,1B,Inch,15.29,149,13.00,13.00,30.59,,,,
3,HILDA,HILDA,,2,Inch,15.29,99,13.00,13.00,30.59,,,,
3,HILDA,HILDA,,4,Inch,15.29,74,13.00,13.00,30.59,,,,
3,HILDA,HILDA,,F1B_30,Inch,15.29,50,13.00,13.00,30.59,,,,
3,HILDA,HILDA,,F1B_BURG,Inch,15.29,49,13.00,13.00,30.59,,,,
3,HILDA,HILDA,,F4_30,Inch,15.29,49,13.00,13.00,30.59,,,,
3,HILDA,HILDA,,T4_30_27,Inch,15.29,48,13.00,13.00,30.59,,,,
29,IRIS,IRIS,,1,Inch,109.41,37,93.00,93.00,218.82,,,,
29,IRIS,IRIS,,F6_27,Inch,109.41,55,93.00,93.00,218.82,,,,
29,IRIS,IRIS,,1B,Inch,109.41,39,93.00,93.00,218.82,,,,
29,IRIS,IRIS,,2,Inch,109.41,21,93.00,93.00,218.82,,,,
29,IRIS,IRIS,,4,Inch,109.41,30,93.00,93.00,218.82,,,,
29,IRIS,IRIS,,6,Inch,109.41,22,93.00,93.00,218.82,,,,
29,IRIS,IRIS,,F10_16,Inch,109.41,24,93.00,93.00,218.82,,,,
29,IRIS,IRIS,,F14_24,Inch,109.41,20,93.00,93.00,218.82,,,,
29,IRIS,IRIS,,F1B_30,Inch,109.41,25,93.00,93.00,218.82,,,,
29,IRIS,IRIS,,F1B_BURG,Inch,109.41,22,93.00,93.00,218.82,,,,
29,IRIS,IRIS,,F27_613,Inch,109.41,22,93.00,93.00,218.82,,,,
29,IRIS,IRIS,,F4_27,Inch,109.41,19,93.00,93.00,218.82,,,,
29,IRIS,IRIS,,F4_30,Inch,109.41,24,93.00,93.00,218.82,,,,
30,ISABELLA,ISABELLA,,1,Inch,20.59,107,17.50,17.50,41.18,,,,
30,ISABELLA,ISABELLA,,001B,Inch,20.59,149,17.50,17.50,41.18,,,,
30,ISABELLA,ISABELLA,,2,Inch,20.59,108,17.50,17.50,41.18,,,,
30,ISABELLA,ISABELLA,,4,Inch,20.59,109,17.50,17.50,41.18,,,,
30,ISABELLA,ISABELLA,,3T1B_30,Inch,24.12,42,20.50,20.50,48.24,,,,
30,ISABELLA,ISABELLA,,3T1B_33,Inch,24.12,0,20.50,20.50,48.24,,,,
30,ISABELLA,ISABELLA,,3T4_613,Inch,24.12,0,20.50,20.50,48.24,,,,
30,ISABELLA,ISABELLA,,3T5004,Inch,24.12,42,20.50,20.50,48.24,,,,
30,ISABELLA,ISABELLA,,DX2216,Inch,20.59,43,17.50,17.50,41.18,,,,
30,ISABELLA,ISABELLA,,DX3147,Inch,20.59,44,17.50,17.50,41.18,,,,
30,ISABELLA,ISABELLA,,DX4733,Inch,20.59,44,17.50,17.50,41.18,,,,
30,ISABELLA,ISABELLA,,LX3316,Inch,20.59,42,17.50,17.50,41.18,,,,
30,ISABELLA,ISABELLA,,SOM7002,Inch,24.12,43,20.50,20.50,48.24,,,,
30,ISABELLA,ISABELLA,,SOM7003,Inch,24.12,44,20.50,20.50,48.24,,,,
30,ISABELLA,ISABELLA,,SOM7005,Inch,24.12,43,20.50,20.50,48.24,,,,
30,ISABELLA,ISABELLA,,SOM7008,Inch,24.12,43,20.50,20.50,48.24,,,,
30,ISABELLA,ISABELLA,,SOM7016,Inch,24.12,44,20.50,20.50,48.24,,,,
30,ISABELLA,ISABELLA,,TT_BURG,Inch,24.12,42,20.50,20.50,48.24,,,,
30,ISABELLA,ISABELLA,,TT1B_RED,Inch,24.12,43,20.50,20.50,48.24,,,,
30,ISABELLA,ISABELLA,,TT4_27,Inch,24.12,43,20.50,20.50,48.24,,,,
31,JENNIFER,JENNIFER,,1,Inch,11.76,100,10.00,10.00,23.53,,,,
31,JENNIFER,JENNIFER,,001B,Inch,11.76,128,10.00,10.00,23.53,,,,
31,JENNIFER,JENNIFER,,2,Inch,11.76,102,10.00,10.00,23.53,,,,
31,JENNIFER,JENNIFER,,4,Inch,11.76,100,10.00,10.00,23.53,,,,
31,JENNIFER,JENNIFER,,3T1B_30,Inch,15.29,50,13.00,13.00,30.59,,,,
31,JENNIFER,JENNIFER,,3T1B_33,Inch,15.29,0,13.00,13.00,30.59,,,,
31,JENNIFER,JENNIFER,,3T4_613,Inch,15.29,0,13.00,13.00,30.59,,,,
31,JENNIFER,JENNIFER,,3T5004,Inch,15.29,50,13.00,13.00,30.59,,,,
31,JENNIFER,JENNIFER,,DX2216,Inch,11.76,50,10.00,10.00,23.53,,,,
31,JENNIFER,JENNIFER,,DX3147,Inch,11.76,52,10.00,10.00,23.53,,,,
31,JENNIFER,JENNIFER,,DX4733,Inch,11.76,51,10.00,10.00,23.53,,,,
31,JENNIFER,JENNIFER,,LX3316,Inch,11.76,51,10.00,10.00,23.53,,,,
31,JENNIFER,JENNIFER,,SOM7002,Inch,15.29,50,13.00,13.00,30.59,,,,
31,JENNIFER,JENNIFER,,SOM7003,Inch,15.29,52,13.00,13.00,30.59,,,,
31,JENNIFER,JENNIFER,,SOM7005,Inch,15.29,50,13.00,13.00,30.59,,,,
31,JENNIFER,JENNIFER,,SOM7008,Inch,15.29,51,13.00,13.00,30.59,,,,
31,JENNIFER,JENNIFER,,SOM7016,Inch,15.29,52,13.00,13.00,30.59,,,,
31,JENNIFER,JENNIFER,,TT_BURG,Inch,15.29,50,13.00,13.00,30.59,,,,
31,JENNIFER,JENNIFER,,TT1B_RED,Inch,15.29,52,13.00,13.00,30.59,,,,
31,JENNIFER,JENNIFER,,TT4_27,Inch,15.29,51,13.00,13.00,30.59,,,,
32,JULIA,JULIA,,1,Inch,21.76,105,18.50,18.50,43.53,,,,
32,JULIA,JULIA,,001B,Inch,21.76,150,18.50,18.50,43.53,,,,
32,JULIA,JULIA,,2,Inch,21.76,108,18.50,18.50,43.53,,,,
32,JULIA,JULIA,,4,Inch,21.76,108,18.50,18.50,43.53,,,,
32,JULIA,JULIA,,3T1B_30,Inch,25.29,42,21.50,21.50,50.59,,,,
32,JULIA,JULIA,,3T1B_33,Inch,25.29,0,21.50,21.50,50.59,,,,
32,JULIA,JULIA,,3T4_613,Inch,25.29,44,21.50,21.50,50.59,,,,
32,JULIA,JULIA,,3T5004,Inch,25.29,41,21.50,21.50,50.59,,,,
32,JULIA,JULIA,,DX2216,Inch,21.76,40,18.50,18.50,43.53,,,,
32,JULIA,JULIA,,DX3147,Inch,21.76,43,18.50,18.50,43.53,,,,
32,JULIA,JULIA,,DX4733,Inch,21.76,44,18.50,18.50,43.53,,,,
32,JULIA,JULIA,,LX3316,Inch,21.76,42,18.50,18.50,43.53,,,,
32,JULIA,JULIA,,SOM7002,Inch,25.29,44,21.50,21.50,50.59,,,,
32,JULIA,JULIA,,SOM7003,Inch,25.29,41,21.50,21.50,50.59,,,,
32,JULIA,JULIA,,SOM7005,Inch,25.29,42,21.50,21.50,50.59,,,,
32,JULIA,JULIA,,SOM7008,Inch,25.29,42,21.50,21.50,50.59,,,,
32,JULIA,JULIA,,SOM7016,Inch,25.29,41,21.50,21.50,50.59,,,,
32,JULIA,JULIA,,TT_BURG,Inch,25.29,43,21.50,21.50,50.59,,,,
32,JULIA,JULIA,,TT1B_RED,Inch,25.29,44,21.50,21.50,50.59,,,,
32,JULIA,JULIA,,TT4_27,Inch,25.29,42,21.50,21.50,50.59,,,,
33,KAREN,KAREN,,1,Inch,20.59,105,17.50,17.50,41.18,,,,
33,KAREN,KAREN,,001B,Inch,20.59,149,17.50,17.50,41.18,,,,
33,KAREN,KAREN,,2,Inch,20.59,107,17.50,17.50,41.18,,,,
33,KAREN,KAREN,,4,Inch,20.59,107,17.50,17.50,41.18,,,,
33,KAREN,KAREN,,3T1B_30,Inch,24.12,41,20.50,20.50,48.24,,,,
33,KAREN,KAREN,,3T1B_33,Inch,24.12,0,20.50,20.50,48.24,,,,
33,KAREN,KAREN,,3T4_613,Inch,24.12,0,20.50,20.50,48.24,,,,
33,KAREN,KAREN,,3T5004,Inch,24.12,37,20.50,20.50,48.24,,,,
33,KAREN,KAREN,,DX2216,Inch,20.59,41,17.50,17.50,41.18,,,,
33,KAREN,KAREN,,DX3147,Inch,20.59,42,17.50,17.50,41.18,,,,
33,KAREN,KAREN,,DX4733,Inch,20.59,42,17.50,17.50,41.18,,,,
33,KAREN,KAREN,,LX3316,Inch,20.59,39,17.50,17.50,41.18,,,,
33,KAREN,KAREN,,SOM7002,Inch,24.12,41,20.50,20.50,48.24,,,,
33,KAREN,KAREN,,SOM7003,Inch,24.12,42,20.50,20.50,48.24,,,,
33,KAREN,KAREN,,SOM7005,Inch,24.12,42,20.50,20.50,48.24,,,,
33,KAREN,KAREN,,SOM7008,Inch,24.12,42,20.50,20.50,48.24,,,,
33,KAREN,KAREN,,SOM7016,Inch,24.12,40,20.50,20.50,48.24,,,,
33,KAREN,KAREN,,TT_BURG,Inch,24.12,41,20.50,20.50,48.24,,,,
33,KAREN,KAREN,,TT1B_RED,Inch,24.12,42,20.50,20.50,48.24,,,,
33,KAREN,KAREN,,TT4_27,Inch,24.12,41,20.50,20.50,48.24,,,,
1013,KK-BRD-001,KK-BRD-001,,1,Inch,1.40,,1.20,1.20,2.80,,,,
1013,KK-BRD-001,KK-BRD-001,,1B,Inch,1.40,,1.20,1.20,2.80,,,,
1013,KK-BRD-001,KK-BRD-001,,2,Inch,1.40,,1.20,1.20,2.80,,,,
1013,KK-BRD-001,KK-BRD-001,,4,Inch,1.40,,1.20,1.20,2.80,,,,
1013,KK-BRD-001,KK-BRD-001,,27,Inch,1.40,,1.20,1.20,2.80,,,,
1013,KK-BRD-001,KK-BRD-001,,30,Inch,1.40,,1.20,1.20,2.80,,,,
1013,KK-BRD-001,KK-BRD-001,,33,Inch,1.40,,1.20,1.20,2.80,,,,
1013,KK-BRD-001,KK-BRD-001,,P4_30,Inch,1.40,,1.20,1.20,2.80,,,,
1013,KK-BRD-001,KK-BRD-001,,P1B_33,Inch,1.40,,1.20,1.20,2.80,,,,
1013,KK-BRD-001,KK-BRD-001,,P1B_118,Inch,1.40,,1.20,1.20,2.80,,,,
1018,LIYAH,LIYAH,,1,Inch,21.50,20.00,18.50,18.50,43.00,,,,
1018,LIYAH,LIYAH,,1B,Inch,21.50,20.00,18.50,18.50,43.00,,,,
1018,LIYAH,LIYAH,,2,Inch,21.50,20.00,18.50,18.50,43.00,,,,
1018,LIYAH,LIYAH,,4,Inch,21.50,20.00,18.50,18.50,43.00,,,,
1018,LIYAH,LIYAH,,27,Inch,21.50,10.00,18.50,18.50,43.00,,,,
1018,LIYAH,LIYAH,,30,Inch,21.50,10.00,18.50,18.50,43.00,,,,
1018,LIYAH,LIYAH,,33,Inch,21.50,10.00,18.50,18.50,43.00,,,,
1018,LIYAH,LIYAH,,F1B_30,Inch,21.50,10.00,18.50,18.50,43.00,,,,
1018,LIYAH,LIYAH,,F4_27,Inch,21.50,10.00,18.50,18.50,43.00,,,,
1018,LIYAH,LIYAH,,F4_30,Inch,21.50,10.00,18.50,18.50,43.00,,,,
34,LUCY,LUCY,,1,Inch,78.82,38,67.00,67.00,157.65,,,,
34,LUCY,LUCY,,1B,Inch,78.82,61,67.00,67.00,157.65,,,,
34,LUCY,LUCY,,2,Inch,78.82,42,67.00,67.00,157.65,,,,
34,LUCY,LUCY,,4,Inch,78.82,24,67.00,67.00,157.65,,,,
34,LUCY,LUCY,,6,Inch,78.82,29,67.00,67.00,157.65,,,,
34,LUCY,LUCY,,F10_16,Inch,78.82,24,67.00,67.00,157.65,,,,
34,LUCY,LUCY,,F14_24,Inch,78.82,25,67.00,67.00,157.65,,,,
34,LUCY,LUCY,,F1B_30,Inch,78.82,19,67.00,67.00,157.65,,,,
34,LUCY,LUCY,,F1B_BURG,Inch,78.82,23,67.00,67.00,157.65,,,,
34,LUCY,LUCY,,F27_613,Inch,78.82,24,67.00,67.00,157.65,,,,
34,LUCY,LUCY,,F4_27,Inch,78.82,23,67.00,67.00,157.65,,,,
34,LUCY,LUCY,,F4_30,Inch,78.82,19,67.00,67.00,157.65,,,,
34,LUCY,LUCY,,F6_27,Inch,78.82,24,67.00,67.00,157.65,,,,
1019,MARIE,MARIE,,1,Inch,21.00,20.00,18.00,18.00,42.00,,,,
1019,MARIE,MARIE,,1B,Inch,21.00,19.00,18.00,18.00,42.00,,,,
1019,MARIE,MARIE,,2,Inch,21.00,20.00,18.00,18.00,42.00,,,,
1019,MARIE,MARIE,,4,Inch,21.00,20.00,18.00,18.00,42.00,,,,
1019,MARIE,MARIE,,27,Inch,21.00,10.00,18.00,18.00,42.00,,,,
1019,MARIE,MARIE,,30,Inch,21.00,10.00,18.00,18.00,42.00,,,,
1019,MARIE,MARIE,,33,Inch,21.00,10.00,18.00,18.00,42.00,,,,
1019,MARIE,MARIE,,F1B_30,Inch,21.00,10.00,18.00,18.00,42.00,,,,
1019,MARIE,MARIE,,F4_27,Inch,21.00,10.00,18.00,18.00,42.00,,,,
1019,MARIE,MARIE,,F4_30,Inch,21.00,10.00,18.00,18.00,42.00,,,,
1012,MARLEY-BRD-001,MARLEY-BRD-001,,1,Inch,3.50,,3.00,3.00,7.00,,,,
1012,MARLEY-BRD-001,MARLEY-BRD-001,,1B,Inch,3.50,,3.00,3.00,7.00,,,,
1012,MARLEY-BRD-001,MARLEY-BRD-001,,2,Inch,3.50,,3.00,3.00,7.00,,,,
1012,MARLEY-BRD-001,MARLEY-BRD-001,,4,Inch,3.50,,3.00,3.00,7.00,,,,
1012,MARLEY-BRD-001,MARLEY-BRD-001,,27,Inch,3.50,,3.00,3.00,7.00,,,,
1012,MARLEY-BRD-001,MARLEY-BRD-001,,30,Inch,3.50,,3.00,3.00,7.00,,,,
1012,MARLEY-BRD-001,MARLEY-BRD-001,,33,Inch,3.50,,3.00,3.00,7.00,,,,
1012,MARLEY-BRD-001,MARLEY-BRD-001,,P4_30,Inch,3.50,,3.00,3.00,7.00,,,,
1012,MARLEY-BRD-001,MARLEY-BRD-001,,P1B_33,Inch,3.50,,3.00,3.00,7.00,,,,
1012,MARLEY-BRD-001,MARLEY-BRD-001,,P1B_118,Inch,3.50,,3.00,3.00,7.00,,,,
35,MELISSA,MELISSA,,1,Inch,21.18,107,18.00,18.00,42.35,,,,
35,MELISSA,MELISSA,,001B,Inch,21.18,152,18.00,18.00,42.35,,,,
35,MELISSA,MELISSA,,2,Inch,21.18,109,18.00,18.00,42.35,,,,
35,MELISSA,MELISSA,,4,Inch,21.18,109,18.00,18.00,42.35,,,,
35,MELISSA,MELISSA,,3T1B_30,Inch,24.71,41,21.00,21.00,49.41,,,,
35,MELISSA,MELISSA,,3T1B_33,Inch,24.71,0,21.00,21.00,49.41,,,,
35,MELISSA,MELISSA,,3T4_613,Inch,24.71,0,21.00,21.00,49.41,,,,
35,MELISSA,MELISSA,,3T5004,Inch,24.71,43,21.00,21.00,49.41,,,,
35,MELISSA,MELISSA,,DX2216,Inch,21.18,43,18.00,18.00,42.35,,,,
35,MELISSA,MELISSA,,DX3147,Inch,21.18,44,18.00,18.00,42.35,,,,
35,MELISSA,MELISSA,,DX4733,Inch,21.18,44,18.00,18.00,42.35,,,,
35,MELISSA,MELISSA,,LX3316,Inch,21.18,42,18.00,18.00,42.35,,,,
35,MELISSA,MELISSA,,SOM7002,Inch,24.71,43,21.00,21.00,49.41,,,,
35,MELISSA,MELISSA,,SOM7003,Inch,24.71,44,21.00,21.00,49.41,,,,
35,MELISSA,MELISSA,,SOM7005,Inch,24.71,44,21.00,21.00,49.41,,,,
35,MELISSA,MELISSA,,SOM7008,Inch,24.71,42,21.00,21.00,49.41,,,,
35,MELISSA,MELISSA,,SOM7016,Inch,24.71,44,21.00,21.00,49.41,,,,
35,MELISSA,MELISSA,,TT_BURG,Inch,24.71,43,21.00,21.00,49.41,,,,
35,MELISSA,MELISSA,,TT1B_RED,Inch,24.71,44,21.00,21.00,49.41,,,,
35,MELISSA,MELISSA,,TT4_27,Inch,24.71,41,21.00,21.00,49.41,,,,
1020,MIYA,MIYA,,1,Inch,82.00,19.00,69.50,69.50,164.00,,,,
1020,MIYA,MIYA,,1B,Inch,82.00,19.00,69.50,69.50,164.00,,,,
1020,MIYA,MIYA,,2,Inch,82.00,20.00,69.50,69.50,164.00,,,,
1020,MIYA,MIYA,,4,Inch,82.00,20.00,69.50,69.50,164.00,,,,
1020,MIYA,MIYA,,27,Inch,82.00,10.00,69.50,69.50,164.00,,,,
1020,MIYA,MIYA,,30,Inch,82.00,10.00,69.50,69.50,164.00,,,,
1020,MIYA,MIYA,,33,Inch,82.00,10.00,69.50,69.50,164.00,,,,
1020,MIYA,MIYA,,F1B_30,Inch,82.00,10.00,69.50,69.50,164.00,,,,
1020,MIYA,MIYA,,F4_27,Inch,82.00,10.00,69.50,69.50,164.00,,,,
1020,MIYA,MIYA,,F4_30,Inch,82.00,10.00,69.50,69.50,164.00,,,,
36,MONICA,MONICA,,1,Inch,78.82,45,67.00,67.00,157.65,,,,
36,MONICA,MONICA,,1B,Inch,78.82,70,67.00,67.00,157.65,,,,
36,MONICA,MONICA,,2,Inch,78.82,45,67.00,67.00,157.65,,,,
36,MONICA,MONICA,,4,Inch,78.82,27,67.00,67.00,157.65,,,,
36,MONICA,MONICA,,6,Inch,78.82,28,67.00,67.00,157.65,,,,
36,MONICA,MONICA,,F10_16,Inch,78.82,21,67.00,67.00,157.65,,,,
36,MONICA,MONICA,,F14_24,Inch,78.82,23,67.00,67.00,157.65,,,,
36,MONICA,MONICA,,F1B_30,Inch,78.82,24,67.00,67.00,157.65,,,,
36,MONICA,MONICA,,F1B_BURG,Inch,78.82,24,67.00,67.00,157.65,,,,
36,MONICA,MONICA,,F27_613,Inch,78.82,23,67.00,67.00,157.65,,,,
36,MONICA,MONICA,,F4_27,Inch,78.82,23,67.00,67.00,157.65,,,,
36,MONICA,MONICA,,F4_30,Inch,78.82,23,67.00,67.00,157.65,,,,
36,MONICA,MONICA,,F6_27,Inch,78.82,22,67.00,67.00,157.65,,,,
1001,MYANMAR-BD,MYANMAR-BD,10,Natural,Inch,26.50,22.50,22.50,22.50,53.00,,,,
1001,MYANMAR-BD,MYANMAR-BD,12,Natural,Inch,32.00,27.00,27.00,27.00,64.00,,,,
1001,MYANMAR-BD,MYANMAR-BD,14,Natural,Inch,37.50,31.50,31.50,31.50,75.00,,,,
1001,MYANMAR-BD,MYANMAR-BD,16,Natural,Inch,43.00,36.50,36.50,36.50,86.00,,,,
1001,MYANMAR-BD,MYANMAR-BD,18,Natural,Inch,48.00,41.00,41.00,41.00,96.00,,,,
1001,MYANMAR-BD,MYANMAR-BD,20,Natural,Inch,53.50,45.50,45.50,45.50,107.00,,,,
1001,MYANMAR-BD,MYANMAR-BD,22,Natural,Inch,59.00,50.00,50.00,50.00,118.00,,,,
1001,MYANMAR-BD,MYANMAR-BD,24,Natural,Inch,64.00,54.50,54.50,54.50,128.00,,,,
1001,MYANMAR-BD,MYANMAR-BD,26,Natural,Inch,69.50,59.00,59.00,59.00,139.00,,,,
1000,MYANMAR-NW,MYANMAR-NW,10,Natural,Inch,26.00,22.00,22.00,22.00,52.00,,,,
1000,MYANMAR-NW,MYANMAR-NW,12,Natural,Inch,31.50,26.50,26.50,26.50,63.00,,,,
1000,MYANMAR-NW,MYANMAR-NW,14,Natural,Inch,37.00,31.50,31.50,31.50,74.00,,,,
1000,MYANMAR-NW,MYANMAR-NW,16,Natural,Inch,42.50,36.00,36.00,36.00,85.00,,,,
1000,MYANMAR-NW,MYANMAR-NW,18,Natural,Inch,47.50,40.50,40.50,40.50,95.00,,,,
1000,MYANMAR-NW,MYANMAR-NW,20,Natural,Inch,53.00,45.00,45.00,45.00,106.00,,,,
1000,MYANMAR-NW,MYANMAR-NW,22,Natural,Inch,58.50,50.00,50.00,50.00,117.00,,,,
1000,MYANMAR-NW,MYANMAR-NW,24,Natural,Inch,63.50,54.00,54.00,54.00,127.00,,,,
1000,MYANMAR-NW,MYANMAR-NW,26,Natural,Inch,69.00,58.50,58.50,58.50,138.00,,,,
1002,MYANMAR-SC,MYANMAR-SC,14,Natural,Inch,39.50,49.00,33.50,33.50,79.00,,,,
1002,MYANMAR-SC,MYANMAR-SC,16,Natural,Inch,45.00,49.00,38.50,38.50,90.00,,,,
1002,MYANMAR-SC,MYANMAR-SC,18,Natural,Inch,50.50,49.00,43.00,43.00,101.00,,,,
1002,MYANMAR-SC,MYANMAR-SC,20,Natural,Inch,55.50,49.00,47.50,47.50,111.00,,,,
1003,MYANMAR-ST,MYANMAR-ST,10,Natural,Inch,26.00,99.00,22.00,22.00,52.00,,,,
1003,MYANMAR-ST,MYANMAR-ST,12,Natural,Inch,31.50,99.00,26.50,26.50,63.00,,,,
1003,MYANMAR-ST,MYANMAR-ST,14,Natural,Inch,37.00,148.00,31.50,31.50,74.00,,,,
1003,MYANMAR-ST,MYANMAR-ST,16,Natural,Inch,42.50,197.00,36.00,36.00,85.00,,,,
1003,MYANMAR-ST,MYANMAR-ST,18,Natural,Inch,47.50,199.00,40.50,40.50,95.00,,,,
1003,MYANMAR-ST,MYANMAR-ST,20,Natural,Inch,53.00,99.00,45.00,45.00,106.00,,,,
1003,MYANMAR-ST,MYANMAR-ST,22,Natural,Inch,58.50,99.00,50.00,50.00,117.00,,,,
1003,MYANMAR-ST,MYANMAR-ST,24,Natural,Inch,63.50,99.00,54.00,54.00,127.00,,,,
1003,MYANMAR-ST,MYANMAR-ST,26,Natural,Inch,69.00,99.00,58.50,58.50,138.00,,,,
1021,ONNA,ONNA,,1,Inch,21.00,20.00,18.00,18.00,42.00,,,,
1021,ONNA,ONNA,,1B,Inch,21.00,20.00,18.00,18.00,42.00,,,,
1021,ONNA,ONNA,,2,Inch,21.00,20.00,18.00,18.00,42.00,,,,
1021,ONNA,ONNA,,4,Inch,21.00,20.00,18.00,18.00,42.00,,,,
1021,ONNA,ONNA,,27,Inch,21.00,10.00,18.00,18.00,42.00,,,,
1021,ONNA,ONNA,,30,Inch,21.00,10.00,18.00,18.00,42.00,,,,
1021,ONNA,ONNA,,33,Inch,21.00,10.00,18.00,18.00,42.00,,,,
1021,ONNA,ONNA,,F1B_30,Inch,21.00,10.00,18.00,18.00,42.00,,,,
1021,ONNA,ONNA,,F4_27,Inch,21.00,10.00,18.00,18.00,42.00,,,,
1021,ONNA,ONNA,,F4_30,Inch,21.00,10.00,18.00,18.00,42.00,,,,
4,PAIGE,PAIGE,,1,Inch,11.76,95,10.00,10.00,23.53,,,,
4,PAIGE,PAIGE,,1B,Inch,11.76,148,10.00,10.00,23.53,,,,
4,PAIGE,PAIGE,,2,Inch,11.76,98,10.00,10.00,23.53,,,,
4,PAIGE,PAIGE,,4,Inch,11.76,74,10.00,10.00,23.53,,,,
4,PAIGE,PAIGE,,F1B_30,Inch,11.76,50,10.00,10.00,23.53,,,,
4,PAIGE,PAIGE,,F1B_BURG,Inch,11.76,48,10.00,10.00,23.53,,,,
4,PAIGE,PAIGE,,F4_30,Inch,11.76,49,10.00,10.00,23.53,,,,
4,PAIGE,PAIGE,,T4_30_27,Inch,11.76,50,10.00,10.00,23.53,,,,
5,SB001,SB001,,1,Inch,8.82,394,7.50,7.50,17.65,,,,
5,SB001,SB001,,1B,Inch,8.82,499,7.50,7.50,17.65,,,,
5,SB001,SB001,,2,Inch,8.82,299,7.50,7.50,17.65,,,,
5,SB001,SB001,,27,Inch,8.82,199,7.50,7.50,17.65,,,,
5,SB001,SB001,,30,Inch,8.82,196,7.50,7.50,17.65,,,,
5,SB001,SB001,,4,Inch,8.82,199,7.50,7.50,17.65,,,,
5,SB001,SB001,,F1B_30,Inch,8.82,199,7.50,7.50,17.65,,,,
5,SB001,SB001,,F4_30,Inch,8.82,198,7.50,7.50,17.65,,,,
6,SB002,SB002,,1,Inch,11.76,397,10.00,10.00,23.53,,,,
6,SB002,SB002,,1B,Inch,11.76,498,10.00,10.00,23.53,,,,
6,SB002,SB002,,2,Inch,11.76,300,10.00,10.00,23.53,,,,
6,SB002,SB002,,27,Inch,11.76,199,10.00,10.00,23.53,,,,
6,SB002,SB002,,30,Inch,11.76,200,10.00,10.00,23.53,,,,
6,SB002,SB002,,4,Inch,11.76,200,10.00,10.00,23.53,,,,
6,SB002,SB002,,F1B_30,Inch,11.76,199,10.00,10.00,23.53,,,,
6,SB002,SB002,,F4_30,Inch,11.76,198,10.00,10.00,23.53,,,,
7,SC001,SC001,,1,Inch,11.18,396,9.50,9.50,22.35,,,,
7,SC001,SC001,,1B,Inch,11.18,499,9.50,9.50,22.35,,,,
7,SC001,SC001,,2,Inch,11.18,300,9.50,9.50,22.35,,,,
7,SC001,SC001,,27,Inch,11.18,200,9.50,9.50,22.35,,,,
7,SC001,SC001,,30,Inch,11.18,200,9.50,9.50,22.35,,,,
7,SC001,SC001,,4,Inch,11.18,199,9.50,9.50,22.35,,,,
7,SC001,SC001,,F1B_30,Inch,11.18,199,9.50,9.50,22.35,,,,
7,SC001,SC001,,F4_30,Inch,11.18,198,9.50,9.50,22.35,,,,
21,SHE_SY,SILKY YAKY,8,1,Inch,8.82,372,7.50,7.50,17.65,,,,
21,SHE_SY,SILKY YAKY,8,1B,Inch,8.82,467,7.50,7.50,17.65,,,,
21,SHE_SY,SILKY YAKY,8,2,Inch,8.82,384,7.50,7.50,17.65,,,,
21,SHE_SY,SILKY YAKY,8,4,Inch,8.82,388,7.50,7.50,17.65,,,,
21,SHE_SY,SILKY YAKY,8,27,Inch,10.00,200,8.50,8.50,20.00,,,,
21,SHE_SY,SILKY YAKY,8,30,Inch,8.82,200,7.50,7.50,17.65,,,,
21,SHE_SY,SILKY YAKY,8,33,Inch,8.82,200,7.50,7.50,17.65,,,,
21,SHE_SY,SILKY YAKY,8,P1B_27,Inch,11.18,150,9.50,9.50,22.35,,,,
21,SHE_SY,SILKY YAKY,8,P1B_30,Inch,11.18,150,9.50,9.50,22.35,,,,
21,SHE_SY,SILKY YAKY,8,P4_30,Inch,11.18,150,9.50,9.50,22.35,,,,
21,SHE_SY,SILKY YAKY,10,1,Inch,11.18,550,9.50,9.50,22.35,,,,
21,SHE_SY,SILKY YAKY,10,1B,Inch,11.18,702,9.50,9.50,22.35,,,,
21,SHE_SY,SILKY YAKY,10,2,Inch,11.18,478,9.50,9.50,22.35,,,,
21,SHE_SY,SILKY YAKY,10,4,Inch,11.18,378,9.50,9.50,22.35,,,,
21,SHE_SY,SILKY YAKY,10,27,Inch,12.35,194,10.50,10.50,24.71,,,,
21,SHE_SY,SILKY YAKY,10,30,Inch,11.18,199,9.50,9.50,22.35,,,,
21,SHE_SY,SILKY YAKY,10,33,Inch,11.18,200,9.50,9.50,22.35,,,,
21,SHE_SY,SILKY YAKY,10,P1B_27,Inch,13.53,200,11.50,11.50,27.06,,,,
21,SHE_SY,SILKY YAKY,10,P1B_30,Inch,13.53,194,11.50,11.50,27.06,,,,
21,SHE_SY,SILKY YAKY,10,P4_30,Inch,13.53,194,11.50,11.50,27.06,,,,
21,SHE_SY,SILKY YAKY,12,1,Inch,16.47,552,14.00,14.00,32.94,,,,
21,SHE_SY,SILKY YAKY,12,1B,Inch,16.47,699,14.00,14.00,32.94,,,,
21,SHE_SY,SILKY YAKY,12,2,Inch,16.47,478,14.00,14.00,32.94,,,,
21,SHE_SY,SILKY YAKY,12,4,Inch,16.47,377,14.00,14.00,32.94,,,,
21,SHE_SY,SILKY YAKY,12,27,Inch,17.65,193,15.00,15.00,35.29,,,,
21,SHE_SY,SILKY YAKY,12,30,Inch,16.47,200,14.00,14.00,32.94,,,,
21,SHE_SY,SILKY YAKY,12,33,Inch,16.47,200,14.00,14.00,32.94,,,,
21,SHE_SY,SILKY YAKY,12,P1B_27,Inch,18.82,200,16.00,16.00,37.65,,,,
21,SHE_SY,SILKY YAKY,12,P1B_30,Inch,18.82,192,16.00,16.00,37.65,,,,
21,SHE_SY,SILKY YAKY,12,P4_30,Inch,18.82,194,16.00,16.00,37.65,,,,
21,SHE_SY,SILKY YAKY,14,1,Inch,22.94,465,19.50,19.50,45.88,,,,
21,SHE_SY,SILKY YAKY,14,1B,Inch,22.94,566,19.50,19.50,45.88,,,,
21,SHE_SY,SILKY YAKY,14,2,Inch,22.94,482,19.50,19.50,45.88,,,,
21,SHE_SY,SILKY YAKY,14,4,Inch,22.94,382,19.50,19.50,45.88,,,,
21,SHE_SY,SILKY YAKY,14,27,Inch,24.12,194,20.50,20.50,48.24,,,,
21,SHE_SY,SILKY YAKY,14,30,Inch,22.94,200,19.50,19.50,45.88,,,,
21,SHE_SY,SILKY YAKY,14,33,Inch,22.94,199,19.50,19.50,45.88,,,,
21,SHE_SY,SILKY YAKY,14,P1B_27,Inch,25.29,149,21.50,21.50,50.59,,,,
21,SHE_SY,SILKY YAKY,14,P1B_30,Inch,25.29,143,21.50,21.50,50.59,,,,
21,SHE_SY,SILKY YAKY,14,P4_30,Inch,25.29,141,21.50,21.50,50.59,,,,
21,SHE_SY,SILKY YAKY,16,1,Inch,28.82,377,24.50,24.50,57.65,,,,
21,SHE_SY,SILKY YAKY,16,1B,Inch,28.82,478,24.50,24.50,57.65,,,,
21,SHE_SY,SILKY YAKY,16,2,Inch,28.82,388,24.50,24.50,57.65,,,,
21,SHE_SY,SILKY YAKY,16,4,Inch,28.82,388,24.50,24.50,57.65,,,,
21,SHE_SY,SILKY YAKY,16,27,Inch,30.00,200,25.50,25.50,60.00,,,,
21,SHE_SY,SILKY YAKY,16,30,Inch,28.82,200,24.50,24.50,57.65,,,,
21,SHE_SY,SILKY YAKY,16,33,Inch,28.82,200,24.50,24.50,57.65,,,,
21,SHE_SY,SILKY YAKY,16,P1B_27,Inch,31.18,150,26.50,26.50,62.35,,,,
21,SHE_SY,SILKY YAKY,16,P1B_30,Inch,31.18,150,26.50,26.50,62.35,,,,
21,SHE_SY,SILKY YAKY,16,P4_30,Inch,31.18,148,26.50,26.50,62.35,,,,
1005,SHUNFA-BW ,SHUNFA-BW ,10,Natural,Inch,45.50,49.00,38.50,38.50,91.00,,,,
1005,SHUNFA-BW ,SHUNFA-BW ,12,Natural,Inch,52.50,49.00,45.00,45.00,105.00,,,,
1005,SHUNFA-BW ,SHUNFA-BW ,14,Natural,Inch,58.00,49.00,49.50,49.50,116.00,,,,
1005,SHUNFA-BW ,SHUNFA-BW ,16,Natural,Inch,65.50,49.00,55.50,55.50,131.00,,,,
1005,SHUNFA-BW ,SHUNFA-BW ,18,Natural,Inch,85.50,49.00,73.00,73.00,171.00,,,,
1005,SHUNFA-BW ,SHUNFA-BW ,20,Natural,Inch,89.50,49.00,76.00,76.00,179.00,,,,
1005,SHUNFA-BW ,SHUNFA-BW ,22,Natural,Inch,97.50,49.00,83.00,83.00,195.00,,,,
1005,SHUNFA-BW ,SHUNFA-BW ,24,Natural,Inch,111.50,49.00,94.50,94.50,223.00,,,,
1005,SHUNFA-BW ,SHUNFA-BW ,26,Natural,Inch,120.00,49.00,102.00,102.00,240.00,,,,
1004,SHUNFA-NW ,SHUNFA-NW ,10,Natural,Inch,45.00,49.00,38.00,38.00,90.00,,,,
1004,SHUNFA-NW ,SHUNFA-NW ,12,Natural,Inch,52.50,49.00,44.50,44.50,105.00,,,,
1004,SHUNFA-NW ,SHUNFA-NW ,14,Natural,Inch,57.50,49.00,49.00,49.00,115.00,,,,
1004,SHUNFA-NW ,SHUNFA-NW ,16,Natural,Inch,65.00,49.00,55.50,55.50,130.00,,,,
1004,SHUNFA-NW ,SHUNFA-NW ,18,Natural,Inch,85.00,49.00,72.50,72.50,170.00,,,,
1004,SHUNFA-NW ,SHUNFA-NW ,20,Natural,Inch,89.00,49.00,75.50,75.50,178.00,,,,
1004,SHUNFA-NW ,SHUNFA-NW ,22,Natural,Inch,97.00,49.00,82.50,82.50,194.00,,,,
1004,SHUNFA-NW ,SHUNFA-NW ,24,Natural,Inch,111.00,49.00,94.00,94.00,222.00,,,,
1004,SHUNFA-NW ,SHUNFA-NW ,26,Natural,Inch,119.50,49.00,101.50,101.50,239.00,,,,
1006,SHUNFA-ST,SHUNFA-ST,10,Natural,Inch,45.00,49.00,38.00,38.00,90.00,,,,
1006,SHUNFA-ST,SHUNFA-ST,12,Natural,Inch,52.50,49.00,44.50,44.50,105.00,,,,
1006,SHUNFA-ST,SHUNFA-ST,14,Natural,Inch,57.50,49.00,49.00,49.00,115.00,,,,
1006,SHUNFA-ST,SHUNFA-ST,16,Natural,Inch,65.00,49.00,55.50,55.50,130.00,,,,
1006,SHUNFA-ST,SHUNFA-ST,18,Natural,Inch,85.00,49.00,72.50,72.50,170.00,,,,
1006,SHUNFA-ST,SHUNFA-ST,20,Natural,Inch,89.00,49.00,75.50,75.50,178.00,,,,
1006,SHUNFA-ST,SHUNFA-ST,22,Natural,Inch,97.00,49.00,82.50,82.50,194.00,,,,
1006,SHUNFA-ST,SHUNFA-ST,24,Natural,Inch,111.00,49.00,94.00,94.00,222.00,,,,
1006,SHUNFA-ST,SHUNFA-ST,26,Natural,Inch,119.50,49.00,101.50,101.50,239.00,,,,
1022,SIMONE,SIMONE,,1,Inch,19.50,20.00,16.50,16.50,39.00,,,,
1022,SIMONE,SIMONE,,1B,Inch,19.50,20.00,16.50,16.50,39.00,,,,
1022,SIMONE,SIMONE,,2,Inch,19.50,20.00,16.50,16.50,39.00,,,,
1022,SIMONE,SIMONE,,4,Inch,19.50,20.00,16.50,16.50,39.00,,,,
1022,SIMONE,SIMONE,,27,Inch,19.50,10.00,16.50,16.50,39.00,,,,
1022,SIMONE,SIMONE,,30,Inch,19.50,10.00,16.50,16.50,39.00,,,,
1022,SIMONE,SIMONE,,33,Inch,19.50,10.00,16.50,16.50,39.00,,,,
1022,SIMONE,SIMONE,,F1B_30,Inch,19.50,10.00,16.50,16.50,39.00,,,,
1022,SIMONE,SIMONE,,F4_27,Inch,19.50,9.00,16.50,16.50,39.00,,,,
1022,SIMONE,SIMONE,,F4_30,Inch,19.50,10.00,16.50,16.50,39.00,,,,
1014,SP-BRD-001,SP-BRD-001,,1,Inch,0.70,"4,599.00",0.60,0.60,1.40,,,,
1014,SP-BRD-001,SP-BRD-001,,1B,Inch,0.70,"4,096.00",0.60,0.60,1.40,,,,
1014,SP-BRD-001,SP-BRD-001,,2,Inch,0.70,"5,299.00",0.60,0.60,1.40,,,,
1014,SP-BRD-001,SP-BRD-001,,4,Inch,0.70,"2,899.00",0.60,0.60,1.40,,,,
1014,SP-BRD-001,SP-BRD-001,,27,Inch,0.70,0.00,0.60,0.60,1.40,,,,
1014,SP-BRD-001,SP-BRD-001,,30,Inch,0.70,499.00,0.60,0.60,1.40,,,,
1014,SP-BRD-001,SP-BRD-001,,33,Inch,0.70,499.00,0.60,0.60,1.40,,,,
1014,SP-BRD-001,SP-BRD-001,,P4_30,Inch,0.70,0.00,0.60,0.60,1.40,,,,
1014,SP-BRD-001,SP-BRD-001,,P1B_33,Inch,0.70,199.00,0.60,0.60,1.40,,,,
1014,SP-BRD-001,SP-BRD-001,,P1B_118,Inch,0.70,0.00,0.60,0.60,1.40,,,,
1023,STACY,STACY,,1,Inch,80.00,19.00,68.00,68.00,160.00,,,,
1023,STACY,STACY,,1B,Inch,80.00,20.00,68.00,68.00,160.00,,,,
1023,STACY,STACY,,2,Inch,80.00,19.00,68.00,68.00,160.00,,,,
1023,STACY,STACY,,4,Inch,80.00,20.00,68.00,68.00,160.00,,,,
1023,STACY,STACY,,27,Inch,80.00,10.00,68.00,68.00,160.00,,,,
1023,STACY,STACY,,30,Inch,80.00,10.00,68.00,68.00,160.00,,,,
1023,STACY,STACY,,33,Inch,80.00,10.00,68.00,68.00,160.00,,,,
1023,STACY,STACY,,F1B_30,Inch,80.00,10.00,68.00,68.00,160.00,,,,
1023,STACY,STACY,,F4_27,Inch,80.00,10.00,68.00,68.00,160.00,,,,
1023,STACY,STACY,,F4_30,Inch,80.00,10.00,68.00,68.00,160.00,,,,
8,TFH-001,TFH-001,,1,Inch,32.94,72,28.00,28.00,65.88,,,,
8,TFH-001,TFH-001,,1B,Inch,32.94,8,28.00,28.00,65.88,,,,
8,TFH-001,TFH-001,,2,Inch,32.94,1,28.00,28.00,65.88,,,,
8,TFH-001,TFH-001,,4,Inch,32.94,11,28.00,28.00,65.88,,,,
8,TFH-001,TFH-001,,27,Inch,32.94,21,28.00,28.00,65.88,,,,
8,TFH-001,TFH-001,,30,Inch,32.94,26,28.00,28.00,65.88,,,,
8,TFH-001,TFH-001,,613,Inch,32.94,20,28.00,28.00,65.88,,,,
8,TFH-001,TFH-001,,M4_30,Inch,32.94,21,28.00,28.00,65.88,,,,
9,TFH-002,TFH-002 ,,1,Inch,64.71,45,55.00,55.00,129.41,,,,
9,TFH-002,TFH-002 ,,1B,Inch,64.71,94,55.00,55.00,129.41,,,,
9,TFH-002,TFH-002 ,,2,Inch,64.71,42,55.00,55.00,129.41,,,,
9,TFH-002,TFH-002 ,,4,Inch,64.71,24,55.00,55.00,129.41,,,,
9,TFH-002,TFH-002 ,,27,Inch,64.71,27,55.00,55.00,129.41,,,,
9,TFH-002,TFH-002 ,,30,Inch,64.71,28,55.00,55.00,129.41,,,,
9,TFH-002,TFH-002 ,,613,Inch,64.71,25,55.00,55.00,129.41,,,,
9,TFH-002,TFH-002 ,,M4_30,Inch,64.71,24,55.00,55.00,129.41,,,,
10,TFH-003,TFH-003,,1,Inch,55.29,48,47.00,47.00,110.59,,,,
10,TFH-003,TFH-003,,1B,Inch,55.29,99,47.00,47.00,110.59,,,,
10,TFH-003,TFH-003,,2,Inch,55.29,49,47.00,47.00,110.59,,,,
10,TFH-003,TFH-003,,4,Inch,55.29,28,47.00,47.00,110.59,,,,
10,TFH-003,TFH-003,,27,Inch,55.29,26,47.00,47.00,110.59,,,,
10,TFH-003,TFH-003,,30,Inch,55.29,30,47.00,47.00,110.59,,,,
10,TFH-003,TFH-003,,613,Inch,55.29,28,47.00,47.00,110.59,,,,
10,TFH-003,TFH-003,,M4_30,Inch,55.29,30,47.00,47.00,110.59,,,,
11,TFH-004,TFH-004,,1,Inch,34.71,44,29.50,29.50,69.41,,,,
11,TFH-004,TFH-004,,1B,Inch,34.71,83,29.50,29.50,69.41,,,,
11,TFH-004,TFH-004,,2,Inch,34.71,33,29.50,29.50,69.41,,,,
11,TFH-004,TFH-004,,4,Inch,34.71,21,29.50,29.50,69.41,,,,
11,TFH-004,TFH-004,,27,Inch,34.71,22,29.50,29.50,69.41,,,,
11,TFH-004,TFH-004,,30,Inch,34.71,24,29.50,29.50,69.41,,,,
11,TFH-004,TFH-004,,613,Inch,34.71,18,29.50,29.50,69.41,,,,
11,TFH-004,TFH-004,,M4_30,Inch,34.71,24,29.50,29.50,69.41,,,,
12,TFH-005,TFH-005 (Straight),,NATURAL,Inch,42.94,316,36.50,36.50,85.88,,,,
13,TFH-006,TFH-006 (Curly),,NATURAL,Inch,44.12,328,37.50,37.50,88.24,,,,
14,TFHB-001,TFHB-001,,1,Inch,64.12,39,54.50,54.50,128.24,,,,
14,TFHB-001,TFHB-001,,1B,Inch,64.12,74,54.50,54.50,128.24,,,,
14,TFHB-001,TFHB-001,,2,Inch,64.12,25,54.50,54.50,128.24,,,,
14,TFHB-001,TFHB-001,,4,Inch,64.12,19,54.50,54.50,128.24,,,,
14,TFHB-001,TFHB-001,,27,Inch,64.12,26,54.50,54.50,128.24,,,,
14,TFHB-001,TFHB-001,,30,Inch,64.12,28,54.50,54.50,128.24,,,,
14,TFHB-001,TFHB-001,,613,Inch,64.12,26,54.50,54.50,128.24,,,,
14,TFHB-001,TFHB-001,,M4_30,Inch,64.12,26,54.50,54.50,128.24,,,,
15,TFHB-002,TFHB-002 ,,1,Inch,27.65,41,23.50,23.50,55.29,,,,
15,TFHB-002,TFHB-002 ,,1B,Inch,27.65,31,23.50,23.50,55.29,,,,
15,TFHB-002,TFHB-002 ,,2,Inch,27.65,3,23.50,23.50,55.29,,,,
15,TFHB-002,TFHB-002 ,,4,Inch,27.65,9,23.50,23.50,55.29,,,,
15,TFHB-002,TFHB-002 ,,27,Inch,27.65,22,23.50,23.50,55.29,,,,
15,TFHB-002,TFHB-002 ,,30,Inch,27.65,20,23.50,23.50,55.29,,,,
15,TFHB-002,TFHB-002 ,,613,Inch,27.65,20,23.50,23.50,55.29,,,,
15,TFHB-002,TFHB-002 ,,M4_30,Inch,27.65,21,23.50,23.50,55.29,,,,
16,TFHB-003,TFHB-003,,1,Inch,29.41,44,25.00,25.00,58.82,,,,
16,TFHB-003,TFHB-003,,1B,Inch,29.41,39,25.00,25.00,58.82,,,,
16,TFHB-003,TFHB-003,,2,Inch,29.41,0,25.00,25.00,58.82,,,,
16,TFHB-003,TFHB-003,,4,Inch,29.41,19,25.00,25.00,58.82,,,,
16,TFHB-003,TFHB-003,,27,Inch,29.41,25,25.00,25.00,58.82,,,,
16,TFHB-003,TFHB-003,,30,Inch,29.41,25,25.00,25.00,58.82,,,,
16,TFHB-003,TFHB-003,,613,Inch,29.41,25,25.00,25.00,58.82,,,,
16,TFHB-003,TFHB-003,,M4_30,Inch,29.41,26,25.00,25.00,58.82,,,,
17,TFHB-004,TFHB-004,,1,Inch,117.06,85,99.50,99.50,234.12,,,,
17,TFHB-004,TFHB-004,,1B,Inch,117.06,85,99.50,99.50,234.12,,,,
17,TFHB-004,TFHB-004,,2,Inch,117.06,85,99.50,99.50,234.12,,,,
17,TFHB-004,TFHB-004,,4,Inch,117.06,85,99.50,99.50,234.12,,,,
17,TFHB-004,TFHB-004,,27,Inch,117.06,85,99.50,99.50,234.12,,,,
17,TFHB-004,TFHB-004,,30,Inch,117.06,85,99.50,99.50,234.12,,,,
17,TFHB-004,TFHB-004,,613,Inch,117.06,85,99.50,99.50,234.12,,,,
17,TFHB-004,TFHB-004,,M4_30,Inch,117.06,85,99.50,99.50,234.12,,,,
1024,TRINA,TRINA,,1,Inch,18.00,20.00,15.50,15.50,36.00,,,,
1024,TRINA,TRINA,,1B,Inch,18.00,20.00,15.50,15.50,36.00,,,,
1024,TRINA,TRINA,,2,Inch,18.00,20.00,15.50,15.50,36.00,,,,
1024,TRINA,TRINA,,4,Inch,18.00,20.00,15.50,15.50,36.00,,,,
1024,TRINA,TRINA,,27,Inch,18.00,9.00,15.50,15.50,36.00,,,,
1024,TRINA,TRINA,,30,Inch,18.00,10.00,15.50,15.50,36.00,,,,
1024,TRINA,TRINA,,33,Inch,18.00,10.00,15.50,15.50,36.00,,,,
1024,TRINA,TRINA,,F1B_30,Inch,18.00,10.00,15.50,15.50,36.00,,,,
1024,TRINA,TRINA,,F4_27,Inch,18.00,10.00,15.50,15.50,36.00,,,,
1024,TRINA,TRINA,,F4_30,Inch,18.00,10.00,15.50,15.50,36.00,,,,
37,VIVIAN,VIVIAN,,1,Inch,16.47,148,14.00,14.00,32.94,,,,
37,VIVIAN,VIVIAN,,1B,Inch,16.47,148,14.00,14.00,32.94,,,,
37,VIVIAN,VIVIAN,,2,Inch,16.47,98,14.00,14.00,32.94,,,,
37,VIVIAN,VIVIAN,,280,Inch,16.47,46,14.00,14.00,32.94,,,,
37,VIVIAN,VIVIAN,,34,Inch,16.47,22,14.00,14.00,32.94,,,,
37,VIVIAN,VIVIAN,,4,Inch,16.47,21,14.00,14.00,32.94,,,,
37,VIVIAN,VIVIAN,,44,Inch,16.47,22,14.00,14.00,32.94,,,,
37,VIVIAN,VIVIAN,,51,Inch,16.47,22,14.00,14.00,32.94,,,,
37,VIVIAN,VIVIAN,,F1B_30,Inch,16.47,24,14.00,14.00,32.94,,,,
,,,,,,,,,,,,,,
,,,,,,,,,,,,,,
,,,,,,,,,,,,,,
,,,,,,,,,,,,,,
,,,,,,,,,,,,,,
,,,,,,,,,,,,,,
,,,,,,,,,,,,,,
,,,,,,,,,,,,,,
,,,,,,,,,,,,,,
,,,,,,,,,,,,,,
,,,,,,,,,,,,,,
,,,,,,,,,,,,,,
