ID,PRODUCT_CODE,SKU,LENGTH,COLOR,TYPE,PRICE,STOCK,MANUFACTUREPRICE,WHOLESALEPRICE,REGULARPRICE,
1003,MYANMAR-ST,MYANMAR-ST,10,Natural,Inch,26,99,34.5,22,52,
1003,MYANMAR-ST,MYANMAR-ST,12,Natural,Inch,31.5,99,41.5,26.5,63,
1003,MYANMAR-ST,MYANMAR-ST,14,Natural,Inch,37,148,49,31.5,74,
1003,MYANMAR-ST,MYANMAR-ST,16,Natural,Inch,42.5,197,56.5,36,85,
1003,MYANMAR-ST,MYANMAR-ST,18,Natural,Inch,47.5,199,63.5,40.5,95,
1003,MYANMAR-ST,MYANMAR-ST,20,Natural,Inch,53,99,70.5,45,106,
1003,MYANMAR-ST,MYANMAR-ST,22,Natural,Inch,58.5,99,78,50,117,
1003,MYANMAR-ST,MYANMAR-ST,24,Natural,Inch,63.5,99,84.5,54,127,
1003,MYANMAR-ST,MYANMAR-ST,26,Natural,Inch,69,99,92,58.5,138,
1005,SHUNFA-BW ,SHUNFA-NW ,10,Natural,Inch,45,49,60.5,38,90,
1005,SHUNFA-BW ,SHUNFA-NW ,12,Natural,Inch,52.5,49,70.5,44.5,105,
1005,SHUNFA-BW ,SHUNFA-NW ,14,Natural,Inch,57.5,49,77.5,49,115,
1005,SHUNFA-BW ,SHUNFA-NW ,16,Natural,Inch,65,49,87.5,55.5,130,
1005,SHUNFA-BW ,SHUNFA-NW ,18,Natural,Inch,85,49,114,72.5,170,
1005,SHUNFA-BW ,SHUNFA-NW ,20,Natural,Inch,89,49,119,75.5,178,
1005,SHUNFA-BW ,SHUNFA-NW ,22,Natural,Inch,97,49,130,82.5,194,
1005,SHUNFA-BW ,SHUNFA-NW ,24,Natural,Inch,111,49,148.5,94,222,
1005,SHUNFA-BW ,SHUNFA-NW ,26,Natural,Inch,119.5,49,160,101.5,239,
1004,SHUNFA-NW ,SHUNFA-BW ,10,Natural,Inch,45.5,49,60,38.5,91,
1004,SHUNFA-NW ,SHUNFA-BW ,12,Natural,Inch,52.5,49,69.5,45,105,
1004,SHUNFA-NW ,SHUNFA-BW ,14,Natural,Inch,58,49,77,49.5,116,
1004,SHUNFA-NW ,SHUNFA-BW ,16,Natural,Inch,65.5,49,86.5,55.5,131,
1004,SHUNFA-NW ,SHUNFA-BW ,18,Natural,Inch,85.5,49,113.5,73,171,
1004,SHUNFA-NW ,SHUNFA-BW ,20,Natural,Inch,89.5,49,118.5,76,179,
1004,SHUNFA-NW ,SHUNFA-BW ,22,Natural,Inch,97.5,49,129,83,195,
1004,SHUNFA-NW ,SHUNFA-BW ,24,Natural,Inch,111.5,49,147.5,94.5,223,
1004,SHUNFA-NW ,SHUNFA-BW ,26,Natural,Inch,120,49,159.5,102,240,
1000,MYANMAR-NW,MYANMAR-NW,10,Natural,Inch,26,49,34.5,22,52,
1000,MYANMAR-NW,MYANMAR-NW,12,Natural,Inch,31.5,49,41.5,26.5,63,
1000,MYANMAR-NW,MYANMAR-NW,14,Natural,Inch,37,99,49,31.5,74,
1000,MYANMAR-NW,MYANMAR-NW,16,Natural,Inch,42.5,99,56.5,36,85,
1000,MYANMAR-NW,MYANMAR-NW,18,Natural,Inch,47.5,96,63.5,40.5,95,
1000,MYANMAR-NW,MYANMAR-NW,20,Natural,Inch,53,47,70.5,45,106,
1000,MYANMAR-NW,MYANMAR-NW,22,Natural,Inch,58.5,47,78,50,117,
1000,MYANMAR-NW,MYANMAR-NW,24,Natural,Inch,63.5,49,84.5,54,127,
1000,MYANMAR-NW,MYANMAR-NW,26,Natural,Inch,69,49,92,58.5,138,
1053,TRINA,TRINA,,1,Inch,18,20,24,15.5,36,
1053,TRINA,TRINA,,001B,Inch,18,20,24,15.5,36,
1053,TRINA,TRINA,,2,Inch,18,20,24,15.5,36,
1053,TRINA,TRINA,,4,Inch,18,20,24,15.5,36,
1053,TRINA,TRINA,,27,Inch,18,9,24,15.5,36,
1053,TRINA,TRINA,,30,Inch,18,10,24,15.5,36,
1053,TRINA,TRINA,,33,Inch,18,10,24,15.5,36,
1053,TRINA,TRINA,,F1B_30,Inch,18,10,24,15.5,36,
1053,TRINA,TRINA,,F4_27,Inch,18,10,24,15.5,36,
1053,TRINA,TRINA,,F4_30,Inch,18,10,24,15.5,36,
1023,STACY,STACY,,1,Inch,80,19,107,68,160,
1023,STACY,STACY,,1B,Inch,80,20,107,68,160,
1023,STACY,STACY,,2,Inch,80,19,107,68,160,
1023,STACY,STACY,,4,Inch,80,20,107,68,160,
1023,STACY,STACY,,27,Inch,80,10,107,68,160,
1023,STACY,STACY,,30,Inch,80,10,107,68,0,
1023,STACY,STACY,,33,Inch,80,10,107,68,0,
1023,STACY,STACY,,F1B_30,Inch,80,10,107,68,0,
1023,STACY,STACY,,F4_27,Inch,80,10,107,68,0,
1023,STACY,STACY,,F4_30,Inch,80,10,107,68,0,
1022,SIMONE,SIMONE,,1,Inch,19.5,20,26,16.5,39,
1022,SIMONE,SIMONE,,1B,Inch,19.5,20,26,16.5,39,
1022,SIMONE,SIMONE,,2,Inch,19.5,20,26,16.5,39,
1022,SIMONE,SIMONE,,4,Inch,19.5,20,26,16.5,39,
1022,SIMONE,SIMONE,,27,Inch,19.5,10,26,16.5,39,
1022,SIMONE,SIMONE,,30,Inch,19.5,10,26,16.5,39,
1022,SIMONE,SIMONE,,33,Inch,19.5,10,26,16.5,39,
1022,SIMONE,SIMONE,,F1B_30,Inch,19.5,10,26,16.5,39,
1022,SIMONE,SIMONE,,F4_27,Inch,19.5,9,26,16.5,39,
1022,SIMONE,SIMONE,,F4_30,Inch,19.5,10,26,16.5,39,
1,FAC-NA,FAC-NA,12,NATURAL,,24.00,970,40.00,20,62,
1,FAC-NA,FAC-NA,14,NATURAL,,35.00,651,58.00,29.1,90,
1,FAC-NA,FAC-NA,16,NATURAL,,43.00,565,73.00,36.3,113,
1,FAC-NA,FAC-NA,18,NATURAL,,53.00,573,89.00,44.1,143,
1,FAC-NA,FAC-NA,20,NATURAL,,62.00,370,104.00,52,169,
1,FAC-NA,FAC-NA,22,NATURAL,,71.00,0,120.00,59.8,188,
1,FAC-NA,FAC-NA,24,NATURAL,,77.00,0,130.00,65.1,214,
1,FAC-NA,FAC-NA,26,NATURAL,,83.00,0,141.00,70.3,240,
33,AND-STW,AND-STW,16,1,Inch,50,297,85.00,63.75,164,
33,AND-STW,AND-STW,16,001B,Inch,50,297,85.00,63.75,164,
33,AND-STW,AND-STW,16,2,Inch,50,98,85.00,63.75,164,
33,AND-STW,AND-STW,16,4,Inch,50,98,85.00,63.75,164,
33,AND-STW,AND-STW,16,22,Inch,70,196,125.00,93.75,244,
33,AND-STW,AND-STW,16,24,Inch,70,97,125.00,93.75,244,
33,AND-STW,AND-STW,16,27,Inch,55,96,95.00,71.25,184,
33,AND-STW,AND-STW,16,30,Inch,50,99,85.00,63.75,164,
33,AND-STW,AND-STW,16,32A,Inch,50,99,85.00,63.75,164,
33,AND-STW,AND-STW,16,33,Inch,50,100,85.00,63.75,164,
33,AND-STW,AND-STW,16,35A,Inch,50,98,85.00,63.75,164,
33,AND-STW,AND-STW,16,613B,Inch,70,393,125.00,93.75,244,
33,AND-STW,AND-STW,16,LT_SILVER,Inch,70,86,125.00,93.75,244,
33,AND-STW,AND-STW,16,P10_16,Inch,55,193,95.00,71.25,184,
33,AND-STW,AND-STW,16,P14_24,Inch,55,191,95.00,71.25,184,
33,AND-STW,AND-STW,16,P16_24,Inch,55,95,95.00,71.25,184,
33,AND-STW,AND-STW,16,P18_22,Inch,70,190,125.00,93.75,244,
33,AND-STW,AND-STW,16,P2_27,Inch,55,99,95.00,71.25,184,
33,AND-STW,AND-STW,16,P2_613,Inch,55,98,95.00,71.25,184,
33,AND-STW,AND-STW,16,P27_613,Inch,55,94,95.00,71.25,184,
33,AND-STW,AND-STW,16,P4_24,Inch,55,97,95.00,71.25,184,
33,AND-STW,AND-STW,16,P4_27,Inch,55,92,95.00,71.25,184,
33,AND-STW,AND-STW,16,P4_27_30,Inch,55,97,95.00,71.25,184,
33,AND-STW,AND-STW,16,P4_30,Inch,55,98,95.00,71.25,184,
33,AND-STW,AND-STW,16,P6_613,Inch,55,96,95.00,71.25,184,
33,AND-STW,AND-STW,16,T4_30_27,Inch,55,92,95.00,71.25,184,
33,AND-STW,AND-STW,18,1,Inch,62,190,104.00,78,202,
33,AND-STW,AND-STW,18,001B,Inch,62,285,104.00,78,202,
33,AND-STW,AND-STW,18,2,Inch,62,190,104.00,78,202,
33,AND-STW,AND-STW,18,4,Inch,62,189,104.00,78,202,
33,AND-STW,AND-STW,18,6,Inch,62,190,104.00,78,202,
33,AND-STW,AND-STW,18,10,Inch,62,97,104.00,78,202,
33,AND-STW,AND-STW,18,14,Inch,67,96,114.00,85.5,222,
33,AND-STW,AND-STW,18,16,Inch,67,89,114.00,85.5,222,
33,AND-STW,AND-STW,18,18,Inch,82,87,144.00,108,282,
33,AND-STW,AND-STW,18,22,Inch,82,288,144.00,108,282,
33,AND-STW,AND-STW,18,27,Inch,67,149,114.00,108,222,
33,AND-STW,AND-STW,18,30,Inch,62,97,104.00,78,202,
33,AND-STW,AND-STW,18,32A,Inch,62,92,104.00,78,202,
33,AND-STW,AND-STW,18,33,Inch,62,97,104.00,78,202,
33,AND-STW,AND-STW,18,35A,Inch,67,91,114.00,85.5,222,
33,AND-STW,AND-STW,18,613,Inch,82,273,144.00,108,282,
33,AND-STW,AND-STW,18,LT_SILVER,Inch,82,174,144.00,108,282,
33,AND-STW,AND-STW,18,P10_16,Inch,67,286,114.00,85.5,284,
33,AND-STW,AND-STW,18,P14_24,Inch,67,85,114.00,85.5,284,
33,AND-STW,AND-STW,18,P16_24,Inch,67,184,114.00,85.5,284,
33,AND-STW,AND-STW,18,P18_22,Inch,82,280,144.00,108,282,
33,AND-STW,AND-STW,18,P2_27,Inch,67,97,114.00,85.5,222,
33,AND-STW,AND-STW,18,P27_613,Inch,67,282,114.00,85.5,222,
33,AND-STW,AND-STW,18,P4_24,Inch,67,190,114.00,85.5,222,
33,AND-STW,AND-STW,18,P4_27,Inch,67,93,114.00,85.5,222,
33,AND-STW,AND-STW,18,P4_27_30,Inch,67,192,114.00,85.5,222,
33,AND-STW,AND-STW,18,P4_30,Inch,67,200,114.00,85.5,222,
33,AND-STW,AND-STW,18,T4_30_27,Inch,67,130,114.00,85.5,222,
33,AND-STW,AND-STW,18,T6_27_613,Inch,82,181,144.00,108,282,
33,AND-STW,AND-STW,18,TT3_613,Inch,82,182,144.00,108,282,
33,AND-STW,AND-STW,20,1,Inch,74,200,125.00,93.75,242,
33,AND-STW,AND-STW,20,001B,Inch,74,299,125.00,93.75,242,
33,AND-STW,AND-STW,20,2,Inch,74,98,125.00,93.75,242,
33,AND-STW,AND-STW,20,4,Inch,74,98,125.00,93.75,242,
33,AND-STW,AND-STW,20,613,Inch,94,298,165.00,123.75,322,
33,AND-STW,AND-STW,20,613B,Inch,94,397,165.00,123.75,322,
33,AND-STW,AND-STW,20,P10_16,Inch,79,199,135.00,101.25,262,
33,AND-STW,AND-STW,20,P18_22,Inch,94,199,165.00,123.75,322,
33,AND-STW,AND-STW,22,1,Inch,83,98,140.00,105,272,
33,AND-STW,AND-STW,22,001B,Inch,83,97,140.00,105,272,
33,AND-STW,AND-STW,22,2,Inch,83,96,140.00,105,272,
33,AND-STW,AND-STW,22,4,Inch,83,96,140.00,105,272,
33,AND-STW,AND-STW,22,613,Inch,103,199,180.00,135,352,
33,AND-STW,AND-STW,22,613B,Inch,103,299,180.00,135,352,
33,AND-STW,AND-STW,22,P10_16,Inch,88,200,150.00,112.5,292,
33,AND-STW,AND-STW,22,P18_22,Inch,103,200,180.00,135,352,
33,AND-STW,AND-STW,24,1,Inch,89,100,151.00,113.25,292,
33,AND-STW,AND-STW,24,001B,Inch,89,150,151.00,113.25,292,
33,AND-STW,AND-STW,24,2,Inch,89,150,151.00,113.25,292,
33,AND-STW,AND-STW,24,4,Inch,89,100,151.00,113.25,292,
49,DIANA,DIANA,,1,Inch,103.00,46,175.00,87.5,340,
49,DIANA,DIANA,,1B,Inch,103.00,73,175.00,87.5,340,
49,DIANA,DIANA,,2,Inch,103.00,44,175.00,87.5,340,
49,DIANA,DIANA,,4,Inch,103.00,28,175.00,87.5,340,
49,DIANA,DIANA,,6,Inch,103.00,28,175.00,87.5,340,
49,DIANA,DIANA,,F10_16,Inch,103.00,22,175.00,87.5,340,
49,DIANA,DIANA,,F14_24,Inch,103.00,24,175.00,87.5,340,
49,DIANA,DIANA,,F1B_30,Inch,103.00,25,175.00,87.5,340,
49,DIANA,DIANA,,F1B_BURG,Inch,103.00,25,175.00,87.5,340,
49,DIANA,DIANA,,F27_613,Inch,103.00,23,175.00,87.5,340,
49,DIANA,DIANA,,F4_27,Inch,103.00,24,175.00,87.5,340,
49,DIANA,DIANA,,F4_30,Inch,103.00,24,175.00,87.5,340,
49,DIANA,DIANA,,F6_27,Inch,103.00,23,175.00,87.5,340,
51,LUCY,LUCY,,1,Inch,79.00,38,134.00,67,262,
51,LUCY,LUCY,,1B,Inch,79.00,61,134.00,67,262,
51,LUCY,LUCY,,2,Inch,79.00,42,134.00,67,262,
51,LUCY,LUCY,,4,Inch,79.00,24,134.00,67,262,
51,LUCY,LUCY,,6,Inch,79.00,29,134.00,67,262,
51,LUCY,LUCY,,F10_16,Inch,79.00,24,134.00,67,0,
51,LUCY,LUCY,,F14_24,Inch,79.00,25,134.00,67,0,
51,LUCY,LUCY,,F1B_30,Inch,79.00,19,134.00,67,0,
51,LUCY,LUCY,,F1B_BURG,Inch,79.00,23,134.00,67,0,
51,LUCY,LUCY,,F27_613,Inch,79.00,24,134.00,67,0,
51,LUCY,LUCY,,F4_27,Inch,79.00,23,134.00,67,0,
51,LUCY,LUCY,,F4_30,Inch,79.00,19,134.00,67,0,
51,LUCY,LUCY,,F6_27,Inch,79.00,24,134.00,67,0,
52,BETH,BETH,,1,Inch,17.00,98,28.00,14,54,
52,BETH,BETH,,1B,Inch,17.00,146,28.00,14,54,
52,BETH,BETH,,2,Inch,17.00,98,28.00,14,54,
52,BETH,BETH,,280,Inch,17.00,47,28.00,14,54,
52,BETH,BETH,,34,Inch,17.00,22,28.00,14,54,
52,BETH,BETH,,4,Inch,17.00,22,28.00,14,54,
52,BETH,BETH,,44,Inch,17.00,20,28.00,14,54,
52,BETH,BETH,,51,Inch,17.00,22,28.00,14,54,
52,BETH,BETH,,F1B_30,Inch,17.00,27,28.00,14,54,
53,VIVIAN,VIVIAN,,1,Inch,17.00,98,28.00,14,54,
53,VIVIAN,VIVIAN,,1B,Inch,17.00,148,28.00,14,54,
53,VIVIAN,VIVIAN,,2,Inch,17.00,98,28.00,14,54,
53,VIVIAN,VIVIAN,,280,Inch,17.00,46,28.00,14,54,
53,VIVIAN,VIVIAN,,34,Inch,17.00,22,28.00,14,54,
53,VIVIAN,VIVIAN,,4,Inch,17.00,21,28.00,14,54,
53,VIVIAN,VIVIAN,,44,Inch,17.00,22,28.00,14,54,
53,VIVIAN,VIVIAN,,51,Inch,17.00,22,28.00,14,54,
53,VIVIAN,VIVIAN,,F1B_30,Inch,17.00,24,28.00,14,54,
1021,ONNA,ONNA,,1,Inch,21,20,28,18,42,
1021,ONNA,ONNA,,1B,Inch,21,20,28,18,42,
1021,ONNA,ONNA,,2,Inch,21,20,28,18,42,
1021,ONNA,ONNA,,4,Inch,21,20,28,18,42,
1021,ONNA,ONNA,,27,Inch,21,10,28,18,42,
1021,ONNA,ONNA,,30,Inch,21,10,28,18,42,
1021,ONNA,ONNA,,33,Inch,21,10,28,18,42,
1021,ONNA,ONNA,,F1B_30,Inch,21,10,28,18,42,
1021,ONNA,ONNA,,F4_27,Inch,21,10,28,18,42,
1021,ONNA,ONNA,,F4_30,Inch,21,10,28,18,42,
55,ISABELLA,ISABELLA,,1,Inch,21.00,107,35.00,17.5,51,
55,ISABELLA,ISABELLA,,001B,Inch,21.00,149,35.00,17.5,51,
55,ISABELLA,ISABELLA,,2,Inch,21.00,108,35.00,17.5,51,
55,ISABELLA,ISABELLA,,4,Inch,21.00,109,35.00,17.5,51,
55,ISABELLA,ISABELLA,,3T1B_30,Inch,24.00,42,41.00,20.5,60,
55,ISABELLA,ISABELLA,,3T5004,Inch,24.00,42,41.00,20.5,60,
55,ISABELLA,ISABELLA,,DX2216,Inch,21.00,43,35.00,20.5,51,
55,ISABELLA,ISABELLA,,DX3147,Inch,21.00,44,35.00,20.5,51,
55,ISABELLA,ISABELLA,,DX4733,Inch,21.00,44,35.00,20.5,51,
55,ISABELLA,ISABELLA,,LX3316,Inch,21.00,42,35.00,20.5,51,
55,ISABELLA,ISABELLA,,SOM7002,Inch,24.00,43,41.00,20.5,60,
55,ISABELLA,ISABELLA,,SOM7003,Inch,24.00,44,41.00,20.5,60,
55,ISABELLA,ISABELLA,,SOM7005,Inch,24.00,43,41.00,20.5,60,
55,ISABELLA,ISABELLA,,SOM7008,Inch,24.00,43,41.00,20.5,60,
55,ISABELLA,ISABELLA,,SOM7016,Inch,24.00,44,41.00,20.5,60,
55,ISABELLA,ISABELLA,,TT_BURG,Inch,24.00,42,41.00,20.5,60,
55,ISABELLA,ISABELLA,,TT1B_RED,Inch,24.00,43,41.00,20.5,60,
55,ISABELLA,ISABELLA,,TT4_27,Inch,24.00,43,41.00,20.5,60,
12,TFH-005,TFH-005 (Straight),,NATURAL,Inch,22.00,316,73,36.5,85.88,
13,TFH-006,TFH-006 (Curly),,NATURAL,Inch,22.00,328,75,37.5,88.24,
54,MELISSA,MELISSA,,1,Inch,22.00,107,36,18,70,
54,MELISSA,MELISSA,,001B,Inch,22.00,152,36,18,70,
54,MELISSA,MELISSA,,2,Inch,22.00,109,36,18,70,
54,MELISSA,MELISSA,,4,Inch,22.00,109,36,18,70,
54,MELISSA,MELISSA,,3T1B_30,Inch,25.00,41,36,21,82,
54,MELISSA,MELISSA,,3T5004,Inch,25.00,43,36,21,82,
54,MELISSA,MELISSA,,DX2216,Inch,25.00,43,42,21,70,
54,MELISSA,MELISSA,,DX3147,Inch,25.00,44,42,21,70,
54,MELISSA,MELISSA,,DX4733,Inch,25.00,44,42,21,70,
54,MELISSA,MELISSA,,LX3316,Inch,25.00,42,42,21,70,
54,MELISSA,MELISSA,,SOM7002,Inch,25.00,43,42,21,82,
54,MELISSA,MELISSA,,SOM7003,Inch,25.00,44,42,21,82,
54,MELISSA,MELISSA,,SOM7005,Inch,25.00,44,42,21,82,
54,MELISSA,MELISSA,,SOM7008,Inch,25.00,42,42,21,82,
54,MELISSA,MELISSA,,SOM7016,Inch,25.00,44,42,21,82,
54,MELISSA,MELISSA,,TT_BURG,Inch,25.00,43,42,21,82,
54,MELISSA,MELISSA,,TT1B_RED,Inch,25.00,44,42,21,82,
54,MELISSA,MELISSA,,TT4_27,Inch,25.00,41,42,21,82,
1001,MYANMAR-BD,MYANMAR-BD,10,Natural,Inch,26.5,99,35,22.5,53,
1001,MYANMAR-BD,MYANMAR-BD,12,Natural,Inch,32,99,42.5,27,64,
1001,MYANMAR-BD,MYANMAR-BD,14,Natural,Inch,37.5,149,49.5,31.5,75,
1001,MYANMAR-BD,MYANMAR-BD,16,Natural,Inch,43,198,57,36.5,86,
1001,MYANMAR-BD,MYANMAR-BD,18,Natural,Inch,48,198,64,41,96,
1001,MYANMAR-BD,MYANMAR-BD,20,Natural,Inch,53.5,98,71.5,45.5,107,
1001,MYANMAR-BD,MYANMAR-BD,22,Natural,Inch,59,99,78.5,50,118,
1001,MYANMAR-BD,MYANMAR-BD,24,Natural,Inch,64,99,85.5,54.5,128,
1001,MYANMAR-BD,MYANMAR-BD,26,Natural,Inch,69.5,99,92.5,59,139,
1002,MYANMAR-SC,MYANMAR-SC,14,Natural,Inch,39.5,49,52.5,33.5,79,
1002,MYANMAR-SC,MYANMAR-SC,16,Natural,Inch,45,49,60,38.5,90,
1002,MYANMAR-SC,MYANMAR-SC,18,Natural,Inch,50.5,49,67,43,101,
1002,MYANMAR-SC,MYANMAR-SC,20,Natural,Inch,55.5,49,74.5,47.5,111,
57,KAREN,KAREN,,1,Inch,21,105,35.00,17.5,68,
57,KAREN,KAREN,,001B,Inch,21,149,35.00,17.5,68,
57,KAREN,KAREN,,2,Inch,21,107,35.00,17.5,68,
57,KAREN,KAREN,,4,Inch,21,107,35.00,17.5,68,
57,KAREN,KAREN,,3T1B_30,Inch,24,41,41.00,20.5,80,
57,KAREN,KAREN,,3T5004,Inch,24,37,41.00,20.5,80,
57,KAREN,KAREN,,DX2216,Inch,21,41,35.00,17.5,68,
57,KAREN,KAREN,,DX3147,Inch,21,42,35.00,17.5,68,
57,KAREN,KAREN,,DX4733,Inch,21,42,35.00,17.5,68,
57,KAREN,KAREN,,LX3316,Inch,21,39,35.00,17.5,68,
57,KAREN,KAREN,,SOM7002,Inch,24,41,41.00,20.5,80,
57,KAREN,KAREN,,SOM7003,Inch,24,42,41.00,20.5,80,
57,KAREN,KAREN,,SOM7005,Inch,24,42,41.00,20.5,80,
57,KAREN,KAREN,,SOM7008,Inch,24,42,41.00,20.5,80,
57,KAREN,KAREN,,SOM7016,Inch,24,40,41.00,20.5,80,
57,KAREN,KAREN,,TT_BURG,Inch,24,41,41.00,20.5,80,
57,KAREN,KAREN,,TT1B_RED,Inch,24,42,41.00,20.5,80,
57,KAREN,KAREN,,TT4_27,Inch,24,41,41.00,20.5,80,
1018,LIYAH,LIYAH,,1,Inch,21.5,20,29,18.5,43,
1018,LIYAH,LIYAH,,1B,Inch,21.5,20,29,18.5,43,
1018,LIYAH,LIYAH,,2,Inch,21.5,20,29,18.5,43,
1018,LIYAH,LIYAH,,4,Inch,21.5,20,29,18.5,43,
1018,LIYAH,LIYAH,,27,Inch,21.5,10,29,18.5,43,
1018,LIYAH,LIYAH,,30,Inch,21.5,10,29,18.5,43,
1018,LIYAH,LIYAH,,33,Inch,21.5,10,29,18.5,43,
1018,LIYAH,LIYAH,,F1B_30,Inch,21.5,10,29,18.5,43,
1018,LIYAH,LIYAH,,F4_27,Inch,21.5,10,29,18.5,43,
1018,LIYAH,LIYAH,,F4_30,Inch,21.5,10,29,18.5,43,
1017,CAROLYN,CAROLYN,,1,Inch,20.71,20,27.5,17.6,41.42,
1017,CAROLYN,CAROLYN,,1B,Inch,20.71,20,27.5,17.6,41.42,
1017,CAROLYN,CAROLYN,,2,Inch,20.71,20,27.5,17.6,41.42,
1017,CAROLYN,CAROLYN,,4,Inch,20.71,20,27.5,17.6,41.42,
1017,CAROLYN,CAROLYN,,27,Inch,20.71,10,27.5,17.6,41.42,
1017,CAROLYN,CAROLYN,,30,Inch,20.71,10,27.5,17.6,41.42,
1017,CAROLYN,CAROLYN,,33,Inch,20.71,10,27.5,17.6,41.42,
1017,CAROLYN,CAROLYN,,34,Inch,20.71,10,27.5,17.6,41.42,
1017,CAROLYN,CAROLYN,,44,Inch,20.71,10,27.5,17.6,41.42,
1017,CAROLYN,CAROLYN,,280,Inch,20.71,10,27.5,17.6,41.42,
1017,CAROLYN,CAROLYN,,F1B_30,Inch,20.71,10,27.5,17.6,41.42,
1017,CAROLYN,CAROLYN,,F4_27,Inch,20.71,10,27.5,17.6,41.42,
1017,CAROLYN,CAROLYN,,F4_30,Inch,20.71,10,27.5,17.6,41.42,
1016,ALICIA,ALICIA,,1,Inch,17.65,20,23,15,35.29,
1016,ALICIA,ALICIA,,1B,Inch,17.65,20,23,15,35.29,
1016,ALICIA,ALICIA,,2,Inch,17.65,20,23,15,35.29,
1016,ALICIA,ALICIA,,4,Inch,17.65,20,23,15,35.29,
1016,ALICIA,ALICIA,,27,Inch,17.65,10,23,15,35.29,
1016,ALICIA,ALICIA,,30,Inch,17.65,10,23,15,35.29,
1016,ALICIA,ALICIA,,33,Inch,17.65,10,23,15,35.29,
1016,ALICIA,ALICIA,,F1B_30,Inch,17.65,10,23,15,35.29,
1016,ALICIA,ALICIA,,F4_27,Inch,17.65,10,23,15,35.29,
1016,ALICIA,ALICIA,,F4_30,Inch,17.65,10,23,15,35.29,
1020,MIYA,MIYA,,1,Inch,82,19,109.5,69.5,164,
1020,MIYA,MIYA,,1B,Inch,82,19,109.5,69.5,164,
1020,MIYA,MIYA,,2,Inch,82,20,109.5,69.5,164,
1020,MIYA,MIYA,,4,Inch,82,20,109.5,69.5,164,
1020,MIYA,MIYA,,27,Inch,82,10,109.5,69.5,164,
1020,MIYA,MIYA,,30,Inch,82,10,109.5,69.5,0,
1020,MIYA,MIYA,,33,Inch,82,10,109.5,69.5,0,
1020,MIYA,MIYA,,F1B_30,Inch,82,10,109.5,69.5,0,
1020,MIYA,MIYA,,F4_27,Inch,82,10,109.5,69.5,0,
1020,MIYA,MIYA,,F4_30,Inch,82,10,109.5,69.5,0,
1019,MARIE,MARIE,,1,Inch,21,20,28,18,42,
1019,MARIE,MARIE,,1B,Inch,21,19,28,18,42,
1019,MARIE,MARIE,,2,Inch,21,20,28,18,42,
1019,MARIE,MARIE,,4,Inch,21,20,28,18,42,
1019,MARIE,MARIE,,27,Inch,21,10,28,18,42,
1019,MARIE,MARIE,,30,Inch,21,10,28,18,42,
1019,MARIE,MARIE,,33,Inch,21,10,28,18,42,
1019,MARIE,MARIE,,F1B_30,Inch,21,10,28,18,42,
1019,MARIE,MARIE,,F4_27,Inch,21,10,28,18,42,
1019,MARIE,MARIE,,F4_30,Inch,21,10,28,18,42,
1015,AALAHNI,AALAHNI,,1,Inch,48.5,20,64.5,41,97,
1015,AALAHNI,AALAHNI,,1B,Inch,48.5,20,64.5,41,97,
1015,AALAHNI,AALAHNI,,2,Inch,48.5,20,64.5,41,97,
1015,AALAHNI,AALAHNI,,4,Inch,48.5,20,64.5,41,97,
1015,AALAHNI,AALAHNI,,27,Inch,48.5,10,64.5,41,97,
1015,AALAHNI,AALAHNI,,30,Inch,48.5,10,64.5,41,97,
1015,AALAHNI,AALAHNI,,33,Inch,48.5,10,64.5,41,97,
1015,AALAHNI,AALAHNI,,F1B_30,Inch,48.5,10,64.5,41,97,
1015,AALAHNI,AALAHNI,,F4_27,Inch,48.5,10,64.5,41,97,
1015,AALAHNI,AALAHNI,,F4_30,Inch,48.5,10,64.5,41,97,
1006,SHUNFA-ST,SHUNFA-ST,10,Natural,Inch,45,49,60,38,90,
1006,SHUNFA-ST,SHUNFA-ST,12,Natural,Inch,52.5,49,69.5,44.5,105,
1006,SHUNFA-ST,SHUNFA-ST,14,Natural,Inch,57.5,49,77,49,115,
1006,SHUNFA-ST,SHUNFA-ST,16,Natural,Inch,65,49,86.5,55.5,130,
1006,SHUNFA-ST,SHUNFA-ST,18,Natural,Inch,85,49,113.5,72.5,170,
1006,SHUNFA-ST,SHUNFA-ST,20,Natural,Inch,89,49,118.5,75.5,100,
1006,SHUNFA-ST,SHUNFA-ST,22,Natural,Inch,97,49,129,82.5,0,
1006,SHUNFA-ST,SHUNFA-ST,24,Natural,Inch,111,49,147.5,94,0,
1006,SHUNFA-ST,SHUNFA-ST,26,Natural,Inch,119.5,49,159.5,101.5,0,
56,ANNA,ANNA,,1,Inch,14.00,102,23.00,11.5,46,
56,ANNA,ANNA,,001B,Inch,14.00,126,23.00,11.5,46,
56,ANNA,ANNA,,2,Inch,14.00,102,23.00,11.5,46,
56,ANNA,ANNA,,4,Inch,14.00,102,23.00,11.5,46,
56,ANNA,ANNA,,3T1B_30,Inch,17.00,50,29.00,14.5,58,
56,ANNA,ANNA,,3T5004,Inch,17.00,50,29.00,14.5,58,
56,ANNA,ANNA,,DX2216,Inch,14.00,50,23.00,14.5,46,
56,ANNA,ANNA,,DX3147,Inch,14.00,52,23.00,14.5,46,
56,ANNA,ANNA,,DX4733,Inch,14.00,50,23.00,14.5,46,
56,ANNA,ANNA,,LX3316,Inch,14.00,51,23.00,14.5,46,
56,ANNA,ANNA,,SOM7002,Inch,17,51,29,14.5,58,
56,ANNA,ANNA,,SOM7003,Inch,17,52,29,14.5,58,
56,ANNA,ANNA,,SOM7005,Inch,17,51,29,14.5,58,
56,ANNA,ANNA,,SOM7008,Inch,17,51,29,14.5,58,
56,ANNA,ANNA,,SOM7016,Inch,17,51,29,14.5,58,
56,ANNA,ANNA,,TT_BURG,Inch,17,51,29,14.5,58,
56,ANNA,ANNA,,TT1B_RED,Inch,17,52,29,14.5,58,
56,ANNA,ANNA,,TT4_27,Inch,17,50,29,14.5,58,
1014,SP-BRD-001,SP-BRD,,1,Inch,0.7,4599,1,0.6,1.4,
1014,SP-BRD-001,SP-BRD,,1B,Inch,0.7,4096,1,0.6,1.4,
1014,SP-BRD-001,SP-BRD,,2,Inch,0.7,5299,1,0.6,1.4,
1014,SP-BRD-001,SP-BRD,,4,Inch,0.7,2899,1,0.6,1.4,
1014,SP-BRD-001,SP-BRD,,27,Inch,0.7,0,1,0.6,1.4,
1014,SP-BRD-001,SP-BRD,,30,Inch,0.7,499,1,0.6,1.4,
1014,SP-BRD-001,SP-BRD,,33,Inch,0.7,499,1,0.6,1.4,
1014,SP-BRD-001,SP-BRD,,P4_30,Inch,0.7,0,1,0.6,1.4,
1014,SP-BRD-001,SP-BRD,,P1B_33,Inch,0.7,199,1,0.6,1.4,
1014,SP-BRD-001,SP-BRD,,P1B_118,Inch,0.7,0,1,0.6,1.4,
1010,DEJA-SY ,DEJA-SY ,8,1,Inch,9.5,400,13,8.5,19,
1010,DEJA-SY ,DEJA-SY ,8,1B,Inch,9.5,500,13,8.5,19,
1010,DEJA-SY ,DEJA-SY ,8,2,Inch,9.5,300,13,8.5,19,
1010,DEJA-SY ,DEJA-SY ,8,4,Inch,9.5,200,13,8.5,19,
1010,DEJA-SY ,DEJA-SY ,8,27,Inch,10.5,200,14,9.5,21,
1010,DEJA-SY ,DEJA-SY ,8,30,Inch,9.5,100,13,8.5,19,
1010,DEJA-SY ,DEJA-SY ,8,33,Inch,9.5,100,13,8.5,19,
1010,DEJA-SY ,DEJA-SY ,8,P1B_27,Inch,11.5,50,15,10.5,23,
1010,DEJA-SY ,DEJA-SY ,8,P1B_30,Inch,11.5,50,15,10.5,23,
1010,DEJA-SY ,DEJA-SY ,8,P4_27,Inch,11.5,50,15,10.5,23,
1010,DEJA-SY ,DEJA-SY ,8,P4_30,Inch,11.5,50,15,10.5,23,
1010,DEJA-SY ,DEJA-SY ,10,1,Inch,12.5,400,16.5,10.5,25,
1010,DEJA-SY ,DEJA-SY ,10,1B,Inch,12.5,500,16.5,10.5,25,
1010,DEJA-SY ,DEJA-SY ,10,2,Inch,12.5,300,16.5,10.5,25,
1010,DEJA-SY ,DEJA-SY ,10,4,Inch,12.5,200,16.5,10.5,25,
1010,DEJA-SY ,DEJA-SY ,10,27,Inch,13.5,200,17.5,11.5,27,
1010,DEJA-SY ,DEJA-SY ,10,30,Inch,12.5,100,16.5,10.5,25,
1010,DEJA-SY ,DEJA-SY ,10,33,Inch,12.5,100,16.5,10.5,25,
1010,DEJA-SY ,DEJA-SY ,10,P1B_27,Inch,14.5,50,18.5,12.5,29,
1010,DEJA-SY ,DEJA-SY ,10,P1B_30,Inch,14.5,50,18.5,12.5,29,
1010,DEJA-SY ,DEJA-SY ,10,P4_27,Inch,14.5,50,18.5,12.5,29,
1010,DEJA-SY ,DEJA-SY ,10,P4_30,Inch,14.5,50,18.5,12.5,29,
1010,DEJA-SY ,DEJA-SY ,12,1,Inch,18.5,399,24.5,15.5,37,
1010,DEJA-SY ,DEJA-SY ,12,1B,Inch,18.5,499,24.5,15.5,37,
1010,DEJA-SY ,DEJA-SY ,12,2,Inch,18.5,299,24.5,15.5,37,
1010,DEJA-SY ,DEJA-SY ,12,4,Inch,18.5,199,24.5,15.5,37,
1010,DEJA-SY ,DEJA-SY ,12,27,Inch,19.5,199,25.5,16.5,39,
1010,DEJA-SY ,DEJA-SY ,12,30,Inch,18.5,99,24.5,15.5,37,
1010,DEJA-SY ,DEJA-SY ,12,33,Inch,18.5,99,24.5,15.5,37,
1010,DEJA-SY ,DEJA-SY ,12,P1B_27,Inch,20.5,49,26.5,17.5,41,
1010,DEJA-SY ,DEJA-SY ,12,P1B_30,Inch,20.5,49,26.5,17.5,41,
1010,DEJA-SY ,DEJA-SY ,12,P4_27,Inch,20.5,49,26.5,17.5,41,
1010,DEJA-SY ,DEJA-SY ,12,P4_30,Inch,20.5,49,26.5,17.5,41,
1010,DEJA-SY ,DEJA-SY ,14,1,Inch,26.5,200,35,22.5,53,
1010,DEJA-SY ,DEJA-SY ,14,1B,Inch,26.5,299,35,22.5,53,
1010,DEJA-SY ,DEJA-SY ,14,2,Inch,26.5,200,35,22.5,53,
1010,DEJA-SY ,DEJA-SY ,14,4,Inch,26.5,100,35,22.5,53,
1010,DEJA-SY ,DEJA-SY ,14,27,Inch,27.5,100,36,23.5,55,
1010,DEJA-SY ,DEJA-SY ,14,30,Inch,26.5,100,35,22.5,53,
1010,DEJA-SY ,DEJA-SY ,14,33,Inch,26.5,100,35,22.5,53,
1010,DEJA-SY ,DEJA-SY ,14,P1B_27,Inch,28.5,50,37,24.5,57,
1010,DEJA-SY ,DEJA-SY ,14,P1B_30,Inch,28.5,50,37,24.5,57,
1010,DEJA-SY ,DEJA-SY ,14,P4_27,Inch,28.5,50,37,24.5,57,
1010,DEJA-SY ,DEJA-SY ,14,P4_30,Inch,28.5,50,37,24.5,57,
1010,DEJA-SY ,DEJA-SY ,16,1,Inch,32.5,200,43.5,27.5,65,
1010,DEJA-SY ,DEJA-SY ,16,1B,Inch,32.5,299,43.5,27.5,65,
1010,DEJA-SY ,DEJA-SY ,16,2,Inch,32.5,200,43.5,27.5,65,
1010,DEJA-SY ,DEJA-SY ,16,4,Inch,32.5,100,43.5,27.5,65,
1010,DEJA-SY ,DEJA-SY ,16,27,Inch,33.5,100,44.5,28.5,67,
1010,DEJA-SY ,DEJA-SY ,16,30,Inch,32.5,100,43.5,27.5,65,
1010,DEJA-SY ,DEJA-SY ,16,33,Inch,32.5,100,43.5,27.5,65,
1010,DEJA-SY ,DEJA-SY ,16,P1B_27,Inch,34.5,50,45.5,29.5,69,
1010,DEJA-SY ,DEJA-SY ,16,P1B_30,Inch,34.5,50,45.5,29.5,69,
1010,DEJA-SY ,DEJA-SY ,16,P4_27,Inch,34.5,50,45.5,29.5,69,
1010,DEJA-SY ,DEJA-SY ,16,P4_30,Inch,34.5,50,45.5,29.5,69,
1010,DEJA-SY ,DEJA-SY ,18,1,Inch,41,200,55,35,82,
1010,DEJA-SY ,DEJA-SY ,18,1B,Inch,41,300,55,35,82,
1010,DEJA-SY ,DEJA-SY ,18,2,Inch,41,100,55,35,82,
1010,DEJA-SY ,DEJA-SY ,18,4,Inch,41,100,55,35,82,
1010,DEJA-SY ,DEJA-SY ,18,27,Inch,42,100,56,36,84,
1010,DEJA-SY ,DEJA-SY ,18,30,Inch,41,100,55,35,82,
1010,DEJA-SY ,DEJA-SY ,18,33,Inch,41,100,55,35,82,
1010,DEJA-SY ,DEJA-SY ,18,P1B_27,Inch,43,50,57,37,86,
1010,DEJA-SY ,DEJA-SY ,18,P1B_30,Inch,43,50,57,37,86,
1010,DEJA-SY ,DEJA-SY ,18,P4_27,Inch,43,50,57,37,86,
1010,DEJA-SY ,DEJA-SY ,18,P4_30,Inch,43,50,57,37,86,
1009,DEJA-SC,DEJA-SC,10,1,Inch,15,200,20,13,30,
1009,DEJA-SC,DEJA-SC,10,1B,Inch,15,300,20,13,30,
1009,DEJA-SC,DEJA-SC,10,2,Inch,15,100,20,13,30,
1009,DEJA-SC,DEJA-SC,10,4,Inch,15,100,20,13,30,
1009,DEJA-SC,DEJA-SC,10,27,Inch,16,100,21,14,32,
1009,DEJA-SC,DEJA-SC,10,30,Inch,15,100,20,13,30,
1009,DEJA-SC,DEJA-SC,10,33,Inch,15,100,20,13,30,
1009,DEJA-SC,DEJA-SC,10,P1B_27,Inch,17,50,22,15,34,
1009,DEJA-SC,DEJA-SC,10,P1B_30,Inch,17,50,22,15,34,
1009,DEJA-SC,DEJA-SC,10,P4_27,Inch,17,50,22,15,34,
1009,DEJA-SC,DEJA-SC,10,P4_30,Inch,17,50,22,15,34,
1009,DEJA-SC,DEJA-SC,12,1,Inch,21,200,28.5,18,42,
1009,DEJA-SC,DEJA-SC,12,1B,Inch,21,300,28.5,18,42,
1009,DEJA-SC,DEJA-SC,12,2,Inch,21,100,28.5,18,42,
1009,DEJA-SC,DEJA-SC,12,4,Inch,21,100,28.5,18,42,
1009,DEJA-SC,DEJA-SC,12,27,Inch,22,100,29.5,19,44,
1009,DEJA-SC,DEJA-SC,12,30,Inch,21,100,28.5,18,42,
1009,DEJA-SC,DEJA-SC,12,33,Inch,21,100,28.5,18,42,
1009,DEJA-SC,DEJA-SC,12,P1B_27,Inch,23,50,30.5,20,46,
1009,DEJA-SC,DEJA-SC,12,P1B_30,Inch,23,50,30.5,20,46,
1009,DEJA-SC,DEJA-SC,12,P4_27,Inch,23,50,30.5,20,46,
1009,DEJA-SC,DEJA-SC,12,P4_30,Inch,23,50,30.5,20,46,
1009,DEJA-SC,DEJA-SC,14,1,Inch,29,200,38.5,24.5,58,
1009,DEJA-SC,DEJA-SC,14,1B,Inch,29,300,38.5,24.5,58,
1009,DEJA-SC,DEJA-SC,14,2,Inch,29,100,38.5,24.5,58,
1009,DEJA-SC,DEJA-SC,14,4,Inch,29,100,38.5,24.5,58,
1009,DEJA-SC,DEJA-SC,14,27,Inch,30,100,39.5,25.5,60,
1009,DEJA-SC,DEJA-SC,14,30,Inch,29,100,38.5,24.5,58,
1009,DEJA-SC,DEJA-SC,14,33,Inch,29,100,38.5,24.5,58,
1009,DEJA-SC,DEJA-SC,14,P1B_27,Inch,31,50,40.5,26.5,62,
1009,DEJA-SC,DEJA-SC,14,P1B_30,Inch,31,50,40.5,26.5,62,
1009,DEJA-SC,DEJA-SC,14,P4_27,Inch,31,50,40.5,26.5,62,
1009,DEJA-SC,DEJA-SC,14,P4_30,Inch,31,50,40.5,26.5,62,
1009,DEJA-SC,DEJA-SC,16,1,Inch,35.5,200,47,30,71,
1009,DEJA-SC,DEJA-SC,16,1B,Inch,35.5,300,47,30,71,
1009,DEJA-SC,DEJA-SC,16,2,Inch,35.5,100,47,30,71,
1009,DEJA-SC,DEJA-SC,16,4,Inch,35.5,100,47,30,71,
1009,DEJA-SC,DEJA-SC,16,27,Inch,36.5,100,48,31,73,
1009,DEJA-SC,DEJA-SC,16,30,Inch,35.5,100,47,30,71,
1009,DEJA-SC,DEJA-SC,16,33,Inch,35.5,100,47,30,71,
1009,DEJA-SC,DEJA-SC,16,P1B_27,Inch,37.5,50,49,32,75,
1009,DEJA-SC,DEJA-SC,16,P1B_30,Inch,37.5,50,49,32,75,
1009,DEJA-SC,DEJA-SC,16,P4_27,Inch,37.5,50,49,32,75,
1009,DEJA-SC,DEJA-SC,16,P4_30,Inch,37.5,50,49,32,75,
1009,DEJA-SC,DEJA-SC,18,1,Inch,44,199,58.5,37.5,88,
1009,DEJA-SC,DEJA-SC,18,1B,Inch,44,299,58.5,37.5,88,
1009,DEJA-SC,DEJA-SC,18,2,Inch,44,99,58.5,37.5,88,
1009,DEJA-SC,DEJA-SC,18,4,Inch,44,99,58.5,37.5,88,
1009,DEJA-SC,DEJA-SC,18,27,Inch,45,99,59.5,38.5,90,
1009,DEJA-SC,DEJA-SC,18,30,Inch,44,99,58.5,37.5,88,
1009,DEJA-SC,DEJA-SC,18,33,Inch,44,99,58.5,37.5,88,
1009,DEJA-SC,DEJA-SC,18,P1B_27,Inch,46,49,60.5,39.5,92,
1009,DEJA-SC,DEJA-SC,18,P1B_30,Inch,46,49,60.5,39.5,92,
1009,DEJA-SC,DEJA-SC,18,P4_27,Inch,46,49,60.5,39.5,92,
1009,DEJA-SC,DEJA-SC,18,P4_30,Inch,46,49,60.5,39.5,92,
1008,DEJA-DW,DEJA-DW,10,1,Inch,14.5,200,19,12.5,29,
1008,DEJA-DW,DEJA-DW,10,1B,Inch,14.5,300,19,12.5,29,
1008,DEJA-DW,DEJA-DW,10,2,Inch,14.5,100,19,12.5,29,
1008,DEJA-DW,DEJA-DW,10,4,Inch,14.5,100,19,12.5,29,
1008,DEJA-DW,DEJA-DW,10,27,Inch,15.5,100,20,13.5,31,
1008,DEJA-DW,DEJA-DW,10,30,Inch,14.5,100,19,12.5,29,
1008,DEJA-DW,DEJA-DW,10,33,Inch,14.5,100,19,12.5,29,
1008,DEJA-DW,DEJA-DW,10,P1B_27,Inch,16.5,50,21,14.5,33,
1008,DEJA-DW,DEJA-DW,10,P1B_30,Inch,16.5,50,21,14.5,33,
1008,DEJA-DW,DEJA-DW,10,P4_27,Inch,16.5,50,21,14.5,33,
1008,DEJA-DW,DEJA-DW,10,P4_30,Inch,16.5,50,21,14.5,33,
1008,DEJA-DW,DEJA-DW,12,1,Inch,20.5,200,27.5,17.5,41,
1008,DEJA-DW,DEJA-DW,12,1B,Inch,20.5,300,27.5,17.5,41,
1008,DEJA-DW,DEJA-DW,12,2,Inch,20.5,100,27.5,17.5,41,
1008,DEJA-DW,DEJA-DW,12,4,Inch,20.5,100,27.5,17.5,41,
1008,DEJA-DW,DEJA-DW,12,27,Inch,21.5,100,28.5,18.5,43,
1008,DEJA-DW,DEJA-DW,12,30,Inch,20.5,100,27.5,17.5,41,
1008,DEJA-DW,DEJA-DW,12,33,Inch,20.5,100,27.5,17.5,41,
1008,DEJA-DW,DEJA-DW,12,P1B_27,Inch,22.5,50,29.5,19.5,45,
1008,DEJA-DW,DEJA-DW,12,P1B_30,Inch,22.5,50,29.5,19.5,45,
1008,DEJA-DW,DEJA-DW,12,P4_27,Inch,22.5,50,29.5,19.5,45,
1008,DEJA-DW,DEJA-DW,12,P4_30,Inch,22.5,50,29.5,19.5,45,
1008,DEJA-DW,DEJA-DW,14,1,Inch,28.5,199,37.5,24,57,
1008,DEJA-DW,DEJA-DW,14,1B,Inch,28.5,299,37.5,24,57,
1008,DEJA-DW,DEJA-DW,14,2,Inch,28.5,99,37.5,24,57,
1008,DEJA-DW,DEJA-DW,14,4,Inch,28.5,99,37.5,24,57,
1008,DEJA-DW,DEJA-DW,14,27,Inch,29.5,99,38.81,25,59,
1008,DEJA-DW,DEJA-DW,14,30,Inch,28.5,99,37.5,24,57,
1008,DEJA-DW,DEJA-DW,14,33,Inch,28.5,99,37.5,24,57,
1008,DEJA-DW,DEJA-DW,14,P1B_27,Inch,30.5,49,39.5,26,61,
1008,DEJA-DW,DEJA-DW,14,P1B_30,Inch,30.5,49,39.5,26,61,
1008,DEJA-DW,DEJA-DW,14,P4_27,Inch,30.5,49,39.5,26,61,
1008,DEJA-DW,DEJA-DW,14,P4_30,Inch,30.5,49,39.5,26,61,
1008,DEJA-DW,DEJA-DW,16,1,Inch,34.5,200,46,29.5,69,
1008,DEJA-DW,DEJA-DW,16,1B,Inch,34.5,300,46,29.5,69,
1008,DEJA-DW,DEJA-DW,16,2,Inch,34.5,100,46,29.5,69,
1008,DEJA-DW,DEJA-DW,16,4,Inch,34.5,100,46,29.5,69,
1008,DEJA-DW,DEJA-DW,16,27,Inch,35.5,100,47,30.5,71,
1008,DEJA-DW,DEJA-DW,16,30,Inch,34.5,100,46,29.5,69,
1008,DEJA-DW,DEJA-DW,16,33,Inch,34.5,100,46,29.5,69,
1008,DEJA-DW,DEJA-DW,16,P1B_27,Inch,36.5,50,48,31.5,73,
1008,DEJA-DW,DEJA-DW,16,P1B_30,Inch,36.5,50,48,31.5,73,
1008,DEJA-DW,DEJA-DW,16,P4_27,Inch,36.5,50,48,31.5,73,
1008,DEJA-DW,DEJA-DW,16,P4_30,Inch,36.5,50,48,31.5,73,
1008,DEJA-DW,DEJA-DW,18,1,Inch,43,200,57.5,36.5,86,
1008,DEJA-DW,DEJA-DW,18,1B,Inch,43,300,57.5,36.5,86,
1008,DEJA-DW,DEJA-DW,18,2,Inch,43,100,57.5,36.5,86,
1008,DEJA-DW,DEJA-DW,18,4,Inch,43,100,57.5,36.5,86,
1008,DEJA-DW,DEJA-DW,18,27,Inch,44,100,58.5,37.5,88,
1008,DEJA-DW,DEJA-DW,18,30,Inch,43,100,57.5,36.5,86,
1008,DEJA-DW,DEJA-DW,18,33,Inch,43,100,57.5,36.5,86,
1008,DEJA-DW,DEJA-DW,18,P1B_27,Inch,45,50,59.5,38.5,90,
1008,DEJA-DW,DEJA-DW,18,P1B_30,Inch,45,50,59.5,38.5,90,
1008,DEJA-DW,DEJA-DW,18,P4_27,Inch,45,50,59.5,38.5,90,
1008,DEJA-DW,DEJA-DW,18,P4_30,Inch,45,50,59.5,38.5,90,
1007,DEJA-BW,DEJA-BW,10,1,Inch,13,200,17.5,11,26,
1007,DEJA-BW,DEJA-BW,10,1B,Inch,13,300,17.5,11,26,
1007,DEJA-BW,DEJA-BW,10,2,Inch,13,100,17.5,11,26,
1007,DEJA-BW,DEJA-BW,10,4,Inch,13,100,17.5,11,26,
1007,DEJA-BW,DEJA-BW,10,27,Inch,14,100,18.5,12,28,
1007,DEJA-BW,DEJA-BW,10,30,Inch,13,100,17.5,11,26,
1007,DEJA-BW,DEJA-BW,10,33,Inch,13,100,17.5,11,26,
1007,DEJA-BW,DEJA-BW,10,P1B_27,Inch,15,50,19.5,13,30,
1007,DEJA-BW,DEJA-BW,10,P1B_30,Inch,15,50,19.5,13,30,
1007,DEJA-BW,DEJA-BW,10,P4_27,Inch,15,50,19.5,13,30,
1007,DEJA-BW,DEJA-BW,10,P4_30,Inch,15,50,19.5,13,30,
1007,DEJA-BW,DEJA-BW,12,1,Inch,19,200,25.5,16.5,38,
1007,DEJA-BW,DEJA-BW,12,1B,Inch,19,300,25.5,16.5,38,
1007,DEJA-BW,DEJA-BW,12,2,Inch,19,100,25.5,16.5,38,
1007,DEJA-BW,DEJA-BW,12,4,Inch,19,100,25.5,16.5,38,
1007,DEJA-BW,DEJA-BW,12,27,Inch,20,100,26.5,17.5,40,
1007,DEJA-BW,DEJA-BW,12,30,Inch,19,100,25.5,16.5,38,
1007,DEJA-BW,DEJA-BW,12,33,Inch,19,100,25.5,16.5,38,
1007,DEJA-BW,DEJA-BW,12,P1B_27,Inch,21,50,27.5,18.5,42,
1007,DEJA-BW,DEJA-BW,12,P1B_30,Inch,21,50,27.5,18.5,42,
1007,DEJA-BW,DEJA-BW,12,P4_27,Inch,21,50,27.5,18.5,42,
1007,DEJA-BW,DEJA-BW,12,P4_30,Inch,21,50,27.5,18.5,42,
1007,DEJA-BW,DEJA-BW,14,1,Inch,27,200,36,23,54,
1007,DEJA-BW,DEJA-BW,14,1B,Inch,27,300,36,23,54,
1007,DEJA-BW,DEJA-BW,14,2,Inch,27,100,36,23,54,
1007,DEJA-BW,DEJA-BW,14,4,Inch,27,100,36,23,54,
1007,DEJA-BW,DEJA-BW,14,27,Inch,28,100,37,24,56,
1007,DEJA-BW,DEJA-BW,14,30,Inch,27,100,36,23,54,
1007,DEJA-BW,DEJA-BW,14,33,Inch,27,100,36,23,54,
1007,DEJA-BW,DEJA-BW,14,P1B_27,Inch,29,50,38,25,58,
1007,DEJA-BW,DEJA-BW,14,P1B_30,Inch,29,50,38,25,58,
1007,DEJA-BW,DEJA-BW,14,P4_27,Inch,29,50,38,25,58,
1007,DEJA-BW,DEJA-BW,14,P4_30,Inch,29,50,38,25,58,
1007,DEJA-BW,DEJA-BW,16,1,Inch,33.5,199,44,28.5,67,
1007,DEJA-BW,DEJA-BW,16,1B,Inch,33.5,299,44,28.5,67,
1007,DEJA-BW,DEJA-BW,16,2,Inch,33.5,99,44,28.5,67,
1007,DEJA-BW,DEJA-BW,16,4,Inch,33.5,99,44,28.5,67,
1007,DEJA-BW,DEJA-BW,16,27,Inch,34.5,99,45,29.5,69,
1007,DEJA-BW,DEJA-BW,16,30,Inch,33.5,99,44,28.5,67,
1007,DEJA-BW,DEJA-BW,16,33,Inch,33.5,99,44,28.5,67,
1007,DEJA-BW,DEJA-BW,16,P1B_27,Inch,35.5,49,46,30.5,71,
1007,DEJA-BW,DEJA-BW,16,P1B_30,Inch,35.5,49,46,30.5,71,
1007,DEJA-BW,DEJA-BW,16,P4_27,Inch,35.5,49,46,30.5,71,
1007,DEJA-BW,DEJA-BW,16,P4_30,Inch,35.5,49,46,30.5,71,
1007,DEJA-BW,DEJA-BW,18,1,Inch,41.5,200,55.5,35.5,83,
1007,DEJA-BW,DEJA-BW,18,1B,Inch,41.5,300,55.5,35.5,83,
1007,DEJA-BW,DEJA-BW,18,2,Inch,41.5,100,55.5,35.5,83,
1007,DEJA-BW,DEJA-BW,18,4,Inch,41.5,100,55.5,35.5,83,
1007,DEJA-BW,DEJA-BW,18,27,Inch,42.5,100,56.5,36.5,85,
1007,DEJA-BW,DEJA-BW,18,30,Inch,41.5,100,55.5,35.5,83,
1007,DEJA-BW,DEJA-BW,18,33,Inch,41.5,100,55.5,35.5,83,
1007,DEJA-BW,DEJA-BW,18,P1B_27,Inch,43.5,50,57.5,37.5,87,
1007,DEJA-BW,DEJA-BW,18,P1B_30,Inch,43.5,50,57.5,37.5,87,
1007,DEJA-BW,DEJA-BW,18,P4_27,Inch,43.5,50,57.5,37.5,87,
1007,DEJA-BW,DEJA-BW,18,P4_30,Inch,43.5,50,57.5,37.5,87,
60,EMILY ,EMILY,,1,Inch,12.00,91,23.00,11.5,46,
60,EMILY ,EMILY,,001B,Inch,12.00,124,23.00,11.5,46,
60,EMILY ,EMILY,,2,Inch,12.00,92,23.00,11.5,46,
60,EMILY ,EMILY,,4,Inch,12.00,99,23.00,11.5,46,
60,EMILY ,EMILY,,3T1B_30,Inch,15.00,31,29.00,14.5,58,
60,EMILY ,EMILY,,3T5004,Inch,15.00,32,29.00,14.5,58,
60,EMILY ,EMILY,,DX2216,Inch,12.00,31,23.00,14.5,46,
60,EMILY ,EMILY,,DX3147,Inch,12.00,30,23.00,14.5,46,
60,EMILY ,EMILY,,DX4733,Inch,12.00,31,23.00,14.5,46,
60,EMILY ,EMILY,,LX3316,Inch,12.00,32,23.00,14.5,46,
60,EMILY ,EMILY,,SOM7002,Inch,15.00,31,29.00,14.5,58,
60,EMILY ,EMILY,,SOM7003,Inch,15.00,32,29.00,14.5,58,
60,EMILY ,EMILY,,SOM7005,Inch,15.00,30,29.00,14.5,58,
60,EMILY ,EMILY,,SOM7008,Inch,15.00,32,29.00,14.5,58,
60,EMILY ,EMILY,,SOM7016,Inch,15.00,31,29.00,14.5,58,
60,EMILY ,EMILY,,TT_BURG,Inch,15.00,27,29.00,14.5,58,
60,EMILY ,EMILY,,TT1B_RED,Inch,15.00,33,29.00,14.5,58,
60,EMILY ,EMILY,,TT4_27,Inch,15.00,32,29.00,14.5,58,
48,IRIS,IRIS,,1,Inch,110.00,37,186.00,93,360,
48,IRIS,IRIS,,F6_27,Inch,110.00,55,186.00,93,360,
48,IRIS,IRIS,,1B,Inch,110.00,39,186.00,93,360,
48,IRIS,IRIS,,2,Inch,110.00,21,186.00,93,360,
48,IRIS,IRIS,,4,Inch,110.00,30,186.00,93,360,
48,IRIS,IRIS,,6,Inch,110.00,22,186.00,93,360,
48,IRIS,IRIS,,F10_16,Inch,110.00,24,186.00,93,360,
48,IRIS,IRIS,,F14_24,Inch,110.00,20,186.00,93,360,
48,IRIS,IRIS,,F1B_30,Inch,110.00,25,186.00,93,360,
48,IRIS,IRIS,,F1B_BURG,Inch,110.00,22,186.00,93,360,
48,IRIS,IRIS,,F27_613,Inch,110.00,22,186.00,93,360,
48,IRIS,IRIS,,F4_27,Inch,110.00,19,186.00,93,360,
48,IRIS,IRIS,,F4_30,Inch,110.00,24,186.00,93,360,
50,MONICA,MONICA,,1,Inch,79,45,134.00,67,516,
50,MONICA,MONICA,,1B,Inch,79,70,134.00,67,516,
50,MONICA,MONICA,,2,Inch,79,45,134.00,67,516,
50,MONICA,MONICA,,4,Inch,79,27,134.00,67,516,
50,MONICA,MONICA,,6,Inch,79,28,134.00,67,516,
50,MONICA,MONICA,,F10_16,Inch,79,21,134.00,67,516,
50,MONICA,MONICA,,F14_24,Inch,79,23,134.00,67,516,
50,MONICA,MONICA,,F1B_30,Inch,79,24,134.00,67,516,
50,MONICA,MONICA,,F1B_BURG,Inch,79,24,134.00,67,516,
50,MONICA,MONICA,,F27_613,Inch,79,23,134.00,67,516,
50,MONICA,MONICA,,F4_27,Inch,79,23,134.00,67,516,
50,MONICA,MONICA,,F4_30,Inch,79,23,134.00,67,516,
50,MONICA,MONICA,,F6_27,Inch,79,22,134.00,67,516,
2,FAC-BW, CHINESE VIRGIN SHUN FA BODY WAVE,10,NATURAL,Inch,18.00,221,29.00,14.5,56,
2,FAC-BW, CHINESE VIRGIN SHUN FA BODY WAVE,12,NATURAL,Inch,24.00,412,40.00,20,78,
2,FAC-BW, CHINESE VIRGIN SHUN FA BODY WAVE,14,NATURAL,Inch,35.00,210,58.00,29,114,
2,FAC-BW, CHINESE VIRGIN SHUN FA BODY WAVE,16,NATURAL,Inch,43.00,628,73.00,36.5,142,
2,FAC-BW, CHINESE VIRGIN SHUN FA BODY WAVE,18,NATURAL,Inch,53.00,314,89.00,44.5,172,
2,FAC-BW, CHINESE VIRGIN SHUN FA BODY WAVE,20,NATURAL,Inch,62.00,0,104.00,52,202,
58,JENNIFER,JENNIFER,,1,Inch,12,100,20,10,38,
58,JENNIFER,JENNIFER,,001B,Inch,12,128,20,10,38,
58,JENNIFER,JENNIFER,,2,Inch,12,102,20,10,38,
58,JENNIFER,JENNIFER,,4,Inch,12,100,20,10,38,
58,JENNIFER,JENNIFER,,3T1B_30,Inch,15,50,26,13,54,
58,JENNIFER,JENNIFER,,3T5004,Inch,15,50,26,13,54,
58,JENNIFER,JENNIFER,,DX2216,Inch,12,50,20,13,38,
58,JENNIFER,JENNIFER,,DX3147,Inch,12,52,20,13,38,
58,JENNIFER,JENNIFER,,DX4733,Inch,12,51,20,13,38,
58,JENNIFER,JENNIFER,,LX3316,Inch,12,51,20,13,38,
58,JENNIFER,JENNIFER,,SOM7002,Inch,15,50,26,13,54,
58,JENNIFER,JENNIFER,,SOM7003,Inch,15,52,26,13,54,
58,JENNIFER,JENNIFER,,SOM7005,Inch,15,50,26,13,54,
58,JENNIFER,JENNIFER,,SOM7008,Inch,15,51,26,13,54,
58,JENNIFER,JENNIFER,,SOM7016,Inch,15,52,26,13,54,
58,JENNIFER,JENNIFER,,TT_BURG,Inch,15,50,26,13,54,
58,JENNIFER,JENNIFER,,TT1B_RED,Inch,15,52,26,13,54,
58,JENNIFER,JENNIFER,,TT4_27,Inch,15,51,26,13,54,
63,FRANCES,FRANCES,,1,Inch,15,99,25,12.5,48,
63,FRANCES,FRANCES,,001B,Inch,15,135,25,12.5,48,
63,FRANCES,FRANCES,,2,Inch,15,100,25,12.5,48,
63,FRANCES,FRANCES,,4,Inch,15,102,25,12.5,48,
63,FRANCES,FRANCES,,3T1B_30,Inch,18,32,31,15.5,60,
63,FRANCES,FRANCES,,3T5004,Inch,18,33,31,15.5,60,
63,FRANCES,FRANCES,,DX2216,Inch,15,32,25,15.5,48,
63,FRANCES,FRANCES,,DX3147,Inch,15,33,25,15.5,48,
63,FRANCES,FRANCES,,DX4733,Inch,15,33,25,15.5,48,
63,FRANCES,FRANCES,,LX3316,Inch,15,31,25,15.5,48,
63,FRANCES,FRANCES,,SOM7002,Inch,18,34,31,15.5,60,
63,FRANCES,FRANCES,,SOM7003,Inch,18,34,31,15.5,60,
63,FRANCES,FRANCES,,SOM7005,Inch,18,33,31,15.5,60,
63,FRANCES,FRANCES,,SOM7008,Inch,18,33,31,15.5,60,
63,FRANCES,FRANCES,,SOM7016,Inch,18,29,31,15.5,60,
63,FRANCES,FRANCES,,TT_BURG,Inch,18,34,31,15.5,60,
63,FRANCES,FRANCES,,TT1B_RED,Inch,18,33,31,15.5,60,
63,FRANCES,FRANCES,,TT4_27,Inch,18,32,31,15.5,60,
59,JULIA,JULIA,,1,Inch,22,105,37,18.5,72,
59,JULIA,JULIA,,001B,Inch,22,150,37,18.5,72,
59,JULIA,JULIA,,2,Inch,22,108,37,18.5,72,
59,JULIA,JULIA,,4,Inch,22,108,37,18.5,72,
59,JULIA,JULIA,,3T1B_30,Inch,25,42,43,21.5,84,
59,JULIA,JULIA,,3T4_613,Inch,25,44,43,21.5,84,
59,JULIA,JULIA,,3T5004,Inch,22,41,37,21.5,84,
59,JULIA,JULIA,,DX2216,Inch,25,40,43,21.5,72,
59,JULIA,JULIA,,DX3147,Inch,25,43,43,21.5,72,
59,JULIA,JULIA,,DX4733,Inch,25,44,43,21.5,72,
59,JULIA,JULIA,,LX3316,Inch,25,42,43,21.5,72,
59,JULIA,JULIA,,SOM7002,Inch,25,44,43,21.5,84,
59,JULIA,JULIA,,SOM7003,Inch,25,41,43,21.5,84,
59,JULIA,JULIA,,SOM7005,Inch,25,42,43,21.5,84,
59,JULIA,JULIA,,SOM7008,Inch,25,42,43,21.5,84,
59,JULIA,JULIA,,SOM7016,Inch,25,41,43,21.5,84,
59,JULIA,JULIA,,TT_BURG,Inch,25,43,43,21.5,84,
59,JULIA,JULIA,,TT1B_RED,Inch,25,44,43,21.5,84,
59,JULIA,JULIA,,TT4_27,Inch,25,42,43,21.5,84,
62,GLORIA,GLORIA,,1,Inch,14,91,23,11.5,44,
62,GLORIA,GLORIA,,1B,Inch,14,124,23,11.5,44,
62,GLORIA,GLORIA,,2,Inch,14,96,23,11.5,44,
62,GLORIA,GLORIA,,3T1B_30,Inch,17,101,29,14.5,44,
62,GLORIA,GLORIA,,3T5004,Inch,17,0,29,14.5,56,
62,GLORIA,GLORIA,,4,Inch,14,32,23,11.5,56,
62,GLORIA,GLORIA,,DX2216,Inch,14,30,23,14.5,44,
62,GLORIA,GLORIA,,DX3147,Inch,14,31,23,14.5,44,
62,GLORIA,GLORIA,,DX4733,Inch,14,31,23,14.5,44,
62,GLORIA,GLORIA,,LX3316,Inch,14,31,23,14.5,44,
62,GLORIA,GLORIA,,SOM7002,Inch,17,31,29,14.5,56,
62,GLORIA,GLORIA,,SOM7003,Inch,17,33,29,14.5,56,
62,GLORIA,GLORIA,,SOM7005,Inch,17,31,29,14.5,56,
62,GLORIA,GLORIA,,SOM7008,Inch,17,28,29,14.5,56,
62,GLORIA,GLORIA,,SOM7016,Inch,17,32,29,14.5,56,
62,GLORIA,GLORIA,,TT_BURG,Inch,17,30,29,14.5,56,
62,GLORIA,GLORIA,,TT1B_RED,Inch,17,33,29,14.5,56,
62,GLORIA,GLORIA,,TT4_27,Inch,17,31,29,14.5,56,
36,TFHB-001,TFHB-001,,1,Inch,65.00,39,109.00,54.5,279,
36,TFHB-001,TFHB-001,,1B,Inch,65.00,74,109.00,54.5,279,
36,TFHB-001,TFHB-001,,2,Inch,65.00,25,109.00,54.5,279,
36,TFHB-001,TFHB-001,,4,Inch,65.00,19,109.00,54.5,279,
36,TFHB-001,TFHB-001,,27,Inch,65.00,26,109.00,54.5,279,
36,TFHB-001,TFHB-001,,30,Inch,65.00,28,109.00,54.5,279,
36,TFHB-001,TFHB-001,,613,Inch,65.00,26,109.00,54.5,279,
36,TFHB-001,TFHB-001,,M4_30,Inch,65.00,26,109.00,54.5,279,
37,TFHB-002,TFHB-002 ,,1,Inch,28.00,41,47.00,23.5,120,
37,TFHB-002,TFHB-002 ,,1B,Inch,28.00,31,47.00,23.5,120,
37,TFHB-002,TFHB-002 ,,2,Inch,28.00,3,47.00,23.5,120,
37,TFHB-002,TFHB-002 ,,4,Inch,28.00,9,47.00,23.5,120,
37,TFHB-002,TFHB-002 ,,27,Inch,28.00,22,47.00,23.5,120,
37,TFHB-002,TFHB-002 ,,30,Inch,28.00,20,47.00,23.5,120,
37,TFHB-002,TFHB-002 ,,613,Inch,28.00,20,47.00,23.5,120,
37,TFHB-002,TFHB-002 ,,M4_30,Inch,28.00,21,47.00,23.5,120,
38,TFHB-003,TFHB-003,,1,Inch,30.00,44,50.00,25,129,
38,TFHB-003,TFHB-003,,1B,Inch,30.00,39,50.00,25,129,
38,TFHB-003,TFHB-003,,2,Inch,30.00,0,50.00,25,129,
38,TFHB-003,TFHB-003,,4,Inch,30.00,19,50.00,25,129,
38,TFHB-003,TFHB-003,,27,Inch,30.00,25,50.00,25,129,
38,TFHB-003,TFHB-003,,30,Inch,30.00,25,50.00,25,129,
38,TFHB-003,TFHB-003,,613,Inch,30.00,25,50.00,25,129,
38,TFHB-003,TFHB-003,,M4_30,Inch,30.00,26,50.00,25,129,
39,TFHB-004,TFHB-004,,1,Inch,118.00,85,199.00,99.5,510,
39,TFHB-004,TFHB-004,,1B,Inch,118.00,85,199.00,99.5,510,
39,TFHB-004,TFHB-004,,2,Inch,118.00,85,199.00,99.5,510,
39,TFHB-004,TFHB-004,,4,Inch,118.00,85,199.00,99.5,510,
39,TFHB-004,TFHB-004,,27,Inch,118.00,85,199.00,99.5,510,
39,TFHB-004,TFHB-004,,30,Inch,118.00,85,199.00,99.5,510,
39,TFHB-004,TFHB-004,,613,Inch,118.00,85,199.00,99.5,510,
39,TFHB-004,TFHB-004,,M4_30,Inch,118.00,85,199.00,99.5,510,
40,TFH-001,TFH-001,,1,Inch,33.00,72,56.00,28,144,
40,TFH-001,TFH-001,,1B,Inch,33.00,8,56.00,28,144,
40,TFH-001,TFH-001,,2,Inch,33.00,1,56.00,28,144,
40,TFH-001,TFH-001,,4,Inch,33.00,11,56.00,28,144,
40,TFH-001,TFH-001,,27,Inch,33.00,21,56.00,28,144,
40,TFH-001,TFH-001,,30,Inch,33.00,26,56.00,28,144,
40,TFH-001,TFH-001,,613,Inch,33.00,20,56.00,28,144,
40,TFH-001,TFH-001,,M4_30,Inch,33.00,21,56.00,28,144,
41,TFH-002,TFH-002 ,,1,Inch,65.00,45,110.00,55,282,
41,TFH-002,TFH-002 ,,1B,Inch,65.00,94,110.00,55,282,
41,TFH-002,TFH-002 ,,2,Inch,65.00,42,110.00,55,282,
41,TFH-002,TFH-002 ,,4,Inch,65.00,24,110.00,55,282,
41,TFH-002,TFH-002 ,,27,Inch,65.00,27,110.00,55,282,
41,TFH-002,TFH-002 ,,30,Inch,65.00,28,110.00,55,282,
41,TFH-002,TFH-002 ,,613,Inch,65.00,25,110.00,55,282,
41,TFH-002,TFH-002 ,,M4_30,Inch,65.00,24,110.00,55,282,
42,TFH-003,TFH-003,,1,Inch,56.00,48,94.00,47,243,
42,TFH-003,TFH-003,,1B,Inch,56.00,99,94.00,47,243,
42,TFH-003,TFH-003,,2,Inch,56.00,49,94.00,47,243,
42,TFH-003,TFH-003,,4,Inch,56.00,28,94.00,47,243,
42,TFH-003,TFH-003,,27,Inch,56.00,26,94.00,47,243,
42,TFH-003,TFH-003,,30,Inch,56.00,30,94.00,47,243,
42,TFH-003,TFH-003,,613,Inch,56.00,28,94.00,47,243,
42,TFH-003,TFH-003,,M4_30,Inch,56.00,30,94.00,47,243,
43,TFH-004,TFH-004,,1,Inch,35.00,44,59.00,29.5,150,
43,TFH-004,TFH-004,,1B,Inch,35.00,83,59.00,29.5,150,
43,TFH-004,TFH-004,,2,Inch,35.00,33,59.00,29.5,150,
43,TFH-004,TFH-004,,4,Inch,35.00,21,59.00,29.5,150,
43,TFH-004,TFH-004,,27,Inch,35.00,22,59.00,29.5,150,
43,TFH-004,TFH-004,,30,Inch,35.00,24,59.00,29.5,150,
43,TFH-004,TFH-004,,613,Inch,35.00,18,59.00,29.5,150,
43,TFH-004,TFH-004,,M4_30,Inch,35.00,24,59.00,29.5,150,
61,AMANDA ,AMANDA,,1,Inch,21,106,35,17.5,68,
61,AMANDA ,AMANDA,,1B,Inch,21,149,35,17.5,68,
61,AMANDA ,AMANDA,,2,Inch,21,108,35,17.5,68,
61,AMANDA ,AMANDA,,3T1B_30,Inch,24,108,41,20.5,68,
61,AMANDA ,AMANDA,,3T5004,Inch,24,0,41,20.5,80,
61,AMANDA ,AMANDA,,4,Inch,21,43,35,17.5,80,
61,AMANDA ,AMANDA,,DX2216,Inch,21,43,35,17.5,68,
61,AMANDA ,AMANDA,,DX3147,Inch,21,42,35,17.5,68,
61,AMANDA ,AMANDA,,DX4733,Inch,21,41,35,17.5,68,
61,AMANDA ,AMANDA,,LX3316,Inch,21,43,35,17.5,68,
61,AMANDA ,AMANDA,,SOM7002,Inch,24,44,41,20.5,80,
61,AMANDA ,AMANDA,,SOM7003,Inch,24,43,41,20.5,80,
61,AMANDA ,AMANDA,,SOM7005,Inch,24,44,41,20.5,80,
61,AMANDA ,AMANDA,,SOM7008,Inch,24,43,41,20.5,80,
61,AMANDA ,AMANDA,,SOM7016,Inch,24,43,41,20.5,80,
61,AMANDA ,AMANDA,,TT_BURG,Inch,24,43,41,20.5,80,
61,AMANDA ,AMANDA,,TT1B_RED,Inch,24,43,41,20.5,80,
61,AMANDA ,AMANDA,,TT4_27,Inch,24,42,41,20.5,80,
83,HILDA,HILDA,,1,Inch,16.00,94,26.00,13,52,
83,HILDA,HILDA,,1B,Inch,16.00,149,26.00,13,52,
83,HILDA,HILDA,,2,Inch,16.00,99,26.00,13,52,
83,HILDA,HILDA,,4,Inch,16.00,74,26.00,13,52,
83,HILDA,HILDA,,F1B_30,Inch,16.00,50,26.00,13,52,
83,HILDA,HILDA,,F1B_BURG,Inch,16.00,49,26.00,13,52,
83,HILDA,HILDA,,F4_30,Inch,16.00,49,26.00,13,52,
83,HILDA,HILDA,,T4_30_27,Inch,16.00,48,26.00,13,52,
84,PAIGE,PAIGE,,1,Inch,12.00,95,20.00,10,38,
84,PAIGE,PAIGE,,1B,Inch,12.00,148,20.00,10,38,
84,PAIGE,PAIGE,,2,Inch,12.00,98,20.00,10,38,
84,PAIGE,PAIGE,,4,Inch,12.00,74,20.00,10,38,
84,PAIGE,PAIGE,,F1B_30,Inch,12.00,50,20.00,10,38,
84,PAIGE,PAIGE,,F1B_BURG,Inch,12.00,48,20.00,10,38,
84,PAIGE,PAIGE,,F4_30,Inch,12.00,49,20.00,10,38,
84,PAIGE,PAIGE,,T4_30_27,Inch,12.00,50,20.00,10,38,
81,ALYSSA,ALYSSA,,1,Inch,13.00,149,21.00,10.5,40,
81,ALYSSA,ALYSSA,,1B,Inch,13.00,149,21.00,10.5,40,
81,ALYSSA,ALYSSA,,2,Inch,13.00,97,21.00,10.5,40,
81,ALYSSA,ALYSSA,,4,Inch,13.00,74,21.00,10.5,40,
81,ALYSSA,ALYSSA,,F1B_30,Inch,13.00,48,21.00,10.5,40,
81,ALYSSA,ALYSSA,,F1B_BURG,Inch,13.00,48,21.00,10.5,40,
81,ALYSSA,ALYSSA,,F4_30,Inch,13.00,49,21.00,10.5,40,
81,ALYSSA,ALYSSA,,T4_30_27,Inch,13.00,49,21.00,10.5,40,
82,AMBER,AMBER,,1,Inch,14.00,95,23.00,11.5,44,
82,AMBER,AMBER,,1B,Inch,14.00,148,23.00,11.5,44,
82,AMBER,AMBER,,2,Inch,14.00,98,23.00,11.5,44,
82,AMBER,AMBER,,4,Inch,14.00,74,23.00,11.5,44,
82,AMBER,AMBER,,F1B_30,Inch,14.00,50,23.00,11.5,44,
82,AMBER,AMBER,,F1B_BURG,Inch,14.00,49,23.00,11.5,44,
82,AMBER,AMBER,,F4_30,Inch,14.00,49,23.00,11.5,44,
82,AMBER,AMBER,,T4_30_27,Inch,14.00,47,23.00,11.5,44,
85,SB001,SB001,,1,,9.00,499,15.00,7.2,28,
85,SB001,SB001,,1B,,9.00,499,15.00,7.2,28,
85,SB001,SB001,,2,,9.00,299,15.00,7.2,28,
85,SB001,SB001,,27,,9.00,199,15.00,7.2,28,
85,SB001,SB001,,30,,9.00,196,15.00,7.2,28,
85,SB001,SB001,,4,,9.00,199,15.00,7.2,28,
85,SB001,SB001,,F1B_30,,9.00,199,15.00,7.2,28,
85,SB001,SB001,,F4_30,,9.00,199,15.00,7.2,28,
86,SB002,SB002,,1,,12.00,498,20.00,9.8,38,
86,SB002,SB002,,1B,,12.00,498,20.00,9.8,38,
86,SB002,SB002,,2,,12.00,300,20.00,9.8,38,
86,SB002,SB002,,27,,12.00,199,20.00,9.8,38,
86,SB002,SB002,,30,,12.00,200,20.00,9.8,38,
86,SB002,SB002,,4,,12.00,200,20.00,9.8,38,
86,SB002,SB002,,F1B_30,,12.00,200,20.00,9.8,38,
86,SB002,SB002,,F4_30,,12.00,200,20.00,9.8,38,
87,SC001,SC001,,1,,12.00,499,19.00,9.2,36,
87,SC001,SC001,,1B,,12.00,499,19.00,9.2,36,
87,SC001,SC001,,2,,12.00,300,19.00,9.2,36,
87,SC001,SC001,,27,,12.00,200,19.00,9.2,36,
87,SC001,SC001,,30,,12.00,200,19.00,9.2,36,
87,SC001,SC001,,4,,12.00,199,19.00,9.2,36,
87,SC001,SC001,,F1B_30,,12.00,199,19.00,9.2,36,
87,SC001,SC001,,F4_30,,12.00,199,19.00,9.2,36,
92,SHE-SY,SILKY YAKY,8,1,,9.00,467,15,7.5,28,
92,SHE-SY,SILKY YAKY,8,1B,,9.00,467,15,7.5,28,
92,SHE-SY,SILKY YAKY,8,2,,9.00,384,15,7.5,28,
92,SHE-SY,SILKY YAKY,8,4,,9.00,388,15,7.5,28,
92,SHE-SY,SILKY YAKY,8,27,,9.00,200,17,8.5,32,
92,SHE-SY,SILKY YAKY,8,30,,9.00,200,15,7.5,28,
92,SHE-SY,SILKY YAKY,8,33,,0.00,200,15,7.5,28,
92,SHE-SY,SILKY YAKY,8,P1B_27,,11.00,200,19,9.5,36,
92,SHE-SY,SILKY YAKY,8,P1B_30,,11.00,200,19,9.5,36,
92,SHE-SY,SILKY YAKY,8,P4_30,,11.00,200,19,9.5,36,
92,SHE-SY,SILKY YAKY,10,1,,12.00,200,19.00,9.5,36,
92,SHE-SY,SILKY YAKY,10,1B,,12.00,200,19.00,9.5,36,
92,SHE-SY,SILKY YAKY,10,2,,12.00,200,19.00,9.5,36,
92,SHE-SY,SILKY YAKY,10,4,,12.00,200,19.00,9.5,36,
92,SHE-SY,SILKY YAKY,10,27,,12.00,200,19.00,9.5,40,
92,SHE-SY,SILKY YAKY,10,30,,12.00,200,19.00,9.5,36,
92,SHE-SY,SILKY YAKY,10,33,,13.00,200,21.00,10.2,36,
92,SHE-SY,SILKY YAKY,10,P1B_27,,14.00,200,23.00,11.2,44,
92,SHE-SY,SILKY YAKY,10,P1B_30,,14.00,200,23.00,11.2,44,
92,SHE-SY,SILKY YAKY,10,P4_30,,14.00,200,23.00,11.2,44,
92,SHE-SY,SILKY YAKY,12,1,,17.00,200,28.00,13.7,54,
92,SHE-SY,SILKY YAKY,12,1B,,17.00,200,28.00,13.7,54,
92,SHE-SY,SILKY YAKY,12,2,,17.00,200,28.00,13.7,54,
92,SHE-SY,SILKY YAKY,12,4,,17.00,200,28.00,13.7,54,
92,SHE-SY,SILKY YAKY,12,27,,17.00,200,28.00,14.7,58,
92,SHE-SY,SILKY YAKY,12,30,,17.00,200,28.00,13.7,54,
92,SHE-SY,SILKY YAKY,12,33,,18.00,200,30.00,13.7,54,
92,SHE-SY,SILKY YAKY,12,P1B_27,,19.00,200,32.00,15.7,62,
92,SHE-SY,SILKY YAKY,12,P1B_30,,19.00,200,32.00,15.7,62,
92,SHE-SY,SILKY YAKY,12,P4_30,,19.00,200,32.00,15.7,62,
92,SHE-SY,SILKY YAKY,14,1,,23.00,200,39.00,19.6,76,
92,SHE-SY,SILKY YAKY,14,1B,,23.00,200,39.00,19.6,76,
92,SHE-SY,SILKY YAKY,14,2,,23.00,200,39.00,19.6,76,
92,SHE-SY,SILKY YAKY,14,4,,23.00,200,39.00,19.6,76,
92,SHE-SY,SILKY YAKY,14,27,,23.00,200,39.00,20.6,80,
92,SHE-SY,SILKY YAKY,14,30,,23.00,200,39.00,19.6,76,
92,SHE-SY,SILKY YAKY,14,33,,24.00,200,41.00,19.6,76,
92,SHE-SY,SILKY YAKY,14,P1B_27,,25.00,200,43.00,21.6,84,
92,SHE-SY,SILKY YAKY,14,P1B_30,,25.00,200,43.00,21.6,84,
92,SHE-SY,SILKY YAKY,14,P4_30,,25.00,200,43.00,21.6,84,
92,SHE-SY,SILKY YAKY,16,1,,29.00,200,49.00,24.3,94,
92,SHE-SY,SILKY YAKY,16,1B,,29.00,200,49.00,24.3,94,
92,SHE-SY,SILKY YAKY,16,2,,29.00,200,49.00,24.3,94,
92,SHE-SY,SILKY YAKY,16,4,,29.00,200,49.00,24.3,94,
92,SHE-SY,SILKY YAKY,16,27,,29.00,200,49.00,25.3,98,
92,SHE-SY,SILKY YAKY,16,30,,29.00,200,49.00,24.3,94,
92,SHE-SY,SILKY YAKY,16,33,,0.00,200,51.00,24.3,94,
92,SHE-SY,SILKY YAKY,16,P1B_27,,31.00,200,53.00,26.3,102,
92,SHE-SY,SILKY YAKY,16,P1B_30,,31.00,200,53.00,26.3,102,
92,SHE-SY,SILKY YAKY,16,P4_30,,31.00,200,53.00,26.3,102,
