ID,PRODUCT_CODE,SKU,LENGTH,COLOR,TYPE,SALON,STOCK,MSRP,WHOLESALEPRICE,REGULARPRICE,AGENT
1003,MYANMAR-ST,MYANMAR-ST,10,Natural,Inch,26,99,40.59,22,52,30
1003,MYANMAR-ST,MYANMAR-ST,12,Natural,Inch,31.5,99,48.82,26.5,63,36
1003,MYANMAR-ST,MYANMAR-ST,14,Natural,Inch,37,148,57.65,31.5,74,42
1003,MYANMAR-ST,MYANMAR-ST,16,Natural,Inch,42.5,197,66.47,36,85,49
1003,MYANMAR-ST,MYANMAR-ST,18,Natural,Inch,47.5,199,74.71,40.5,95,54
1003,MYANMAR-ST,MYANMAR-ST,20,Natural,Inch,53,99,82.94,45,106,60
1003,MYANMAR-ST,MYANMAR-ST,22,Natural,Inch,58.5,99,91.76,50,117,67
1003,MYANMAR-ST,MYANMAR-ST,24,Natural,Inch,63.5,99,99.41,54,127,72
1003,MYANMAR-ST,MYANMAR-ST,26,Natural,Inch,69,99,108.24,58.5,138,79
1005,SHUNFA-NW,SHUNFA-NW ,10,Natural,Inch,45.5,49,70.59,38.5,90,52
1005,SHUNFA-NW,SHUNFA-NW ,12,Natural,Inch,52.5,49,81.76,45,105,60
1005,SHUNFA-NW,SHUNFA-NW ,14,Natural,Inch,58,49,90.59,49.5,115,66
1005,SHUNFA-NW,SHUNFA-NW ,16,Natural,Inch,65.5,49,101.76,55.5,130,74
1005,SHUNFA-NW,SHUNFA-NW ,18,Natural,Inch,85.5,49,133.53,73,170,97
1005,SHUNFA-NW,SHUNFA-NW ,20,Natural,Inch,89.5,49,139.41,76,178,101
1005,SHUNFA-NW,SHUNFA-NW ,22,Natural,Inch,97.5,49,151.76,83,194,110
1005,SHUNFA-NW,SHUNFA-NW ,24,Natural,Inch,11.5,49,173.53,94.5,222,126
1005,SHUNFA-NW,SHUNFA-NW ,26,Natural,Inch,120,49,187.65,102,239,136
1004,SHUNFA-BW,SHUNFA-BW ,10,Natural,Inch,45,49,71.18,38,91,52
1004,SHUNFA-BW,SHUNFA-BW ,12,Natural,Inch,52.5,49,82.94,44.5,105,60
1004,SHUNFA-BW,SHUNFA-BW ,14,Natural,Inch,57.5,49,91.18,49,116,66
1004,SHUNFA-BW,SHUNFA-BW ,16,Natural,Inch,65,49,102.94,55.5,131,75
1004,SHUNFA-BW,SHUNFA-BW ,18,Natural,Inch,85,49,134.12,72.5,171,97
1004,SHUNFA-BW,SHUNFA-BW ,20,Natural,Inch,89,49,140,75.5,179,102
1004,SHUNFA-BW,SHUNFA-BW ,22,Natural,Inch,97,49,152.94,82.5,195,111
1004,SHUNFA-BW,SHUNFA-BW ,24,Natural,Inch,111,49,174.71,94,223,127
1004,SHUNFA-BW,SHUNFA-BW ,26,Natural,Inch,119.5,49,188.54,101.5,240,137
1000,MYANMAR-NW,MYANMAR-NW,10,Natural,Inch,26,49,40.59,22,52,30
1000,MYANMAR-NW,MYANMAR-NW,12,Natural,Inch,31.5,49,48.82,26.5,63,36
1000,MYANMAR-NW,MYANMAR-NW,14,Natural,Inch,37,99,57.65,31.5,74,42
1000,MYANMAR-NW,MYANMAR-NW,16,Natural,Inch,42.5,99,66.47,36,85,49
1000,MYANMAR-NW,MYANMAR-NW,18,Natural,Inch,47.5,96,74.71,40.5,95,54
1000,MYANMAR-NW,MYANMAR-NW,20,Natural,Inch,53,47,82.94,45,106,60
1000,MYANMAR-NW,MYANMAR-NW,22,Natural,Inch,58.5,47,91.76,50,117,67
1000,MYANMAR-NW,MYANMAR-NW,24,Natural,Inch,63.5,49,99.41,54,127,72
1000,MYANMAR-NW,MYANMAR-NW,26,Natural,Inch,69,49,108.24,58.5,138,79
1053,TRINA,TRINA,,1,Inch,18,20,28.24,15.5,36,21
1053,TRINA,TRINA,,001B,Inch,18,20,28.24,15.5,36,21
1053,TRINA,TRINA,,2,Inch,18,20,28.24,15.5,36,21
1053,TRINA,TRINA,,4,Inch,18,20,28.24,15.5,36,21
1053,TRINA,TRINA,,27,Inch,18,9,28.24,15.5,36,21
1053,TRINA,TRINA,,30,Inch,18,10,28.24,15.5,36,21
1053,TRINA,TRINA,,33,Inch,18,10,28.24,15.5,36,21
1053,TRINA,TRINA,,F1B_30,Inch,18,10,28.24,15.5,36,21
1053,TRINA,TRINA,,F4_27,Inch,18,10,28.24,15.5,36,21
1053,TRINA,TRINA,,F4_30,Inch,18,10,28.24,15.5,36,21
1023,STACY,STACY,,1,Inch,80,19,125.88,68,160,91
1023,STACY,STACY,,1B,Inch,80,20,125.88,68,160,91
1023,STACY,STACY,,2,Inch,80,19,125.88,68,160,91
1023,STACY,STACY,,4,Inch,80,20,125.88,68,160,91
1023,STACY,STACY,,27,Inch,80,10,125.88,68,160,91
1023,STACY,STACY,,30,Inch,80,10,125.88,68,160,91
1023,STACY,STACY,,33,Inch,80,10,125.88,68,160,91
1023,STACY,STACY,,F1B_30,Inch,80,10,125.88,68,160,91
1023,STACY,STACY,,F4_27,Inch,80,10,125.88,68,160,91
1023,STACY,STACY,,F4_30,Inch,80,10,125.88,68,160,91
1022,SIMONE,SIMONE,,1,Inch,19.5,20,30.59,16.5,39,23
1022,SIMONE,SIMONE,,1B,Inch,19.5,20,30.59,16.5,39,23
1022,SIMONE,SIMONE,,2,Inch,19.5,20,30.59,16.5,39,23
1022,SIMONE,SIMONE,,4,Inch,19.5,20,30.59,16.5,39,23
1022,SIMONE,SIMONE,,27,Inch,19.5,10,30.59,16.5,39,23
1022,SIMONE,SIMONE,,30,Inch,19.5,10,30.59,16.5,39,23
1022,SIMONE,SIMONE,,33,Inch,19.5,10,30.59,16.5,39,23
1022,SIMONE,SIMONE,,F1B_30,Inch,19.5,10,30.59,16.5,39,23
1022,SIMONE,SIMONE,,F4_27,Inch,19.5,9,30.59,16.5,39,23
1022,SIMONE,SIMONE,,F4_30,Inch,19.5,10,30.59,16.5,39,23
1,FAC-NA,FAC-NA,12,NATURAL,Inch,24,970,47.06,20,62,35
1,FAC-NA,FAC-NA,14,NATURAL,Inch,35,651,68.24,29.1,90,50
1,FAC-NA,FAC-NA,16,NATURAL,Inch,43,565,85.88,36.3,113,63
1,FAC-NA,FAC-NA,18,NATURAL,Inch,53,573,104.71,44.1,143,76
1,FAC-NA,FAC-NA,20,NATURAL,Inch,62,370,122.35,52,169,89
1,FAC-NA,FAC-NA,22,NATURAL,Inch,71,370,141.18,59.8,188,103
1,FAC-NA,FAC-NA,24,NATURAL,Inch,77,370,152.94,65.1,214,111
1,FAC-NA,FAC-NA,26,NATURAL,Inch,83,370,165.88,70.3,240,120
33,AND-STW,AND-STW,16,1,Inch,50,297,100,42.5,164,73
33,AND-STW,AND-STW,16,001B,Inch,50,297,100,63.75,164,73
33,AND-STW,AND-STW,16,2,Inch,50,98,100,63.75,164,73
33,AND-STW,AND-STW,16,4,Inch,50,98,100,63.75,164,73
33,AND-STW,AND-STW,16,22,Inch,70,196,147.06,93.75,244,107
33,AND-STW,AND-STW,16,24,Inch,70,97,147.06,93.75,244,107
33,AND-STW,AND-STW,16,27,Inch,55,96,111.76,71.25,184,81
33,AND-STW,AND-STW,16,30,Inch,50,99,100,63.75,164,73
33,AND-STW,AND-STW,16,32A,Inch,50,99,100,63.75,164,73
33,AND-STW,AND-STW,16,33,Inch,50,100,100,63.75,164,73
33,AND-STW,AND-STW,16,35A,Inch,50,98,100,63.75,164,73
33,AND-STW,AND-STW,16,613B,Inch,70,393,147.06,93.75,244,107
33,AND-STW,AND-STW,16,LT_SILVER,Inch,70,86,147.06,93.75,244,107
33,AND-STW,AND-STW,16,P10_16,Inch,55,193,111.76,71.25,184,81
33,AND-STW,AND-STW,16,P14_24,Inch,55,191,111.76,71.25,184,81
33,AND-STW,AND-STW,16,P16_24,Inch,55,95,111.76,71.25,184,81
33,AND-STW,AND-STW,16,P18_22,Inch,70,190,147.06,93.75,244,107
33,AND-STW,AND-STW,16,P2_27,Inch,55,99,111.76,71.25,184,81
33,AND-STW,AND-STW,16,P2_613,Inch,55,98,111.76,71.25,184,81
33,AND-STW,AND-STW,16,P27_613,Inch,55,94,111.76,71.25,184,81
33,AND-STW,AND-STW,16,P4_24,Inch,55,97,111.76,71.25,184,81
33,AND-STW,AND-STW,16,P4_27,Inch,55,92,111.76,71.25,184,81
33,AND-STW,AND-STW,16,P4_27_30,Inch,55,97,111.76,71.25,184,81
33,AND-STW,AND-STW,16,P4_30,Inch,55,98,111.76,71.25,184,81
33,AND-STW,AND-STW,16,P6_613,Inch,55,96,111.76,71.25,184,81
33,AND-STW,AND-STW,16,T4_30_27,Inch,55,92,111.76,71.25,184,81
33,AND-STW,AND-STW,18,1,Inch,62,190,122.35,78,202,89
33,AND-STW,AND-STW,18,001B,Inch,62,285,122.35,78,202,89
33,AND-STW,AND-STW,18,2,Inch,62,190,122.35,78,202,89
33,AND-STW,AND-STW,18,4,Inch,62,189,122.35,78,202,89
33,AND-STW,AND-STW,18,6,Inch,62,190,122.35,78,202,89
33,AND-STW,AND-STW,18,10,Inch,62,97,122.35,78,202,89
33,AND-STW,AND-STW,18,14,Inch,67,96,134.12,85.5,222,97
33,AND-STW,AND-STW,18,16,Inch,67,89,134.12,85.5,222,97
33,AND-STW,AND-STW,18,18,Inch,82,87,169.41,108,282,123
33,AND-STW,AND-STW,18,22,Inch,82,288,169.41,108,282,123
33,AND-STW,AND-STW,18,27,Inch,67,149,134.12,108,222,97
33,AND-STW,AND-STW,18,30,Inch,62,97,122.35,78,202,89
33,AND-STW,AND-STW,18,32A,Inch,62,92,122.35,78,202,89
33,AND-STW,AND-STW,18,33,Inch,62,97,122.35,78,202,89
33,AND-STW,AND-STW,18,35A,Inch,67,91,134.12,85.5,222,97
33,AND-STW,AND-STW,18,613,Inch,82,273,169.41,108,282,123
33,AND-STW,AND-STW,18,LT_SILVER,Inch,82,174,169.41,108,282,123
33,AND-STW,AND-STW,18,P10_16,Inch,67,286,134.12,85.5,284,97
33,AND-STW,AND-STW,18,P14_24,Inch,67,85,134.12,85.5,284,97
33,AND-STW,AND-STW,18,P16_24,Inch,67,184,134.12,85.5,284,97
33,AND-STW,AND-STW,18,P18_22,Inch,82,280,169.41,108,282,123
33,AND-STW,AND-STW,18,P2_27,Inch,67,97,134.12,85.5,222,97
33,AND-STW,AND-STW,18,P27_613,Inch,67,282,134.12,85.5,222,97
33,AND-STW,AND-STW,18,P4_24,Inch,67,190,134.12,85.5,222,97
33,AND-STW,AND-STW,18,P4_27,Inch,67,93,134.12,85.5,222,97
33,AND-STW,AND-STW,18,P4_27_30,Inch,67,192,134.12,85.5,222,97
33,AND-STW,AND-STW,18,P4_30,Inch,67,200,134.12,85.5,222,97
33,AND-STW,AND-STW,18,T4_30_27,Inch,67,130,134.12,85.5,222,97
33,AND-STW,AND-STW,18,T6_27_613,Inch,82,181,169.41,108,282,123
33,AND-STW,AND-STW,18,TT3_613,Inch,82,182,169.41,108,282,123
33,AND-STW,AND-STW,20,1,Inch,74,200,147.06,93.75,242,107
33,AND-STW,AND-STW,20,001B,Inch,74,299,147.06,93.75,242,107
33,AND-STW,AND-STW,20,2,Inch,74,98,147.06,93.75,242,107
33,AND-STW,AND-STW,20,4,Inch,74,98,147.06,93.75,242,107
33,AND-STW,AND-STW,20,613,Inch,94,298,194.12,123.75,322,141
33,AND-STW,AND-STW,20,613B,Inch,94,397,194.12,123.75,322,141
33,AND-STW,AND-STW,20,P10_16,Inch,79,199,158.82,101.25,262,115
33,AND-STW,AND-STW,20,P18_22,Inch,94,199,194.12,123.75,322,141
33,AND-STW,AND-STW,22,1,Inch,83,98,164.71,105,272,120
33,AND-STW,AND-STW,22,001B,Inch,83,97,164.71,105,272,120
33,AND-STW,AND-STW,22,2,Inch,83,96,164.71,105,272,120
33,AND-STW,AND-STW,22,4,Inch,83,96,164.71,105,272,120
33,AND-STW,AND-STW,22,613,Inch,103,199,211.76,135,352,153
33,AND-STW,AND-STW,22,613B,Inch,103,299,211.76,135,352,153
33,AND-STW,AND-STW,22,P10_16,Inch,88,200,176.47,112.5,292,128
33,AND-STW,AND-STW,22,P18_22,Inch,103,200,211.76,135,352,153
33,AND-STW,AND-STW,24,1,Inch,89,100,177.65,113.25,292,129
33,AND-STW,AND-STW,24,001B,Inch,89,150,177.65,113.25,292,129
33,AND-STW,AND-STW,24,2,Inch,89,150,177.65,113.25,292,129
33,AND-STW,AND-STW,24,4,Inch,89,100,177.65,113.25,292,129
49,DIANA,DIANA,,1,Inch,103,46,205.88,87.5,340,149
49,DIANA,DIANA,,1B,Inch,103,73,205.88,87.5,340,149
49,DIANA,DIANA,,2,Inch,103,44,205.88,87.5,340,149
49,DIANA,DIANA,,4,Inch,103,28,205.88,87.5,340,149
49,DIANA,DIANA,,6,Inch,103,28,205.88,87.5,340,149
49,DIANA,DIANA,,F10_16,Inch,103,22,205.88,87.5,340,149
49,DIANA,DIANA,,F14_24,Inch,103,24,205.88,87.5,340,149
49,DIANA,DIANA,,F1B_30,Inch,103,25,205.88,87.5,340,149
49,DIANA,DIANA,,F1B_BURG,Inch,103,25,205.88,87.5,340,149
49,DIANA,DIANA,,F27_613,Inch,103,23,205.88,87.5,340,149
49,DIANA,DIANA,,F4_27,Inch,103,24,205.88,87.5,340,149
49,DIANA,DIANA,,F4_30,Inch,103,24,205.88,87.5,340,149
49,DIANA,DIANA,,F6_27,Inch,103,23,205.88,87.5,340,149
51,LUCY,LUCY,,1,Inch,79,38,157.65,67,262,114
51,LUCY,LUCY,,1B,Inch,79,61,157.65,67,262,114
51,LUCY,LUCY,,2,Inch,79,42,157.65,67,262,114
51,LUCY,LUCY,,4,Inch,79,24,157.65,67,262,114
51,LUCY,LUCY,,6,Inch,79,29,157.65,67,262,114
51,LUCY,LUCY,,F10_16,Inch,79,24,157.65,67,262,114
51,LUCY,LUCY,,F14_24,Inch,79,25,157.65,67,262,114
51,LUCY,LUCY,,F1B_30,Inch,79,19,157.65,67,262,114
51,LUCY,LUCY,,F1B_BURG,Inch,79,23,157.65,67,262,114
51,LUCY,LUCY,,F27_613,Inch,79,24,157.65,67,262,114
51,LUCY,LUCY,,F4_27,Inch,79,23,157.65,67,262,114
51,LUCY,LUCY,,F4_30,Inch,79,19,157.65,67,262,114
51,LUCY,LUCY,,F6_27,Inch,79,24,157.65,67,262,114
52,BETH,BETH,,1,Inch,17,98,32.94,14,54,24
52,BETH,BETH,,1B,Inch,17,146,32.94,14,54,24
52,BETH,BETH,,2,Inch,17,98,32.94,14,54,24
52,BETH,BETH,,280,Inch,17,47,32.94,14,54,24
52,BETH,BETH,,34,Inch,17,22,32.94,14,54,24
52,BETH,BETH,,4,Inch,17,22,32.94,14,54,24
52,BETH,BETH,,44,Inch,17,20,32.94,14,54,24
52,BETH,BETH,,51,Inch,17,22,32.94,14,54,24
52,BETH,BETH,,F1B_30,Inch,17,27,32.94,14,54,24
53,VIVIAN,VIVIAN,,1,Inch,17,98,32.94,14,54,24
53,VIVIAN,VIVIAN,,1B,Inch,17,148,32.94,14,54,24
53,VIVIAN,VIVIAN,,2,Inch,17,98,32.94,14,54,24
53,VIVIAN,VIVIAN,,280,Inch,17,46,32.94,14,54,24
53,VIVIAN,VIVIAN,,34,Inch,17,22,32.94,14,54,24
53,VIVIAN,VIVIAN,,4,Inch,17,21,32.94,14,54,24
53,VIVIAN,VIVIAN,,44,Inch,17,22,32.94,14,54,24
53,VIVIAN,VIVIAN,,51,Inch,17,22,32.94,14,54,24
53,VIVIAN,VIVIAN,,F1B_30,Inch,17,24,32.94,14,54,24
1021,ONNA,ONNA,,1,Inch,21,20,32.94,18,42,24
1021,ONNA,ONNA,,1B,Inch,21,20,32.94,18,42,24
1021,ONNA,ONNA,,2,Inch,21,20,32.94,18,42,24
1021,ONNA,ONNA,,4,Inch,21,20,32.94,18,42,24
1021,ONNA,ONNA,,27,Inch,21,10,32.94,18,42,24
1021,ONNA,ONNA,,30,Inch,21,10,32.94,18,42,24
1021,ONNA,ONNA,,33,Inch,21,10,32.94,18,42,24
1021,ONNA,ONNA,,F1B_30,Inch,21,10,32.94,18,42,24
1021,ONNA,ONNA,,F4_27,Inch,21,10,32.94,18,42,24
1021,ONNA,ONNA,,F4_30,Inch,21,10,32.94,18,42,24
55,ISABELLA,ISABELLA,,1,Inch,21,107,41.18,17.5,51,30
55,ISABELLA,ISABELLA,,001B,Inch,21,149,41.18,17.5,51,30
55,ISABELLA,ISABELLA,,2,Inch,21,108,41.18,17.5,51,30
55,ISABELLA,ISABELLA,,4,Inch,21,109,41.18,17.5,51,30
55,ISABELLA,ISABELLA,,3T1B_30,Inch,24,42,48.24,20.5,60,35
55,ISABELLA,ISABELLA,,3T5004,Inch,24,42,48.24,20.5,60,35
55,ISABELLA,ISABELLA,,DX2216,Inch,21,43,41.18,20.5,51,30
55,ISABELLA,ISABELLA,,DX3147,Inch,21,44,41.18,20.5,51,30
55,ISABELLA,ISABELLA,,DX4733,Inch,21,44,41.18,20.5,51,30
55,ISABELLA,ISABELLA,,LX3316,Inch,21,42,41.18,20.5,51,30
55,ISABELLA,ISABELLA,,SOM7002,Inch,24,43,48.24,20.5,60,35
55,ISABELLA,ISABELLA,,SOM7003,Inch,24,44,48.24,20.5,60,35
55,ISABELLA,ISABELLA,,SOM7005,Inch,24,43,48.24,20.5,60,35
55,ISABELLA,ISABELLA,,SOM7008,Inch,24,43,48.24,20.5,60,35
55,ISABELLA,ISABELLA,,SOM7016,Inch,24,44,48.24,20.5,60,35
55,ISABELLA,ISABELLA,,TT_BURG,Inch,24,42,48.24,20.5,60,35
55,ISABELLA,ISABELLA,,TT1B_RED,Inch,24,43,48.24,20.5,60,35
55,ISABELLA,ISABELLA,,TT4_27,Inch,24,43,48.24,20.5,60,35
12,TFH-005,TFH-005 (Straight),,NATURAL,Inch,42.94,316,85.88,36.5,85.88,63
13,TFH-006,TFH-006 (Curly),,NATURAL,Inch,44.12,328,88.24,37.5,235,64
54,MELISSA,MELISSA,,1,Inch,22,107,42.35,18,70,31
54,MELISSA,MELISSA,,001B,Inch,22,152,42.35,18,70,31
54,MELISSA,MELISSA,,2,Inch,22,109,42.35,18,70,31
54,MELISSA,MELISSA,,4,Inch,22,109,42.35,18,70,31
54,MELISSA,MELISSA,,3T1B_30,Inch,25,41,42.35,21,82,31
54,MELISSA,MELISSA,,3T5004,Inch,25,43,42.35,21,82,31
54,MELISSA,MELISSA,,DX2216,Inch,25,43,49.41,21,70,36
54,MELISSA,MELISSA,,DX3147,Inch,25,44,49.41,21,70,36
54,MELISSA,MELISSA,,DX4733,Inch,25,44,49.41,21,70,36
54,MELISSA,MELISSA,,LX3316,Inch,25,42,49.41,21,70,36
54,MELISSA,MELISSA,,SOM7002,Inch,25,43,49.41,21,82,36
54,MELISSA,MELISSA,,SOM7003,Inch,25,44,49.41,21,82,36
54,MELISSA,MELISSA,,SOM7005,Inch,25,44,49.41,21,82,36
54,MELISSA,MELISSA,,SOM7008,Inch,25,42,49.41,21,82,36
54,MELISSA,MELISSA,,SOM7016,Inch,25,44,49.41,21,82,36
54,MELISSA,MELISSA,,TT_BURG,Inch,25,43,49.41,21,82,36
54,MELISSA,MELISSA,,TT1B_RED,Inch,25,44,49.41,21,82,36
54,MELISSA,MELISSA,,TT4_27,Inch,25,41,49.41,21,82,36
1001,MYANMAR-BD,MYANMAR-BD,10,Natural,Inch,26.5,99,41.18,22.5,53,30
1001,MYANMAR-BD,MYANMAR-BD,12,Natural,Inch,32,99,50,27,64,37
1001,MYANMAR-BD,MYANMAR-BD,14,Natural,Inch,37.5,149,58.24,31.5,75,43
1001,MYANMAR-BD,MYANMAR-BD,16,Natural,Inch,43,198,67.06,36.5,86,49
1001,MYANMAR-BD,MYANMAR-BD,18,Natural,Inch,48,198,75.29,41,96,55
1001,MYANMAR-BD,MYANMAR-BD,20,Natural,Inch,53.5,98,84.12,45.5,107,61
1001,MYANMAR-BD,MYANMAR-BD,22,Natural,Inch,59,99,92.35,50,118,67
1001,MYANMAR-BD,MYANMAR-BD,24,Natural,Inch,64,99,100.59,54.5,128,73
1001,MYANMAR-BD,MYANMAR-BD,26,Natural,Inch,69.5,99,108.82,59,139,79
1002,MYANMAR-SC,MYANMAR-SC,14,Natural,Inch,39.5,49,61.76,33.5,79,45
1002,MYANMAR-SC,MYANMAR-SC,16,Natural,Inch,45,49,70.59,38.5,90,52
1002,MYANMAR-SC,MYANMAR-SC,18,Natural,Inch,50.5,49,78.82,43,101,57
1002,MYANMAR-SC,MYANMAR-SC,20,Natural,Inch,55.5,49,87.65,47.5,111,64
57,KAREN,KAREN,,1,Inch,21,105,41.18,17.5,68,30
57,KAREN,KAREN,,001B,Inch,21,149,41.18,17.5,68,30
57,KAREN,KAREN,,2,Inch,21,107,41.18,17.5,68,30
57,KAREN,KAREN,,4,Inch,21,107,41.18,17.5,68,30
57,KAREN,KAREN,,3T1B_30,Inch,24,41,48.24,20.5,80,35
57,KAREN,KAREN,,3T5004,Inch,24,37,48.24,20.5,80,35
57,KAREN,KAREN,,DX2216,Inch,21,41,41.18,17.5,68,30
57,KAREN,KAREN,,DX3147,Inch,21,42,41.18,17.5,68,30
57,KAREN,KAREN,,DX4733,Inch,21,42,41.18,17.5,68,30
57,KAREN,KAREN,,LX3316,Inch,21,39,41.18,17.5,68,30
57,KAREN,KAREN,,SOM7002,Inch,24,41,48.24,20.5,80,35
57,KAREN,KAREN,,SOM7003,Inch,24,42,48.24,20.5,80,35
57,KAREN,KAREN,,SOM7005,Inch,24,42,48.24,20.5,80,35
57,KAREN,KAREN,,SOM7008,Inch,24,42,48.24,20.5,80,35
57,KAREN,KAREN,,SOM7016,Inch,24,40,48.24,20.5,80,35
57,KAREN,KAREN,,TT_BURG,Inch,24,41,48.24,20.5,80,35
57,KAREN,KAREN,,TT1B_RED,Inch,24,42,48.24,20.5,80,35
57,KAREN,KAREN,,TT4_27,Inch,24,41,48.24,20.5,80,35
1018,LIYAH,LIYAH,,1,Inch,21.5,20,34.12,18.5,43,25
1018,LIYAH,LIYAH,,1B,Inch,21.5,20,34.12,18.5,43,25
1018,LIYAH,LIYAH,,2,Inch,21.5,20,34.12,18.5,43,25
1018,LIYAH,LIYAH,,4,Inch,21.5,20,34.12,18.5,43,25
1018,LIYAH,LIYAH,,27,Inch,21.5,10,34.12,18.5,43,25
1018,LIYAH,LIYAH,,30,Inch,21.5,10,34.12,18.5,43,25
1018,LIYAH,LIYAH,,33,Inch,21.5,10,34.12,18.5,43,25
1018,LIYAH,LIYAH,,F1B_30,Inch,21.5,10,34.12,18.5,43,25
1018,LIYAH,LIYAH,,F4_27,Inch,21.5,10,34.12,18.5,43,25
1018,LIYAH,LIYAH,,F4_30,Inch,21.5,10,34.12,18.5,43,25
1017,CAROLYN,CAROLYN,,1,Inch,20.71,20,32.35,17.6,41.42,24
1017,CAROLYN,CAROLYN,,1B,Inch,20.71,20,32.35,17.6,41.42,24
1017,CAROLYN,CAROLYN,,2,Inch,20.71,20,32.35,17.6,41.42,24
1017,CAROLYN,CAROLYN,,4,Inch,20.71,20,32.35,17.6,41.42,24
1017,CAROLYN,CAROLYN,,27,Inch,20.71,10,32.35,17.6,41.42,24
1017,CAROLYN,CAROLYN,,30,Inch,20.71,10,32.35,17.6,41.42,24
1017,CAROLYN,CAROLYN,,33,Inch,20.71,10,32.35,17.6,41.42,24
1017,CAROLYN,CAROLYN,,34,Inch,20.71,10,32.35,17.6,41.42,24
1017,CAROLYN,CAROLYN,,44,Inch,20.71,10,32.35,17.6,41.42,24
1017,CAROLYN,CAROLYN,,280,Inch,20.71,10,32.35,17.6,41.42,24
1017,CAROLYN,CAROLYN,,F1B_30,Inch,20.71,10,32.35,17.6,41.42,24
1017,CAROLYN,CAROLYN,,F4_27,Inch,20.71,10,32.35,17.6,41.42,24
1017,CAROLYN,CAROLYN,,F4_30,Inch,20.71,10,32.35,17.6,41.42,24
1016,ALICIA,ALICIA,,1,Inch,17.65,20,27.06,15,35.29,20
1016,ALICIA,ALICIA,,1B,Inch,17.65,20,27.06,15,35.29,20
1016,ALICIA,ALICIA,,2,Inch,17.65,20,27.06,15,35.29,20
1016,ALICIA,ALICIA,,4,Inch,17.65,20,27.06,15,35.29,20
1016,ALICIA,ALICIA,,27,Inch,17.65,10,27.06,15,35.29,20
1016,ALICIA,ALICIA,,30,Inch,17.65,10,27.06,15,35.29,20
1016,ALICIA,ALICIA,,33,Inch,17.65,10,27.06,15,35.29,20
1016,ALICIA,ALICIA,,F1B_30,Inch,17.65,10,27.06,15,35.29,20
1016,ALICIA,ALICIA,,F4_27,Inch,17.65,10,27.06,15,35.29,20
1016,ALICIA,ALICIA,,F4_30,Inch,17.65,10,27.06,15,35.29,20
1020,MIYA,MIYA,,1,Inch,82,19,128.82,69.5,164,94
1020,MIYA,MIYA,,1B,Inch,82,19,128.82,69.5,164,94
1020,MIYA,MIYA,,2,Inch,82,20,128.82,69.5,164,94
1020,MIYA,MIYA,,4,Inch,82,20,128.82,69.5,164,94
1020,MIYA,MIYA,,27,Inch,82,10,128.82,69.5,164,94
1020,MIYA,MIYA,,30,Inch,82,10,128.82,69.5,0,94
1020,MIYA,MIYA,,33,Inch,82,10,128.82,69.5,0,94
1020,MIYA,MIYA,,F1B_30,Inch,82,10,128.82,69.5,0,94
1020,MIYA,MIYA,,F4_27,Inch,82,10,128.82,69.5,0,94
1020,MIYA,MIYA,,F4_30,Inch,82,10,128.82,69.5,0,94
1019,MARIE,MARIE,,1,Inch,21,20,32.94,18,42,24
1019,MARIE,MARIE,,1B,Inch,21,19,32.94,18,42,24
1019,MARIE,MARIE,,2,Inch,21,20,32.94,18,42,24
1019,MARIE,MARIE,,4,Inch,21,20,32.94,18,42,24
1019,MARIE,MARIE,,27,Inch,21,10,32.94,18,42,24
1019,MARIE,MARIE,,30,Inch,21,10,32.94,18,42,24
1019,MARIE,MARIE,,33,Inch,21,10,32.94,18,42,24
1019,MARIE,MARIE,,F1B_30,Inch,21,10,32.94,18,42,24
1019,MARIE,MARIE,,F4_27,Inch,21,10,32.94,18,42,24
1019,MARIE,MARIE,,F4_30,Inch,21,10,32.94,18,42,24
1015,AALAHNI,AALAHNI,,1,Inch,48.5,20,75.88,41,97,55
1015,AALAHNI,AALAHNI,,1B,Inch,48.5,20,75.88,41,97,55
1015,AALAHNI,AALAHNI,,2,Inch,48.5,20,75.88,41,97,55
1015,AALAHNI,AALAHNI,,4,Inch,48.5,20,75.88,41,97,55
1015,AALAHNI,AALAHNI,,27,Inch,48.5,10,75.88,41,97,55
1015,AALAHNI,AALAHNI,,30,Inch,48.5,10,75.88,41,97,55
1015,AALAHNI,AALAHNI,,33,Inch,48.5,10,75.88,41,97,55
1015,AALAHNI,AALAHNI,,F1B_30,Inch,48.5,10,75.88,41,97,55
1015,AALAHNI,AALAHNI,,F4_27,Inch,48.5,10,75.88,41,97,55
1015,AALAHNI,AALAHNI,,F4_30,Inch,48.5,10,75.88,41,97,55
1006,SHUNFA-ST,SHUNFA-ST,10,Natural,Inch,45,49,70.59,38,90,52
1006,SHUNFA-ST,SHUNFA-ST,12,Natural,Inch,52.5,49,81.76,44.5,105,60
1006,SHUNFA-ST,SHUNFA-ST,14,Natural,Inch,57.5,49,90.59,49,115,66
1006,SHUNFA-ST,SHUNFA-ST,16,Natural,Inch,65,49,101.76,55.5,130,74
1006,SHUNFA-ST,SHUNFA-ST,18,Natural,Inch,85,49,133.53,72.5,170,97
1006,SHUNFA-ST,SHUNFA-ST,20,Natural,Inch,89,49,139.41,75.5,178,101
1006,SHUNFA-ST,SHUNFA-ST,22,Natural,Inch,97,49,151.76,82.5,194,110
1006,SHUNFA-ST,SHUNFA-ST,24,Natural,Inch,111,49,173.53,94,222,126
1006,SHUNFA-ST,SHUNFA-ST,26,Natural,Inch,119.5,49,187.65,101.5,239,136
56,ANNA,ANNA,,1,Inch,14,102,27.06,11.5,46,20
56,ANNA,ANNA,,001B,Inch,14,126,27.06,11.5,46,20
56,ANNA,ANNA,,2,Inch,14,102,27.06,11.5,46,20
56,ANNA,ANNA,,4,Inch,14,102,27.06,11.5,46,20
56,ANNA,ANNA,,3T1B_30,Inch,17,50,34.12,14.5,58,25
56,ANNA,ANNA,,3T5004,Inch,17,50,34.12,14.5,58,25
56,ANNA,ANNA,,DX2216,Inch,14,50,27.06,14.5,46,20
56,ANNA,ANNA,,DX3147,Inch,14,52,27.06,14.5,46,20
56,ANNA,ANNA,,DX4733,Inch,14,50,27.06,14.5,46,20
56,ANNA,ANNA,,LX3316,Inch,14,51,27.06,14.5,46,20
56,ANNA,ANNA,,SOM7002,Inch,17,51,34.12,14.5,58,25
56,ANNA,ANNA,,SOM7003,Inch,17,52,34.12,14.5,58,25
56,ANNA,ANNA,,SOM7005,Inch,17,51,34.12,14.5,58,25
56,ANNA,ANNA,,SOM7008,Inch,17,51,34.12,14.5,58,25
56,ANNA,ANNA,,SOM7016,Inch,17,51,34.12,14.5,58,25
56,ANNA,ANNA,,TT_BURG,Inch,17,51,34.12,14.5,58,25
56,ANNA,ANNA,,TT1B_RED,Inch,17,52,34.12,14.5,58,25
56,ANNA,ANNA,,TT4_27,Inch,17,50,34.12,14.5,58,25
1014,SP-BRD-001,SP-BRD,,1,Inch,0.7,6269,1.18,0.6,2.35,1
1014,SP-BRD-001,SP-BRD,,001B,Inch,0.7,6250,1.18,0.6,2.35,1
1014,SP-BRD-001,SP-BRD,,2,Inch,0.7,6440,1.18,0.6,2.35,1
1014,SP-BRD-001,SP-BRD,,4,Inch,0.7,3540,1.18,0.6,2.35,1
1014,SP-BRD-001,SP-BRD,,27,Inch,0.7,1000,1.18,0.6,2.35,1
1014,SP-BRD-001,SP-BRD,,30,Inch,0.7,724,1.18,0.6,2.35,1
1014,SP-BRD-001,SP-BRD,,33,Inch,0.7,744,1.18,0.6,2.35,1
1014,SP-BRD-001,SP-BRD,,P1B_118,Inch,0.7,500,1.18,0.6,2.35,1
1014,SP-BRD-001,SP-BRD,,P1B_33,Inch,0.7,414,1.18,0.6,2.35,1
1014,SP-BRD-001,SP-BRD,,P4_30,Inch,0.7,500,1.18,0.6,2.35,1
1010,DEJA-SY ,DEJA-SY ,8,1,Inch,9.5,400,15.29,8.5,19,12
1010,DEJA-SY ,DEJA-SY ,8,1B,Inch,9.5,500,15.29,8.5,19,12
1010,DEJA-SY ,DEJA-SY ,8,2,Inch,9.5,300,15.29,8.5,19,12
1010,DEJA-SY ,DEJA-SY ,8,4,Inch,9.5,200,15.29,8.5,19,12
1010,DEJA-SY ,DEJA-SY ,8,27,Inch,10.5,200,16.47,9.5,21,12
1010,DEJA-SY ,DEJA-SY ,8,30,Inch,9.5,100,15.29,8.5,19,12
1010,DEJA-SY ,DEJA-SY ,8,33,Inch,9.5,100,15.29,8.5,19,12
1010,DEJA-SY ,DEJA-SY ,8,P1B_27,Inch,11.5,50,17.65,10.5,23,13
1010,DEJA-SY ,DEJA-SY ,8,P1B_30,Inch,11.5,50,17.65,10.5,23,13
1010,DEJA-SY ,DEJA-SY ,8,P4_27,Inch,11.5,50,17.65,10.5,23,13
1010,DEJA-SY ,DEJA-SY ,8,P4_30,Inch,11.5,50,17.65,10.5,23,13
1010,DEJA-SY ,DEJA-SY ,10,1,Inch,12.5,400,19.41,10.5,25,15
1010,DEJA-SY ,DEJA-SY ,10,1B,Inch,12.5,500,19.41,10.5,25,15
1010,DEJA-SY ,DEJA-SY ,10,2,Inch,12.5,300,19.41,10.5,25,15
1010,DEJA-SY ,DEJA-SY ,10,4,Inch,12.5,200,19.41,10.5,25,15
1010,DEJA-SY ,DEJA-SY ,10,27,Inch,13.5,200,20.59,11.5,27,15
1010,DEJA-SY ,DEJA-SY ,10,30,Inch,12.5,100,19.41,10.5,25,15
1010,DEJA-SY ,DEJA-SY ,10,33,Inch,12.5,100,19.41,10.5,25,15
1010,DEJA-SY ,DEJA-SY ,10,P1B_27,Inch,14.5,50,21.76,12.5,29,16
1010,DEJA-SY ,DEJA-SY ,10,P1B_30,Inch,14.5,50,21.76,12.5,29,16
1010,DEJA-SY ,DEJA-SY ,10,P4_27,Inch,14.5,50,21.76,12.5,29,16
1010,DEJA-SY ,DEJA-SY ,10,P4_30,Inch,14.5,50,21.76,12.5,29,16
1010,DEJA-SY ,DEJA-SY ,12,1,Inch,18.5,399,28.82,15.5,37,21
1010,DEJA-SY ,DEJA-SY ,12,1B,Inch,18.5,499,28.82,15.5,37,21
1010,DEJA-SY ,DEJA-SY ,12,2,Inch,18.5,299,28.82,15.5,37,21
1010,DEJA-SY ,DEJA-SY ,12,4,Inch,18.5,199,28.82,15.5,37,21
1010,DEJA-SY ,DEJA-SY ,12,27,Inch,19.5,199,30,16.5,39,22
1010,DEJA-SY ,DEJA-SY ,12,30,Inch,18.5,99,28.82,15.5,37,21
1010,DEJA-SY ,DEJA-SY ,12,33,Inch,18.5,99,28.82,15.5,37,21
1010,DEJA-SY ,DEJA-SY ,12,P1B_27,Inch,20.5,49,31.18,17.5,41,23
1010,DEJA-SY ,DEJA-SY ,12,P1B_30,Inch,20.5,49,31.18,17.5,41,23
1010,DEJA-SY ,DEJA-SY ,12,P4_27,Inch,20.5,49,31.18,17.5,41,23
1010,DEJA-SY ,DEJA-SY ,12,P4_30,Inch,20.5,49,31.18,17.5,41,23
1010,DEJA-SY ,DEJA-SY ,14,1,Inch,26.5,200,41.18,22.5,53,30
1010,DEJA-SY ,DEJA-SY ,14,1B,Inch,26.5,299,41.18,22.5,53,30
1010,DEJA-SY ,DEJA-SY ,14,2,Inch,26.5,200,41.18,22.5,53,30
1010,DEJA-SY ,DEJA-SY ,14,4,Inch,26.5,100,41.18,22.5,53,30
1010,DEJA-SY ,DEJA-SY ,14,27,Inch,27.5,100,42.35,23.5,55,31
1010,DEJA-SY ,DEJA-SY ,14,30,Inch,26.5,100,41.18,22.5,53,30
1010,DEJA-SY ,DEJA-SY ,14,33,Inch,26.5,100,41.18,22.5,53,30
1010,DEJA-SY ,DEJA-SY ,14,P1B_27,Inch,28.5,50,43.53,24.5,57,32
1010,DEJA-SY ,DEJA-SY ,14,P1B_30,Inch,28.5,50,43.53,24.5,57,32
1010,DEJA-SY ,DEJA-SY ,14,P4_27,Inch,28.5,50,43.53,24.5,57,32
1010,DEJA-SY ,DEJA-SY ,14,P4_30,Inch,28.5,50,43.53,24.5,57,32
1010,DEJA-SY ,DEJA-SY ,16,1,Inch,32.5,200,51.18,27.5,65,37
1010,DEJA-SY ,DEJA-SY ,16,1B,Inch,32.5,299,51.18,27.5,65,37
1010,DEJA-SY ,DEJA-SY ,16,2,Inch,32.5,200,51.18,27.5,65,37
1010,DEJA-SY ,DEJA-SY ,16,4,Inch,32.5,100,51.18,27.5,65,37
1010,DEJA-SY ,DEJA-SY ,16,27,Inch,33.5,100,52.35,28.5,67,38
1010,DEJA-SY ,DEJA-SY ,16,30,Inch,32.5,100,51.18,27.5,65,37
1010,DEJA-SY ,DEJA-SY ,16,33,Inch,32.5,100,51.18,27.5,65,37
1010,DEJA-SY ,DEJA-SY ,16,P1B_27,Inch,34.5,50,53.53,29.5,69,39
1010,DEJA-SY ,DEJA-SY ,16,P1B_30,Inch,34.5,50,53.53,29.5,69,39
1010,DEJA-SY ,DEJA-SY ,16,P4_27,Inch,34.5,50,53.53,29.5,69,39
1010,DEJA-SY ,DEJA-SY ,16,P4_30,Inch,34.5,50,53.53,29.5,69,39
1010,DEJA-SY ,DEJA-SY ,18,1,Inch,41,200,64.71,35,82,47
1010,DEJA-SY ,DEJA-SY ,18,1B,Inch,41,300,64.71,35,82,47
1010,DEJA-SY ,DEJA-SY ,18,2,Inch,41,100,64.71,35,82,47
1010,DEJA-SY ,DEJA-SY ,18,4,Inch,41,100,64.71,35,82,47
1010,DEJA-SY ,DEJA-SY ,18,27,Inch,42,100,65.88,36,84,48
1010,DEJA-SY ,DEJA-SY ,18,30,Inch,41,100,64.71,35,82,47
1010,DEJA-SY ,DEJA-SY ,18,33,Inch,41,100,64.71,35,82,47
1010,DEJA-SY ,DEJA-SY ,18,P1B_27,Inch,43,50,67.06,37,86,49
1010,DEJA-SY ,DEJA-SY ,18,P1B_30,Inch,43,50,67.06,37,86,49
1010,DEJA-SY ,DEJA-SY ,18,P4_27,Inch,43,50,67.06,37,86,49
1010,DEJA-SY ,DEJA-SY ,18,P4_30,Inch,43,50,67.06,37,86,49
1009,DEJA-SC,DEJA-SC,10,1,Inch,15,200,23.53,13,30,18
1009,DEJA-SC,DEJA-SC,10,1B,Inch,15,300,23.53,13,30,18
1009,DEJA-SC,DEJA-SC,10,2,Inch,15,100,23.53,13,30,18
1009,DEJA-SC,DEJA-SC,10,4,Inch,15,100,23.53,13,30,18
1009,DEJA-SC,DEJA-SC,10,27,Inch,16,100,24.71,14,32,18
1009,DEJA-SC,DEJA-SC,10,30,Inch,15,100,23.53,13,30,18
1009,DEJA-SC,DEJA-SC,10,33,Inch,15,100,23.53,13,30,18
1009,DEJA-SC,DEJA-SC,10,P1B_27,Inch,17,50,25.88,15,34,19
1009,DEJA-SC,DEJA-SC,10,P1B_30,Inch,17,50,25.88,15,34,19
1009,DEJA-SC,DEJA-SC,10,P4_27,Inch,17,50,25.88,15,34,19
1009,DEJA-SC,DEJA-SC,10,P4_30,Inch,17,50,25.88,15,34,19
1009,DEJA-SC,DEJA-SC,12,1,Inch,21,200,33.53,18,42,25
1009,DEJA-SC,DEJA-SC,12,1B,Inch,21,300,33.53,18,42,25
1009,DEJA-SC,DEJA-SC,12,2,Inch,21,100,33.53,18,42,25
1009,DEJA-SC,DEJA-SC,12,4,Inch,21,100,33.53,18,42,25
1009,DEJA-SC,DEJA-SC,12,27,Inch,22,100,34.71,19,44,26
1009,DEJA-SC,DEJA-SC,12,30,Inch,21,100,33.53,18,42,25
1009,DEJA-SC,DEJA-SC,12,33,Inch,21,100,33.53,18,42,25
1009,DEJA-SC,DEJA-SC,12,P1B_27,Inch,23,50,35.88,20,46,26
1009,DEJA-SC,DEJA-SC,12,P1B_30,Inch,23,50,35.88,20,46,26
1009,DEJA-SC,DEJA-SC,12,P4_27,Inch,23,50,35.88,20,46,26
1009,DEJA-SC,DEJA-SC,12,P4_30,Inch,23,50,35.88,20,46,26
1009,DEJA-SC,DEJA-SC,14,1,Inch,29,200,45.29,24.5,58,33
1009,DEJA-SC,DEJA-SC,14,1B,Inch,29,300,45.29,24.5,58,33
1009,DEJA-SC,DEJA-SC,14,2,Inch,29,100,45.29,24.5,58,33
1009,DEJA-SC,DEJA-SC,14,4,Inch,29,100,45.29,24.5,58,33
1009,DEJA-SC,DEJA-SC,14,27,Inch,30,100,46.47,25.5,60,34
1009,DEJA-SC,DEJA-SC,14,30,Inch,29,100,45.29,24.5,58,33
1009,DEJA-SC,DEJA-SC,14,33,Inch,29,100,45.29,24.5,58,33
1009,DEJA-SC,DEJA-SC,14,P1B_27,Inch,31,50,47.65,26.5,62,35
1009,DEJA-SC,DEJA-SC,14,P1B_30,Inch,31,50,47.65,26.5,62,35
1009,DEJA-SC,DEJA-SC,14,P4_27,Inch,31,50,47.65,26.5,62,35
1009,DEJA-SC,DEJA-SC,14,P4_30,Inch,31,50,47.65,26.5,62,35
1009,DEJA-SC,DEJA-SC,16,1,Inch,35.5,200,55.29,30,71,40
1009,DEJA-SC,DEJA-SC,16,1B,Inch,35.5,300,55.29,30,71,40
1009,DEJA-SC,DEJA-SC,16,2,Inch,35.5,100,55.29,30,71,40
1009,DEJA-SC,DEJA-SC,16,4,Inch,35.5,100,55.29,30,71,40
1009,DEJA-SC,DEJA-SC,16,27,Inch,36.5,100,56.47,31,73,41
1009,DEJA-SC,DEJA-SC,16,30,Inch,35.5,100,55.29,30,71,40
1009,DEJA-SC,DEJA-SC,16,33,Inch,35.5,100,55.29,30,71,40
1009,DEJA-SC,DEJA-SC,16,P1B_27,Inch,37.5,50,57.65,32,75,42
1009,DEJA-SC,DEJA-SC,16,P1B_30,Inch,37.5,50,57.65,32,75,42
1009,DEJA-SC,DEJA-SC,16,P4_27,Inch,37.5,50,57.65,32,75,42
1009,DEJA-SC,DEJA-SC,16,P4_30,Inch,37.5,50,57.65,32,75,42
1009,DEJA-SC,DEJA-SC,18,1,Inch,44,199,68.82,37.5,88,50
1009,DEJA-SC,DEJA-SC,18,1B,Inch,44,299,68.82,37.5,88,50
1009,DEJA-SC,DEJA-SC,18,2,Inch,44,99,68.82,37.5,88,50
1009,DEJA-SC,DEJA-SC,18,4,Inch,44,99,68.82,37.5,88,50
1009,DEJA-SC,DEJA-SC,18,27,Inch,45,99,70,38.5,90,51
1009,DEJA-SC,DEJA-SC,18,30,Inch,44,99,68.82,37.5,88,50
1009,DEJA-SC,DEJA-SC,18,33,Inch,44,99,68.82,37.5,88,50
1009,DEJA-SC,DEJA-SC,18,P1B_27,Inch,46,49,71.18,39.5,92,52
1009,DEJA-SC,DEJA-SC,18,P1B_30,Inch,46,49,71.18,39.5,92,52
1009,DEJA-SC,DEJA-SC,18,P4_27,Inch,46,49,71.18,39.5,92,52
1009,DEJA-SC,DEJA-SC,18,P4_30,Inch,46,49,71.18,39.5,92,52
1008,DEJA-DW,DEJA-DW,10,1,Inch,14.5,200,22.35,12.5,29,17
1008,DEJA-DW,DEJA-DW,10,1B,Inch,14.5,300,22.35,12.5,29,17
1008,DEJA-DW,DEJA-DW,10,2,Inch,14.5,100,22.35,12.5,29,17
1008,DEJA-DW,DEJA-DW,10,4,Inch,14.5,100,22.35,12.5,29,17
1008,DEJA-DW,DEJA-DW,10,27,Inch,15.5,100,23.53,13.5,31,18
1008,DEJA-DW,DEJA-DW,10,30,Inch,14.5,100,22.35,12.5,29,17
1008,DEJA-DW,DEJA-DW,10,33,Inch,14.5,100,22.35,12.5,29,17
1008,DEJA-DW,DEJA-DW,10,P1B_27,Inch,16.5,50,24.71,14.5,33,18
1008,DEJA-DW,DEJA-DW,10,P1B_30,Inch,16.5,50,24.71,14.5,33,18
1008,DEJA-DW,DEJA-DW,10,P4_27,Inch,16.5,50,24.71,14.5,33,18
1008,DEJA-DW,DEJA-DW,10,P4_30,Inch,16.5,50,24.71,14.5,33,18
1008,DEJA-DW,DEJA-DW,12,1,Inch,20.5,200,32.35,17.5,41,24
1008,DEJA-DW,DEJA-DW,12,1B,Inch,20.5,300,32.35,17.5,41,24
1008,DEJA-DW,DEJA-DW,12,2,Inch,20.5,100,32.35,17.5,41,24
1008,DEJA-DW,DEJA-DW,12,4,Inch,20.5,100,32.35,17.5,41,24
1008,DEJA-DW,DEJA-DW,12,27,Inch,21.5,100,33.53,18.5,43,25
1008,DEJA-DW,DEJA-DW,12,30,Inch,20.5,100,32.35,17.5,41,24
1008,DEJA-DW,DEJA-DW,12,33,Inch,20.5,100,32.35,17.5,41,24
1008,DEJA-DW,DEJA-DW,12,P1B_27,Inch,22.5,50,34.71,19.5,45,26
1008,DEJA-DW,DEJA-DW,12,P1B_30,Inch,22.5,50,34.71,19.5,45,26
1008,DEJA-DW,DEJA-DW,12,P4_27,Inch,22.5,50,34.71,19.5,45,26
1008,DEJA-DW,DEJA-DW,12,P4_30,Inch,22.5,50,34.71,19.5,45,26
1008,DEJA-DW,DEJA-DW,14,1,Inch,28.5,199,44.12,24,57,32
1008,DEJA-DW,DEJA-DW,14,1B,Inch,28.5,299,44.12,24,57,32
1008,DEJA-DW,DEJA-DW,14,2,Inch,28.5,99,44.12,24,57,32
1008,DEJA-DW,DEJA-DW,14,4,Inch,28.5,99,44.12,24,57,32
1008,DEJA-DW,DEJA-DW,14,27,Inch,29.5,99,45.66,25,59,33
1008,DEJA-DW,DEJA-DW,14,30,Inch,28.5,99,44.12,24,57,32
1008,DEJA-DW,DEJA-DW,14,33,Inch,28.5,99,44.12,24,57,32
1008,DEJA-DW,DEJA-DW,14,P1B_27,Inch,30.5,49,46.47,26,61,34
1008,DEJA-DW,DEJA-DW,14,P1B_30,Inch,30.5,49,46.47,26,61,34
1008,DEJA-DW,DEJA-DW,14,P4_27,Inch,30.5,49,46.47,26,61,34
1008,DEJA-DW,DEJA-DW,14,P4_30,Inch,30.5,49,46.47,26,61,34
1008,DEJA-DW,DEJA-DW,16,1,Inch,34.5,200,54.12,29.5,69,40
1008,DEJA-DW,DEJA-DW,16,1B,Inch,34.5,300,54.12,29.5,69,40
1008,DEJA-DW,DEJA-DW,16,2,Inch,34.5,100,54.12,29.5,69,40
1008,DEJA-DW,DEJA-DW,16,4,Inch,34.5,100,54.12,29.5,69,40
1008,DEJA-DW,DEJA-DW,16,27,Inch,35.5,100,55.29,30.5,71,40
1008,DEJA-DW,DEJA-DW,16,30,Inch,34.5,100,54.12,29.5,69,40
1008,DEJA-DW,DEJA-DW,16,33,Inch,34.5,100,54.12,29.5,69,40
1008,DEJA-DW,DEJA-DW,16,P1B_27,Inch,36.5,50,56.47,31.5,73,41
1008,DEJA-DW,DEJA-DW,16,P1B_30,Inch,36.5,50,56.47,31.5,73,41
1008,DEJA-DW,DEJA-DW,16,P4_27,Inch,36.5,50,56.47,31.5,73,41
1008,DEJA-DW,DEJA-DW,16,P4_30,Inch,36.5,50,56.47,31.5,73,41
1008,DEJA-DW,DEJA-DW,18,1,Inch,43,200,67.65,36.5,86,49
1008,DEJA-DW,DEJA-DW,18,1B,Inch,43,300,67.65,36.5,86,49
1008,DEJA-DW,DEJA-DW,18,2,Inch,43,100,67.65,36.5,86,49
1008,DEJA-DW,DEJA-DW,18,4,Inch,43,100,67.65,36.5,86,49
1008,DEJA-DW,DEJA-DW,18,27,Inch,44,100,68.82,37.5,88,50
1008,DEJA-DW,DEJA-DW,18,30,Inch,43,100,67.65,36.5,86,49
1008,DEJA-DW,DEJA-DW,18,33,Inch,43,100,67.65,36.5,86,49
1008,DEJA-DW,DEJA-DW,18,P1B_27,Inch,45,50,70,38.5,90,51
1008,DEJA-DW,DEJA-DW,18,P1B_30,Inch,45,50,70,38.5,90,51
1008,DEJA-DW,DEJA-DW,18,P4_27,Inch,45,50,70,38.5,90,51
1008,DEJA-DW,DEJA-DW,18,P4_30,Inch,45,50,70,38.5,90,51
1007,DEJA-BW,DEJA-BW,10,1,Inch,13,200,20.59,11,26,15
1007,DEJA-BW,DEJA-BW,10,1B,Inch,13,300,20.59,11,26,15
1007,DEJA-BW,DEJA-BW,10,2,Inch,13,100,20.59,11,26,15
1007,DEJA-BW,DEJA-BW,10,4,Inch,13,100,20.59,11,26,15
1007,DEJA-BW,DEJA-BW,10,27,Inch,14,100,21.76,12,28,16
1007,DEJA-BW,DEJA-BW,10,30,Inch,13,100,20.59,11,26,15
1007,DEJA-BW,DEJA-BW,10,33,Inch,13,100,20.59,11,26,15
1007,DEJA-BW,DEJA-BW,10,P1B_27,Inch,15,50,22.94,13,30,17
1007,DEJA-BW,DEJA-BW,10,P1B_30,Inch,15,50,22.94,13,30,17
1007,DEJA-BW,DEJA-BW,10,P4_27,Inch,15,50,22.94,13,30,17
1007,DEJA-BW,DEJA-BW,10,P4_30,Inch,15,50,22.94,13,30,17
1007,DEJA-BW,DEJA-BW,12,1,Inch,19,200,30,16.5,38,22
1007,DEJA-BW,DEJA-BW,12,1B,Inch,19,300,30,16.5,38,22
1007,DEJA-BW,DEJA-BW,12,2,Inch,19,100,30,16.5,38,22
1007,DEJA-BW,DEJA-BW,12,4,Inch,19,100,30,16.5,38,22
1007,DEJA-BW,DEJA-BW,12,27,Inch,20,100,31.18,17.5,40,23
1007,DEJA-BW,DEJA-BW,12,30,Inch,19,100,30,16.5,38,22
1007,DEJA-BW,DEJA-BW,12,33,Inch,19,100,30,16.5,38,22
1007,DEJA-BW,DEJA-BW,12,P1B_27,Inch,21,50,32.35,18.5,42,24
1007,DEJA-BW,DEJA-BW,12,P1B_30,Inch,21,50,32.35,18.5,42,24
1007,DEJA-BW,DEJA-BW,12,P4_27,Inch,21,50,32.35,18.5,42,24
1007,DEJA-BW,DEJA-BW,12,P4_30,Inch,21,50,32.35,18.5,42,24
1007,DEJA-BW,DEJA-BW,14,1,Inch,27,200,42.35,23,54,31
1007,DEJA-BW,DEJA-BW,14,1B,Inch,27,300,42.35,23,54,31
1007,DEJA-BW,DEJA-BW,14,2,Inch,27,100,42.35,23,54,31
1007,DEJA-BW,DEJA-BW,14,4,Inch,27,100,42.35,23,54,31
1007,DEJA-BW,DEJA-BW,14,27,Inch,28,100,43.53,24,56,32
1007,DEJA-BW,DEJA-BW,14,30,Inch,27,100,42.35,23,54,31
1007,DEJA-BW,DEJA-BW,14,33,Inch,27,100,42.35,23,54,31
1007,DEJA-BW,DEJA-BW,14,P1B_27,Inch,29,50,44.71,25,58,33
1007,DEJA-BW,DEJA-BW,14,P1B_30,Inch,29,50,44.71,25,58,33
1007,DEJA-BW,DEJA-BW,14,P4_27,Inch,29,50,44.71,25,58,33
1007,DEJA-BW,DEJA-BW,14,P4_30,Inch,29,50,44.71,25,58,33
1007,DEJA-BW,DEJA-BW,16,1,Inch,33.5,199,51.76,28.5,67,38
1007,DEJA-BW,DEJA-BW,16,1B,Inch,33.5,299,51.76,28.5,67,38
1007,DEJA-BW,DEJA-BW,16,2,Inch,33.5,99,51.76,28.5,67,38
1007,DEJA-BW,DEJA-BW,16,4,Inch,33.5,99,51.76,28.5,67,38
1007,DEJA-BW,DEJA-BW,16,27,Inch,34.5,99,52.94,29.5,69,39
1007,DEJA-BW,DEJA-BW,16,30,Inch,33.5,99,51.76,28.5,67,38
1007,DEJA-BW,DEJA-BW,16,33,Inch,33.5,99,51.76,28.5,67,38
1007,DEJA-BW,DEJA-BW,16,P1B_27,Inch,35.5,49,54.12,30.5,71,40
1007,DEJA-BW,DEJA-BW,16,P1B_30,Inch,35.5,49,54.12,30.5,71,40
1007,DEJA-BW,DEJA-BW,16,P4_27,Inch,35.5,49,54.12,30.5,71,40
1007,DEJA-BW,DEJA-BW,16,P4_30,Inch,35.5,49,54.12,30.5,71,40
1007,DEJA-BW,DEJA-BW,18,1,Inch,41.5,200,65.29,35.5,83,48
1007,DEJA-BW,DEJA-BW,18,1B,Inch,41.5,300,65.29,35.5,83,48
1007,DEJA-BW,DEJA-BW,18,2,Inch,41.5,100,65.29,35.5,83,48
1007,DEJA-BW,DEJA-BW,18,4,Inch,41.5,100,65.29,35.5,83,48
1007,DEJA-BW,DEJA-BW,18,27,Inch,42.5,100,66.47,36.5,85,49
1007,DEJA-BW,DEJA-BW,18,30,Inch,41.5,100,65.29,35.5,83,48
1007,DEJA-BW,DEJA-BW,18,33,Inch,41.5,100,65.29,35.5,83,48
1007,DEJA-BW,DEJA-BW,18,P1B_27,Inch,43.5,50,67.65,37.5,87,49
1007,DEJA-BW,DEJA-BW,18,P1B_30,Inch,43.5,50,67.65,37.5,87,49
1007,DEJA-BW,DEJA-BW,18,P4_27,Inch,43.5,50,67.65,37.5,87,49
1007,DEJA-BW,DEJA-BW,18,P4_30,Inch,43.5,50,67.65,37.5,87,49
60,EMILY ,EMILY,,1,Inch,12,91,27.06,11.5,46,20
60,EMILY ,EMILY,,001B,Inch,12,124,27.06,11.5,46,20
60,EMILY ,EMILY,,2,Inch,12,92,27.06,11.5,46,20
60,EMILY ,EMILY,,4,Inch,12,99,27.06,11.5,46,20
60,EMILY ,EMILY,,3T1B_30,Inch,15,31,34.12,14.5,58,25
60,EMILY ,EMILY,,3T5004,Inch,15,32,34.12,14.5,58,25
60,EMILY ,EMILY,,DX2216,Inch,12,31,27.06,14.5,46,20
60,EMILY ,EMILY,,DX3147,Inch,12,30,27.06,14.5,46,20
60,EMILY ,EMILY,,DX4733,Inch,12,31,27.06,14.5,46,20
60,EMILY ,EMILY,,LX3316,Inch,12,32,27.06,14.5,46,20
60,EMILY ,EMILY,,SOM7002,Inch,15,31,34.12,14.5,58,25
60,EMILY ,EMILY,,SOM7003,Inch,15,32,34.12,14.5,58,25
60,EMILY ,EMILY,,SOM7005,Inch,15,30,34.12,14.5,58,25
60,EMILY ,EMILY,,SOM7008,Inch,15,32,34.12,14.5,58,25
60,EMILY ,EMILY,,SOM7016,Inch,15,31,34.12,14.5,58,25
60,EMILY ,EMILY,,TT_BURG,Inch,15,27,34.12,14.5,58,25
60,EMILY ,EMILY,,TT1B_RED,Inch,15,33,34.12,14.5,58,25
60,EMILY ,EMILY,,TT4_27,Inch,15,32,34.12,14.5,58,25
48,IRIS,IRIS,,1,Inch,110,37,218.82,93,360,159
48,IRIS,IRIS,,F6_27,Inch,110,55,218.82,93,360,159
48,IRIS,IRIS,,1B,Inch,110,39,218.82,93,360,159
48,IRIS,IRIS,,2,Inch,110,21,218.82,93,360,159
48,IRIS,IRIS,,4,Inch,110,30,218.82,93,360,159
48,IRIS,IRIS,,6,Inch,110,22,218.82,93,360,159
48,IRIS,IRIS,,F10_16,Inch,110,24,218.82,93,360,159
48,IRIS,IRIS,,F14_24,Inch,110,20,218.82,93,360,159
48,IRIS,IRIS,,F1B_30,Inch,110,25,218.82,93,360,159
48,IRIS,IRIS,,F1B_BURG,Inch,110,22,218.82,93,360,159
48,IRIS,IRIS,,F27_613,Inch,110,22,218.82,93,360,159
48,IRIS,IRIS,,F4_27,Inch,110,19,218.82,93,360,159
48,IRIS,IRIS,,F4_30,Inch,110,24,218.82,93,360,159
50,MONICA,MONICA,,1,Inch,79,45,157.65,67,516,114
50,MONICA,MONICA,,1B,Inch,79,70,157.65,67,516,114
50,MONICA,MONICA,,2,Inch,79,45,157.65,67,516,114
50,MONICA,MONICA,,4,Inch,79,27,157.65,67,516,114
50,MONICA,MONICA,,6,Inch,79,28,157.65,67,516,114
50,MONICA,MONICA,,F10_16,Inch,79,21,157.65,67,516,114
50,MONICA,MONICA,,F14_24,Inch,79,23,157.65,67,516,114
50,MONICA,MONICA,,F1B_30,Inch,79,24,157.65,67,516,114
50,MONICA,MONICA,,F1B_BURG,Inch,79,24,157.65,67,516,114
50,MONICA,MONICA,,F27_613,Inch,79,23,157.65,67,516,114
50,MONICA,MONICA,,F4_27,Inch,79,23,157.65,67,516,114
50,MONICA,MONICA,,F4_30,Inch,79,23,157.65,67,516,114
50,MONICA,MONICA,,F6_27,Inch,79,22,157.65,67,516,114
2,FAC-BW, CHINESE VIRGIN SHUN FA BODY WAVE,10,NATURAL,Inch,18,221,34.12,14.5,56,25
2,FAC-BW, CHINESE VIRGIN SHUN FA BODY WAVE,12,NATURAL,Inch,24,412,47.06,20,78,35
2,FAC-BW, CHINESE VIRGIN SHUN FA BODY WAVE,14,NATURAL,Inch,35,210,68.24,29,114,50
2,FAC-BW, CHINESE VIRGIN SHUN FA BODY WAVE,16,NATURAL,Inch,43,628,85.88,36.5,142,63
2,FAC-BW, CHINESE VIRGIN SHUN FA BODY WAVE,18,NATURAL,Inch,53,314,104.71,44.5,172,76
2,FAC-BW, CHINESE VIRGIN SHUN FA BODY WAVE,20,NATURAL,Inch,62,312,122.35,52,202,89
58,JENNIFER,JENNIFER,,1,Inch,12,100,23.53,10,38,18
58,JENNIFER,JENNIFER,,001B,Inch,12,128,23.53,10,38,18
58,JENNIFER,JENNIFER,,2,Inch,12,102,23.53,10,38,18
58,JENNIFER,JENNIFER,,4,Inch,12,100,23.53,10,38,18
58,JENNIFER,JENNIFER,,3T1B_30,Inch,15,50,30.59,13,54,23
58,JENNIFER,JENNIFER,,3T5004,Inch,15,50,30.59,13,54,23
58,JENNIFER,JENNIFER,,DX2216,Inch,12,50,23.53,13,38,18
58,JENNIFER,JENNIFER,,DX3147,Inch,12,52,23.53,13,38,18
58,JENNIFER,JENNIFER,,DX4733,Inch,12,51,23.53,13,38,18
58,JENNIFER,JENNIFER,,LX3316,Inch,12,51,23.53,13,38,18
58,JENNIFER,JENNIFER,,SOM7002,Inch,15,50,30.59,13,54,23
58,JENNIFER,JENNIFER,,SOM7003,Inch,15,52,30.59,13,54,23
58,JENNIFER,JENNIFER,,SOM7005,Inch,15,50,30.59,13,54,23
58,JENNIFER,JENNIFER,,SOM7008,Inch,15,51,30.59,13,54,23
58,JENNIFER,JENNIFER,,SOM7016,Inch,15,52,30.59,13,54,23
58,JENNIFER,JENNIFER,,TT_BURG,Inch,15,50,30.59,13,54,23
58,JENNIFER,JENNIFER,,TT1B_RED,Inch,15,52,30.59,13,54,23
58,JENNIFER,JENNIFER,,TT4_27,Inch,15,51,30.59,13,54,23
63,FRANCES,FRANCES,,1,Inch,15,99,29.41,12.5,48,22
63,FRANCES,FRANCES,,001B,Inch,15,135,29.41,12.5,48,22
63,FRANCES,FRANCES,,2,Inch,15,100,29.41,12.5,48,22
63,FRANCES,FRANCES,,4,Inch,15,102,29.41,12.5,48,22
63,FRANCES,FRANCES,,3T1B_30,Inch,18,32,36.47,15.5,60,27
63,FRANCES,FRANCES,,3T5004,Inch,18,33,36.47,15.5,60,27
63,FRANCES,FRANCES,,DX2216,Inch,15,32,29.41,15.5,48,22
63,FRANCES,FRANCES,,DX3147,Inch,15,33,29.41,15.5,48,22
63,FRANCES,FRANCES,,DX4733,Inch,15,33,29.41,15.5,48,22
63,FRANCES,FRANCES,,LX3316,Inch,15,31,29.41,15.5,48,22
63,FRANCES,FRANCES,,SOM7002,Inch,18,34,36.47,15.5,60,27
63,FRANCES,FRANCES,,SOM7003,Inch,18,34,36.47,15.5,60,27
63,FRANCES,FRANCES,,SOM7005,Inch,18,33,36.47,15.5,60,27
63,FRANCES,FRANCES,,SOM7008,Inch,18,33,36.47,15.5,60,27
63,FRANCES,FRANCES,,SOM7016,Inch,18,29,36.47,15.5,60,27
63,FRANCES,FRANCES,,TT_BURG,Inch,18,34,36.47,15.5,60,27
63,FRANCES,FRANCES,,TT1B_RED,Inch,18,33,36.47,15.5,60,27
63,FRANCES,FRANCES,,TT4_27,Inch,18,32,36.47,15.5,60,27
59,JULIA,JULIA,,1,Inch,22,105,43.53,18.5,72,32
59,JULIA,JULIA,,001B,Inch,22,150,43.53,18.5,72,32
59,JULIA,JULIA,,2,Inch,22,108,43.53,18.5,72,32
59,JULIA,JULIA,,4,Inch,22,108,43.53,18.5,72,32
59,JULIA,JULIA,,3T1B_30,Inch,25,42,50.59,21.5,84,37
59,JULIA,JULIA,,3T4_613,Inch,25,44,50.59,21.5,84,37
59,JULIA,JULIA,,3T5004,Inch,22,41,43.53,21.5,84,32
59,JULIA,JULIA,,DX2216,Inch,25,40,50.59,21.5,72,37
59,JULIA,JULIA,,DX3147,Inch,25,43,50.59,21.5,72,37
59,JULIA,JULIA,,DX4733,Inch,25,44,50.59,21.5,72,37
59,JULIA,JULIA,,LX3316,Inch,25,42,50.59,21.5,72,37
59,JULIA,JULIA,,SOM7002,Inch,25,44,50.59,21.5,84,37
59,JULIA,JULIA,,SOM7003,Inch,25,41,50.59,21.5,84,37
59,JULIA,JULIA,,SOM7005,Inch,25,42,50.59,21.5,84,37
59,JULIA,JULIA,,SOM7008,Inch,25,42,50.59,21.5,84,37
59,JULIA,JULIA,,SOM7016,Inch,25,41,50.59,21.5,84,37
59,JULIA,JULIA,,TT_BURG,Inch,25,43,50.59,21.5,84,37
59,JULIA,JULIA,,TT1B_RED,Inch,25,44,50.59,21.5,84,37
59,JULIA,JULIA,,TT4_27,Inch,25,42,50.59,21.5,84,37
62,GLORIA,GLORIA,,1,Inch,14,91,27.06,11.5,44,20
62,GLORIA,GLORIA,,1B,Inch,14,124,27.06,11.5,44,20
62,GLORIA,GLORIA,,2,Inch,14,96,27.06,11.5,44,20
62,GLORIA,GLORIA,,3T1B_30,Inch,17,101,34.12,14.5,44,25
62,GLORIA,GLORIA,,3T5004,Inch,17,0,34.12,14.5,56,25
62,GLORIA,GLORIA,,4,Inch,14,32,27.06,11.5,56,20
62,GLORIA,GLORIA,,DX2216,Inch,14,30,27.06,14.5,44,20
62,GLORIA,GLORIA,,DX3147,Inch,14,31,27.06,14.5,44,20
62,GLORIA,GLORIA,,DX4733,Inch,14,31,27.06,14.5,44,20
62,GLORIA,GLORIA,,LX3316,Inch,14,31,27.06,14.5,44,20
62,GLORIA,GLORIA,,SOM7002,Inch,17,31,34.12,14.5,56,25
62,GLORIA,GLORIA,,SOM7003,Inch,17,33,34.12,14.5,56,25
62,GLORIA,GLORIA,,SOM7005,Inch,17,31,34.12,14.5,56,25
62,GLORIA,GLORIA,,SOM7008,Inch,17,28,34.12,14.5,56,25
62,GLORIA,GLORIA,,SOM7016,Inch,17,32,34.12,14.5,56,25
62,GLORIA,GLORIA,,TT_BURG,Inch,17,30,34.12,14.5,56,25
62,GLORIA,GLORIA,,TT1B_RED,Inch,17,33,34.12,14.5,56,25
62,GLORIA,GLORIA,,TT4_27,Inch,17,31,34.12,14.5,56,25
36,TFHB-001,TFHB-001,,1,Inch,65,39,128.24,54.5,279,93
36,TFHB-001,TFHB-001,,1B,Inch,65,74,128.24,54.5,279,93
36,TFHB-001,TFHB-001,,2,Inch,65,25,128.24,54.5,279,93
36,TFHB-001,TFHB-001,,4,Inch,65,19,128.24,54.5,279,93
36,TFHB-001,TFHB-001,,27,Inch,65,26,128.24,54.5,279,93
36,TFHB-001,TFHB-001,,30,Inch,65,28,128.24,54.5,279,93
36,TFHB-001,TFHB-001,,613,Inch,65,26,128.24,54.5,279,93
36,TFHB-001,TFHB-001,,M4_30,Inch,65,26,128.24,54.5,279,93
37,TFHB-002,TFHB-002 ,,1,Inch,28,41,55.29,23.5,120,40
37,TFHB-002,TFHB-002 ,,1B,Inch,28,31,55.29,23.5,120,40
37,TFHB-002,TFHB-002 ,,2,Inch,28,3,55.29,23.5,120,40
37,TFHB-002,TFHB-002 ,,4,Inch,28,9,55.29,23.5,120,40
37,TFHB-002,TFHB-002 ,,27,Inch,28,22,55.29,23.5,120,40
37,TFHB-002,TFHB-002 ,,30,Inch,28,20,55.29,23.5,120,40
37,TFHB-002,TFHB-002 ,,613,Inch,28,20,55.29,23.5,120,40
37,TFHB-002,TFHB-002 ,,M4_30,Inch,28,21,55.29,23.5,120,40
38,TFHB-003,TFHB-003,,1,Inch,30,44,58.82,25,129,43
38,TFHB-003,TFHB-003,,1B,Inch,30,39,58.82,25,129,43
38,TFHB-003,TFHB-003,,2,Inch,30,0,58.82,25,129,43
38,TFHB-003,TFHB-003,,4,Inch,30,19,58.82,25,129,43
38,TFHB-003,TFHB-003,,27,Inch,30,25,58.82,25,129,43
38,TFHB-003,TFHB-003,,30,Inch,30,25,58.82,25,129,43
38,TFHB-003,TFHB-003,,613,Inch,30,25,58.82,25,129,43
38,TFHB-003,TFHB-003,,M4_30,Inch,30,26,58.82,25,129,43
39,TFHB-004,TFHB-004,,1,Inch,118,85,234.12,99.5,510,170
39,TFHB-004,TFHB-004,,1B,Inch,118,85,234.12,99.5,510,170
39,TFHB-004,TFHB-004,,2,Inch,118,85,234.12,99.5,510,170
39,TFHB-004,TFHB-004,,4,Inch,118,85,234.12,99.5,510,170
39,TFHB-004,TFHB-004,,27,Inch,118,85,234.12,99.5,510,170
39,TFHB-004,TFHB-004,,30,Inch,118,85,234.12,99.5,510,170
39,TFHB-004,TFHB-004,,613,Inch,118,85,234.12,99.5,510,170
39,TFHB-004,TFHB-004,,M4_30,Inch,118,85,234.12,99.5,510,170
40,TFH-001,TFH-001,,1,Inch,33,72,65.88,28,144,48
40,TFH-001,TFH-001,,1B,Inch,33,8,65.88,28,144,48
40,TFH-001,TFH-001,,2,Inch,33,1,65.88,28,144,48
40,TFH-001,TFH-001,,4,Inch,33,11,65.88,28,144,48
40,TFH-001,TFH-001,,27,Inch,33,21,65.88,28,144,48
40,TFH-001,TFH-001,,30,Inch,33,26,65.88,28,144,48
40,TFH-001,TFH-001,,613,Inch,33,20,65.88,28,144,48
40,TFH-001,TFH-001,,M4_30,Inch,33,21,65.88,28,144,48
41,TFH-002,TFH-002 ,,1,Inch,65,45,129.41,55,282,94
41,TFH-002,TFH-002 ,,1B,Inch,65,94,129.41,55,282,94
41,TFH-002,TFH-002 ,,2,Inch,65,42,129.41,55,282,94
41,TFH-002,TFH-002 ,,4,Inch,65,24,129.41,55,282,94
41,TFH-002,TFH-002 ,,27,Inch,65,27,129.41,55,282,94
41,TFH-002,TFH-002 ,,30,Inch,65,28,129.41,55,282,94
41,TFH-002,TFH-002 ,,613,Inch,65,25,129.41,55,282,94
41,TFH-002,TFH-002 ,,M4_30,Inch,65,24,129.41,55,282,94
42,TFH-003,TFH-003,,1,Inch,56,48,110.59,47,243,80
42,TFH-003,TFH-003,,1B,Inch,56,99,110.59,47,243,80
42,TFH-003,TFH-003,,2,Inch,56,49,110.59,47,243,80
42,TFH-003,TFH-003,,4,Inch,56,28,110.59,47,243,80
42,TFH-003,TFH-003,,27,Inch,56,26,110.59,47,243,80
42,TFH-003,TFH-003,,30,Inch,56,30,110.59,47,243,80
42,TFH-003,TFH-003,,613,Inch,56,28,110.59,47,243,80
42,TFH-003,TFH-003,,M4_30,Inch,56,30,110.59,47,243,80
43,TFH-004,TFH-004,,1,Inch,35,44,69.41,29.5,150,51
43,TFH-004,TFH-004,,1B,Inch,35,83,69.41,29.5,150,51
43,TFH-004,TFH-004,,2,Inch,35,33,69.41,29.5,150,51
43,TFH-004,TFH-004,,4,Inch,35,21,69.41,29.5,150,51
43,TFH-004,TFH-004,,27,Inch,35,22,69.41,29.5,150,51
43,TFH-004,TFH-004,,30,Inch,35,24,69.41,29.5,150,51
43,TFH-004,TFH-004,,613,Inch,35,18,69.41,29.5,150,51
43,TFH-004,TFH-004,,M4_30,Inch,35,24,69.41,29.5,150,51
61,AMANDA ,AMANDA,,1,Inch,21,106,41.18,17.5,68,30
61,AMANDA ,AMANDA,,1B,Inch,21,149,41.18,17.5,68,30
61,AMANDA ,AMANDA,,2,Inch,21,108,41.18,17.5,68,30
61,AMANDA ,AMANDA,,3T1B_30,Inch,24,108,48.24,20.5,68,35
61,AMANDA ,AMANDA,,3T5004,Inch,24,108,48.24,20.5,80,35
61,AMANDA ,AMANDA,,4,Inch,21,43,41.18,17.5,80,30
61,AMANDA ,AMANDA,,DX2216,Inch,21,43,41.18,17.5,68,30
61,AMANDA ,AMANDA,,DX3147,Inch,21,42,41.18,17.5,68,30
61,AMANDA ,AMANDA,,DX4733,Inch,21,41,41.18,17.5,68,30
61,AMANDA ,AMANDA,,LX3316,Inch,21,43,41.18,17.5,68,30
61,AMANDA ,AMANDA,,SOM7002,Inch,24,44,48.24,20.5,80,35
61,AMANDA ,AMANDA,,SOM7003,Inch,24,43,48.24,20.5,80,35
61,AMANDA ,AMANDA,,SOM7005,Inch,24,44,48.24,20.5,80,35
61,AMANDA ,AMANDA,,SOM7008,Inch,24,43,48.24,20.5,80,35
61,AMANDA ,AMANDA,,SOM7016,Inch,24,43,48.24,20.5,80,35
61,AMANDA ,AMANDA,,TT_BURG,Inch,24,43,48.24,20.5,80,35
61,AMANDA ,AMANDA,,TT1B_RED,Inch,24,43,48.24,20.5,80,35
61,AMANDA ,AMANDA,,TT4_27,Inch,24,42,48.24,20.5,80,35
83,HILDA,HILDA,,1,Inch,16,94,30.59,13,52,23
83,HILDA,HILDA,,1B,Inch,16,149,30.59,13,52,23
83,HILDA,HILDA,,2,Inch,16,99,30.59,13,52,23
83,HILDA,HILDA,,4,Inch,16,74,30.59,13,52,23
83,HILDA,HILDA,,F1B_30,Inch,16,50,30.59,13,52,23
83,HILDA,HILDA,,F1B_BURG,Inch,16,49,30.59,13,52,23
83,HILDA,HILDA,,F4_30,Inch,16,49,30.59,13,52,23
83,HILDA,HILDA,,T4_30_27,Inch,16,48,30.59,13,52,23
84,PAIGE,PAIGE,,1,Inch,12,95,23.53,10,38,18
84,PAIGE,PAIGE,,1B,Inch,12,148,23.53,10,38,18
84,PAIGE,PAIGE,,2,Inch,12,98,23.53,10,38,18
84,PAIGE,PAIGE,,4,Inch,12,74,23.53,10,38,18
84,PAIGE,PAIGE,,F1B_30,Inch,12,50,23.53,10,38,18
84,PAIGE,PAIGE,,F1B_BURG,Inch,12,48,23.53,10,38,18
84,PAIGE,PAIGE,,F4_30,Inch,12,49,23.53,10,38,18
84,PAIGE,PAIGE,,T4_30_27,Inch,12,50,23.53,10,38,18
81,ALYSSA,ALYSSA,,1,Inch,13,149,24.71,10.5,40,18
81,ALYSSA,ALYSSA,,1B,Inch,13,149,24.71,10.5,40,18
81,ALYSSA,ALYSSA,,2,Inch,13,97,24.71,10.5,40,18
81,ALYSSA,ALYSSA,,4,Inch,13,74,24.71,10.5,40,18
81,ALYSSA,ALYSSA,,F1B_30,Inch,13,48,24.71,10.5,40,18
81,ALYSSA,ALYSSA,,F1B_BURG,Inch,13,48,24.71,10.5,40,18
81,ALYSSA,ALYSSA,,F4_30,Inch,13,49,24.71,10.5,40,18
81,ALYSSA,ALYSSA,,T4_30_27,Inch,13,49,24.71,10.5,40,18
82,AMBER,AMBER,,1,Inch,14,95,27.06,11.5,44,20
82,AMBER,AMBER,,1B,Inch,14,148,27.06,11.5,44,20
82,AMBER,AMBER,,2,Inch,14,98,27.06,11.5,44,20
82,AMBER,AMBER,,4,Inch,14,74,27.06,11.5,44,20
82,AMBER,AMBER,,F1B_30,Inch,14,50,27.06,11.5,44,20
82,AMBER,AMBER,,F1B_BURG,Inch,14,49,27.06,11.5,44,20
82,AMBER,AMBER,,F4_30,Inch,14,49,27.06,11.5,44,20
82,AMBER,AMBER,,T4_30_27,Inch,14,47,27.06,11.5,44,20
85,SB001,SB001,,1,,9,499,17.65,7.2,28,13
85,SB001,SB001,,1B,,9,499,17.65,7.2,28,13
85,SB001,SB001,,2,,9,299,17.65,7.2,28,13
85,SB001,SB001,,27,,9,199,17.65,7.2,28,13
85,SB001,SB001,,30,,9,196,17.65,7.2,28,13
85,SB001,SB001,,4,,9,199,17.65,7.2,28,13
85,SB001,SB001,,F1B_30,,9,199,17.65,7.2,28,13
85,SB001,SB001,,F4_30,,9,199,17.65,7.2,28,13
86,SB002,SB002,,1,,12,498,23.53,9.8,38,18
86,SB002,SB002,,1B,,12,498,23.53,9.8,38,18
86,SB002,SB002,,2,,12,300,23.53,9.8,38,18
86,SB002,SB002,,27,,12,199,23.53,9.8,38,18
86,SB002,SB002,,30,,12,200,23.53,9.8,38,18
86,SB002,SB002,,4,,12,200,23.53,9.8,38,18
86,SB002,SB002,,F1B_30,,12,200,23.53,9.8,38,18
86,SB002,SB002,,F4_30,,12,200,23.53,9.8,38,18
87,SC001,SC001,,1,,12,499,22.35,9.2,36,17
87,SC001,SC001,,1B,,12,499,22.35,9.2,36,17
87,SC001,SC001,,2,,12,300,22.35,9.2,36,17
87,SC001,SC001,,27,,12,200,22.35,9.2,36,17
87,SC001,SC001,,30,,12,200,22.35,9.2,36,17
87,SC001,SC001,,4,,12,199,22.35,9.2,36,17
87,SC001,SC001,,F1B_30,,12,199,22.35,9.2,36,17
87,SC001,SC001,,F4_30,,12,199,22.35,9.2,36,17
92,SHE-SY,SILKY YAKY,8,1,Inch,9,467,17.65,7.5,28,13
92,SHE-SY,SILKY YAKY,8,1B,Inch,9,467,17.65,7.5,28,13
92,SHE-SY,SILKY YAKY,8,2,Inch,9,384,17.65,7.5,28,13
92,SHE-SY,SILKY YAKY,8,4,Inch,9,388,17.65,7.5,28,13
92,SHE-SY,SILKY YAKY,8,27,Inch,9,200,20,8.5,32,15
92,SHE-SY,SILKY YAKY,8,30,Inch,9,200,17.65,7.5,28,13
92,SHE-SY,SILKY YAKY,8,33,Inch,0,200,17.65,7.5,28,13
92,SHE-SY,SILKY YAKY,8,P1B_27,Inch,11,200,22.35,9.5,36,17
92,SHE-SY,SILKY YAKY,8,P1B_30,Inch,11,200,22.35,9.5,36,17
92,SHE-SY,SILKY YAKY,8,P4_30,Inch,11,200,22.35,9.5,36,17
92,SHE-SY,SILKY YAKY,10,1,Inch,12,200,22.35,9.5,36,17
92,SHE-SY,SILKY YAKY,10,1B,Inch,12,200,22.35,9.5,36,17
92,SHE-SY,SILKY YAKY,10,2,Inch,12,200,22.35,9.5,36,17
92,SHE-SY,SILKY YAKY,10,4,Inch,12,200,22.35,9.5,36,17
92,SHE-SY,SILKY YAKY,10,27,Inch,12,200,22.35,9.5,40,17
92,SHE-SY,SILKY YAKY,10,30,Inch,12,200,22.35,9.5,36,17
92,SHE-SY,SILKY YAKY,10,33,Inch,13,200,24.71,10.2,36,18
92,SHE-SY,SILKY YAKY,10,P1B_27,Inch,14,200,27.06,11.2,44,20
92,SHE-SY,SILKY YAKY,10,P1B_30,Inch,14,200,27.06,11.2,44,20
92,SHE-SY,SILKY YAKY,10,P4_30,Inch,14,200,27.06,11.2,44,20
92,SHE-SY,SILKY YAKY,12,1,Inch,17,200,32.94,13.7,54,24
92,SHE-SY,SILKY YAKY,12,1B,Inch,17,200,32.94,13.7,54,24
92,SHE-SY,SILKY YAKY,12,2,Inch,17,200,32.94,13.7,54,24
92,SHE-SY,SILKY YAKY,12,4,Inch,17,200,32.94,13.7,54,24
92,SHE-SY,SILKY YAKY,12,27,Inch,17,200,32.94,14.7,58,24
92,SHE-SY,SILKY YAKY,12,30,Inch,17,200,32.94,13.7,54,24
92,SHE-SY,SILKY YAKY,12,33,Inch,18,200,35.29,13.7,54,26
92,SHE-SY,SILKY YAKY,12,P1B_27,Inch,19,200,37.65,15.7,62,28
92,SHE-SY,SILKY YAKY,12,P1B_30,Inch,19,200,37.65,15.7,62,28
92,SHE-SY,SILKY YAKY,12,P4_30,Inch,19,200,37.65,15.7,62,28
92,SHE-SY,SILKY YAKY,14,1,Inch,23,200,45.88,19.6,76,34
92,SHE-SY,SILKY YAKY,14,1B,Inch,23,200,45.88,19.6,76,34
92,SHE-SY,SILKY YAKY,14,2,Inch,23,200,45.88,19.6,76,34
92,SHE-SY,SILKY YAKY,14,4,Inch,23,200,45.88,19.6,76,34
92,SHE-SY,SILKY YAKY,14,27,Inch,23,200,45.88,20.6,80,34
92,SHE-SY,SILKY YAKY,14,30,Inch,23,200,45.88,19.6,76,34
92,SHE-SY,SILKY YAKY,14,33,Inch,24,200,48.24,19.6,76,35
92,SHE-SY,SILKY YAKY,14,P1B_27,Inch,25,200,50.59,21.6,84,37
92,SHE-SY,SILKY YAKY,14,P1B_30,Inch,25,200,50.59,21.6,84,37
92,SHE-SY,SILKY YAKY,14,P4_30,Inch,25,200,50.59,21.6,84,37
92,SHE-SY,SILKY YAKY,16,1,Inch,29,200,57.65,24.3,94,42
92,SHE-SY,SILKY YAKY,16,1B,Inch,29,200,57.65,24.3,94,42
92,SHE-SY,SILKY YAKY,16,2,Inch,29,200,57.65,24.3,94,42
92,SHE-SY,SILKY YAKY,16,4,Inch,29,200,57.65,24.3,94,42
92,SHE-SY,SILKY YAKY,16,27,Inch,29,200,57.65,25.3,98,42
92,SHE-SY,SILKY YAKY,16,30,Inch,29,200,57.65,24.3,94,42
92,SHE-SY,SILKY YAKY,16,33,Inch,29,200,60,24.3,94,44
92,SHE-SY,SILKY YAKY,16,P1B_27,Inch,31,200,62.35,26.3,102,46
92,SHE-SY,SILKY YAKY,16,P1B_30,Inch,31,200,62.35,26.3,102,46
92,SHE-SY,SILKY YAKY,16,P4_30,Inch,31,200,62.35,26.3,102,46
1054,AFRO-BRD,AFRO-BRD,,001B,Inch,4.4,500,6.82,3.7,13.64,5
1054,AFRO-BRD,AFRO-BRD,,2,Inch,4.4,300,6.82,3.7,13.64,5
1054,AFRO-BRD,AFRO-BRD,,4,Inch,4.4,200,6.82,3.7,13.64,5
1054,AFRO-BRD,AFRO-BRD,,27,Inch,4.4,100,6.82,3.7,13.64,5
1054,AFRO-BRD,AFRO-BRD,,30,Inch,4.4,100,6.82,3.7,13.64,5
1054,AFRO-BRD,AFRO-BRD,,33,Inch,4.4,100,6.82,3.7,13.64,5
1054,AFRO-BRD,AFRO-BRD,,P1B_118,Inch,4.4,200,6.82,3.7,13.64,5
1054,AFRO-BRD,AFRO-BRD,,P1B_33,Inch,4.4,200,6.82,3.7,13.64,5
1054,AFRO-BRD,AFRO-BRD,,P4_30,Inch,4.4,200,6.82,3.7,13.64,5
1055,KK-BRD,KK-BRD,,1,Inch,1.4,7000,2.24,1.2,4.47,2
1055,KK-BRD,KK-BRD,,001B,Inch,1.4,7000,2.24,1.2,4.47,2
1055,KK-BRD,KK-BRD,,2,Inch,1.4,7000,2.24,1.2,4.47,2
1055,KK-BRD,KK-BRD,,4,Inch,1.4,4000,2.24,1.2,4.47,2
1055,KK-BRD,KK-BRD,,27,Inch,1.4,1000,2.24,1.2,4.47,2
1055,KK-BRD,KK-BRD,,30,Inch,1.4,1000,2.24,1.2,4.47,2
1055,KK-BRD,KK-BRD,,33,Inch,1.4,1000,2.24,1.2,4.47,2
1055,KK-BRD,KK-BRD,,P1B_118,Inch,1.4,500,2.24,1.2,4.47,2
1055,KK-BRD,KK-BRD,,P1B_33,Inch,1.4,500,2.24,1.2,4.47,2
1055,KK-BRD,KK-BRD,,P4_30,Inch,1.4,500,2.24,1.2,4.47,2